rank	char	score_token	score_uniform	uniq_words	cum_pct	hsk_char_level
1	我	5542532	5542531	3293	6.9394	HSK1
2	的	4550568	4550568	282	12.6368	HSK1
3	你	4179785	4179785	703	17.8699	HSK1
4	是	3003486	2969485	2189	21.6303	HSK1
5	了	2516367	2516366	551	24.7809	HSK1
6	不	2037632	2035244	6900	27.3320	HSK1
7	们	1797780	1797780	480	29.5829	HSK1
8	这	1622717	1622717	2643	31.6146	HSK1
9	他	1504916	1504916	1081	33.4987	HSK1
10	在	1419713	1419711	1292	35.2763	HSK1
11	么	1391108	1391108	146	37.0179	HSK1
12	有	1270099	1250103	4236	38.6081	HSK1
13	一	1128203	1127959	5985	40.0207	HSK1
14	个	980023	979965	2376	41.2477	HSK1
15	要	941224	941224	2739	42.4261	HSK1
16	好	890331	870042	2340	43.5408	HSK1
17	什	866244	866244	501	44.6254	HSK1
18	吗	844626	844626	32	45.6829	HSK1
19	就	803278	803278	603	46.6886	HSK1
20	来	802405	802344	5608	47.6932	HSK1
21	那	772215	772215	2507	48.6600	HSK1
22	会	718267	718266	6178	49.5593	HSK1
23	没	704891	704863	1914	50.4418	HSK1
24	说	611359	611288	1958	51.2073	HSK1
25	人	601233	600525	6763	51.9600	HSK1
26	到	578901	578893	2393	52.6848	HSK1
27	吧	577891	577891	122	53.4084	HSK1
28	去	563953	563939	2666	54.1144	HSK1
29	为	522945	522921	1824	54.7692	HSK2
30	她	518056	518056	63	55.4178	HSK1
31	想	508956	502878	1947	56.0550	HSK1
32	道	503787	503787	1276	56.6858	HSK1
33	知	491933	491253	610	57.3017	HSK1
34	能	481295	481295	2018	57.9043	HSK1
35	很	481158	481127	621	58.5067	HSK1
36	都	478081	478081	513	59.1053	HSK1
37	看	473477	403266	1368	59.6981	HSK1
38	还	468356	468356	613	60.2844	HSK1
39	可	450765	450445	2269	60.8488	HSK2
40	以	429259	429259	1401	61.3863	HSK2
41	里	428025	428025	2845	61.9221	HSK1
42	也	421199	421199	90	62.4495	HSK1
43	对	411955	411955	1733	62.9653	HSK1
44	样	393100	393097	442	63.4574	HSK1
45	啊	366398	366390	9	63.9162	HSK2
46	得	349827	349827	3044	64.3542	HSK1
47	怎	326693	326693	270	64.7632	HSK1
48	过	323571	323571	3167	65.1683	HSK1
49	事	322223	322204	1623	65.5717	HSK1
50	和	321094	321094	1943	65.9738	HSK1
51	上	316906	316904	3189	66.3705	HSK1
52	把	311090	311090	335	66.7600	HSK3
53	给	309726	309726	847	67.1478	HSK1
54	做	291324	291311	773	67.5125	HSK1
55	让	290444	290444	259	67.8762	HSK2
56	现	285013	285013	498	68.2330	HSK1
57	真	278453	278451	1837	68.5817	HSK1
58	但	276882	276882	786	68.9283	HSK2
59	谢	270741	141699	522	69.2673	HSK1
60	只	270416	270416	786	69.6059	HSK2
61	时	257400	257378	2198	69.9281	HSK1
62	生	256068	256028	2405	70.2487	HSK1
63	起	241439	241439	1466	70.5510	HSK1
64	走	221823	221457	709	70.8287	HSK1
65	下	221302	221293	2697	71.1058	HSK1
66	如	215105	215105	1069	71.3751	HSK2
67	呢	214928	214928	27	71.6442	HSK1
68	些	213931	213931	804	71.9121	HSK1
69	点	213610	212384	2366	72.1795	HSK1
70	开	212474	212468	1965	72.4455	HSK1
71	跟	207409	207409	852	72.7052	HSK1
72	天	199061	198675	2020	72.9544	HSK1
73	后	197600	197600	1438	73.2018	HSK1
74	快	197575	197472	1175	73.4492	HSK1
75	别	187024	187018	1793	73.6834	HSK1
76	它	185041	185041	350	73.9150	HSK2
77	着	184288	184288	926	74.1458	HSK1
78	再	184201	184201	884	74.3764	HSK1
79	多	182024	181937	3875	74.6043	HSK1
80	果	179974	179974	529	74.8296	HSK1
81	回	178333	178332	1531	75.0529	HSK1
82	该	176875	176860	623	75.2744	HSK2
83	所	170889	170814	1072	75.4883	HSK2
84	然	169856	169852	520	75.7010	HSK2
85	被	167860	167860	369	75.9111	HSK3
86	自	167170	167139	1203	76.1204	HSK2
87	找	167087	167068	1164	76.3296	HSK1
88	听	165221	163738	577	76.5365	HSK1
89	子	164870	164870	3252	76.7429	HSK1
90	等	163651	133666	356	76.9478	HSK1
91	谁	161858	161858	75	77.1505	HSK1
92	家	157394	157392	2845	77.3475	HSK1
93	先	154745	154745	1368	77.5413	HSK1
94	已	154369	154369	603	77.7345	HSK2
95	当	153103	153102	1739	77.9262	HSK2
96	告	152059	152059	430	78.1166	HSK1
97	经	151988	151988	725	78.3069	HSK2
98	话	150898	150895	622	78.4958	HSK1
99	妈	150047	101695	517	78.6837	HSK1
100	大	146337	146282	5060	78.8669	HSK1
101	像	145708	145700	682	79.0493	HSK2
102	诉	144150	144150	147	79.2298	HSK1
103	己	143966	143966	290	79.4101	HSK2
104	出	142829	142826	2663	79.5889	HSK1
105	因	141872	141872	647	79.7665	HSK2
106	见	137976	137389	991	79.9393	HSK1
107	定	136420	136420	861	80.1101	HSK2
108	觉	136411	136411	227	80.2808	HSK1
109	哪	135501	135501	416	80.4505	HSK1
110	最	135435	135429	603	80.6201	HSK1
111	用	131062	131061	2013	80.7842	HSK1
112	死	129018	129016	1766	80.9457	HSK3
113	问	126250	124784	855	81.1038	HSK1
114	欢	124759	124759	237	81.2600	HSK1
115	从	123248	123248	1213	81.4143	HSK1
116	小	121436	121008	4192	81.5663	HSK1
117	意	117662	117662	783	81.7136	HSK2
118	叫	117074	117074	1666	81.8602	HSK1
119	喜	116655	116626	365	82.0063	HSK1
120	儿	111008	111008	1606	82.1452	HSK1
121	而	110121	110121	1376	82.2831	HSK2
122	请	109296	109296	755	82.4199	HSK1
123	西	106982	106973	2278	82.5539	HSK1
124	地	106769	106769	2372	82.6876	HSK1
125	才	105393	105393	848	82.8195	HSK2
126	东	105249	105238	1084	82.9513	HSK1
127	孩	104456	104456	120	83.0821	HSK1
128	又	104425	104425	117	83.2128	HSK2
129	打	103669	103665	1399	83.3426	HSK1
130	应	103628	103627	580	83.4724	HSK2
131	候	103557	103557	218	83.6020	HSK1
132	发	103521	103521	1624	83.7316	HSK2
133	需	103510	103508	220	83.8612	HSK3
134	前	102749	102749	1357	83.9899	HSK1
135	明	101978	101382	1238	84.1175	HSK1
136	爱	99330	99327	2133	84.2419	HSK1
137	帮	96149	95118	983	84.3623	HSK1
138	爸	94512	51925	278	84.4806	HSK1
139	心	94121	94117	1891	84.5985	HSK2
140	太	93482	87248	2746	84.7155	HSK1
141	干	93152	93147	1142	84.8321	HSK1
142	错	91914	91893	620	84.9472	HSK1
143	今	88355	88355	235	85.0578	HSK1
144	间	88063	88063	748	85.1681	HSK1
145	认	87485	87485	305	85.2776	HSK1
146	女	87266	87266	1101	85.3869	HSK1
147	方	86187	86187	947	85.4948	HSK1
148	次	81492	81489	578	85.5968	HSK1
149	行	80969	80723	1772	85.6982	HSK1
150	题	79660	79660	230	85.7979	HSK2
151	情	79655	79655	897	85.8977	HSK2
152	拿	78758	78758	972	85.9963	HSK1
153	吃	77922	77922	609	86.0938	HSK1
154	作	77474	77474	1234	86.1908	HSK1
155	中	76116	76116	2360	86.2861	HSK1
156	直	75931	75930	604	86.3812	HSK2
157	哦	75703	75703	7	86.4760	HSK7-9
158	始	75022	75022	136	86.5699	HSK3
159	面	73814	73781	1191	86.6623	HSK1
160	之	72600	72600	3000	86.7532	HSK4
161	信	70382	70304	966	86.8413	HSK2
162	何	70320	70316	625	86.9294	HSK3
163	友	68349	68349	425	87.0149	HSK1
164	种	68316	68298	633	87.1005	HSK3
165	离	68253	68253	796	87.1859	HSK2
166	正	67625	67622	1310	87.2706	HSK1
167	带	67403	67403	1519	87.3550	HSK2
168	朋	66979	66979	162	87.4388	HSK1
169	望	64755	64755	328	87.5199	HSK3
170	相	64124	64122	905	87.6002	HSK2
171	工	62877	62877	961	87.6789	HSK1
172	将	62817	62817	503	87.7576	HSK3
173	进	62620	62617	1549	87.8360	HSK1
174	成	61982	61982	2060	87.9136	HSK2
175	白	60779	60748	1484	87.9897	HSK1
176	更	60706	60706	475	88.0657	HSK2
177	希	60514	60514	984	88.1414	HSK3
178	感	59687	59687	525	88.2162	HSK2
179	晚	59099	59099	386	88.2902	HSK1
180	钱	58651	58651	749	88.3636	HSK1
181	亲	58600	58563	536	88.4370	HSK3
182	许	57786	57785	415	88.5093	HSK2
183	法	57508	57508	1706	88.5813	HSK2
184	杀	57282	57281	708	88.6530	HSK5
185	准	57271	57271	459	88.7247	HSK1
186	常	55811	55275	1090	88.7946	HSK1
187	思	55320	55320	917	88.8639	HSK2
188	放	55117	55117	1398	88.9329	HSK1
189	必	54823	54823	409	89.0015	HSK2
190	比	54680	54678	2332	89.0700	HSK1
191	备	53377	53377	340	89.1368	HSK1
192	年	52892	52889	1187	89.2030	HSK1
193	记	52782	52782	618	89.2691	HSK1
194	关	52769	52769	925	89.3352	HSK1
195	全	52151	52129	1429	89.4005	HSK2
196	电	51046	51046	1059	89.4644	HSK1
197	住	50464	50464	849	89.5276	HSK1
198	切	49948	49948	696	89.5901	HSK3
199	呀	49802	49801	116	89.6525	HSK4
200	两	49260	49260	1208	89.7141	HSK1
201	其	49252	49251	767	89.7758	HSK2
202	非	48947	48947	705	89.8371	HSK1
203	或	48764	48762	510	89.8981	HSK2
204	任	47599	47599	461	89.9577	HSK3
205	完	47332	47320	694	90.0170	HSK2
206	须	46942	46942	169	90.0758	HSK2
207	啦	46926	46920	90	90.1345	HSK6
208	嘛	46865	46865	346	90.1932	HSK6
209	办	46284	46284	421	90.2511	HSK2
210	抱	44992	44933	180	90.3075	HSK4
211	歉	44687	44687	36	90.3634	HSK6
212	您	44619	44619	31	90.4193	HSK1
213	实	43993	43966	617	90.4744	HSK2
214	老	43469	43459	1820	90.5288	HSK1
215	嘿	43046	42965	220	90.5827	HSK7-9
216	嗯	43022	43022	1	90.6366	
217	刚	42665	33318	818	90.6900	HSK2
218	活	42647	42634	921	90.7434	HSK2
219	少	42298	42297	856	90.7963	HSK1
220	并	42254	42254	208	90.8492	HSK3
221	名	42230	42230	1133	90.9021	HSK1
222	于	42006	42006	1147	90.9547	HSK2
223	边	41496	41496	723	91.0066	HSK1
224	字	39409	39409	672	91.0560	HSK1
225	高	39346	39333	1980	91.1052	HSK1
226	重	39315	39306	1065	91.1545	HSK1
227	解	39200	39200	512	91.2035	HSK3
228	结	38108	38108	572	91.2513	HSK2
229	男	37120	37120	416	91.2977	HSK1
230	新	37076	37075	1437	91.3442	HSK1
231	伙	36888	36888	124	91.3903	HSK4
232	与	36454	36454	230	91.4360	HSK4
233	向	36256	36256	828	91.4814	HSK2
234	变	35626	35626	893	91.5260	HSK2
235	手	35425	35422	1706	91.5703	HSK1
236	每	35402	35397	405	91.6147	HSK3
237	识	34741	34741	266	91.6582	HSK1
238	安	34700	34696	2560	91.7016	HSK2
239	马	34632	34630	3225	91.7450	HSK1
240	本	34012	34012	1384	91.7875	HSK1
241	世	33752	33751	678	91.8298	HSK3
242	兴	33633	33632	309	91.8719	HSK1
243	玩	33388	33149	690	91.9137	HSK1
244	且	32999	32999	112	91.9550	HSK2
245	坐	32925	32891	360	91.9962	HSK1
246	国	32680	32680	1688	92.0372	HSK1
247	保	32654	32654	805	92.0780	HSK3
248	车	32551	32551	1729	92.1188	HSK1
249	担	32492	32492	169	92.1595	HSK4
250	确	32189	32189	180	92.1998	HSK2
251	机	32090	32090	1429	92.2400	HSK1
252	无	31751	31704	1955	92.2797	HSK4
253	接	31195	31195	954	92.3188	HSK2
254	美	31091	31089	1941	92.3577	HSK3
255	跑	30882	30872	284	92.3964	HSK1
256	界	30678	30678	411	92.4348	HSK3
257	算	30520	30506	726	92.4730	HSK2
258	续	30330	30329	139	92.5110	HSK3
259	受	29862	29862	689	92.5483	HSK2
260	系	29819	29819	688	92.5857	HSK1
261	够	29799	29784	639	92.6230	HSK2
262	继	29602	29602	138	92.6601	HSK3
263	底	29407	29406	439	92.6969	HSK3
264	动	29338	29324	1391	92.7336	HSK1
265	谈	29319	20199	668	92.7703	HSK3
266	远	29236	29117	714	92.8069	HSK1
267	同	28866	28865	1017	92.8431	HSK1
268	身	28739	28739	935	92.8790	HSK1
269	位	28485	28485	579	92.9147	HSK2
270	怕	28469	28466	202	92.9503	HSK2
271	喂	28377	28318	55	92.9859	HSK2
272	件	28336	28336	448	93.0213	HSK2
273	害	28117	28117	400	93.0566	HSK3
274	计	27990	27990	552	93.0916	HSK2
275	父	27498	27498	312	93.1260	HSK3
276	总	27359	27359	692	93.1603	HSK3
277	房	26979	26979	621	93.1941	HSK1
278	早	26812	26808	530	93.2276	HSK1
279	管	25520	25517	889	93.2596	HSK3
280	姐	25475	22920	539	93.2915	HSK1
281	决	25394	25394	249	93.3233	HSK3
282	肯	25018	25017	590	93.3546	HSK5
283	嗨	24861	24861	2	93.3857	
284	警	24773	24773	453	93.4167	HSK3
285	却	24604	24604	130	93.4475	HSK4
286	买	24531	24531	695	93.4782	HSK1
287	送	24110	24110	668	93.5084	HSK1
288	此	24092	24060	752	93.5386	HSK3
289	医	24044	24044	342	93.5687	HSK1
290	几	23977	23977	870	93.5987	HSK1
291	理	23787	23787	1133	93.6285	HSK2
292	永	23730	23730	506	93.6582	HSK2
293	喝	23635	23634	359	93.6878	HSK1
294	至	22935	22935	418	93.7165	HSK3
295	失	22885	22885	448	93.7452	HSK3
296	笑	22882	22854	390	93.7738	HSK1
297	月	22864	22864	474	93.8024	HSK1
298	外	22379	22379	1021	93.8305	HSK1
299	长	22228	22218	1728	93.8583	HSK2
300	忙	22085	22084	185	93.8859	HSK1
301	命	22050	22050	700	93.9136	HSK3
302	学	22023	22000	1762	93.9411	HSK1
303	加	21848	21848	1978	93.9685	HSK2
304	者	21789	21789	1496	93.9958	HSK2
305	留	21781	21781	570	94.0230	HSK2
306	睡	21505	21505	304	94.0500	HSK1
307	难	21501	21501	802	94.0769	HSK1
308	由	21387	21387	800	94.1037	HSK2
309	求	21383	18874	530	94.1304	HSK2
310	分	21326	21326	1377	94.1571	HSK1
311	蛋	21290	21231	426	94.1838	HSK1
312	公	20929	20916	1089	94.2100	HSK2
313	第	20890	20890	1079	94.2361	HSK1
314	证	20745	20745	380	94.2621	HSK3
315	疯	20729	20726	219	94.2881	HSK5
316	穿	20565	20565	384	94.3138	HSK1
317	写	20546	20545	464	94.3395	HSK1
318	原	20371	20371	669	94.3650	HSK2
319	力	20304	20304	1412	94.3905	HSK2
320	帝	20231	20231	713	94.4158	HSK6
321	清	20215	20208	705	94.4411	HSK2
322	搞	20147	20146	140	94.4663	HSK5
323	根	20033	20033	935	94.4914	HSK3
324	处	19862	19853	746	94.5163	HSK2
325	拜	19705	19044	354	94.5409	HSK5
326	照	19682	19682	637	94.5656	HSK2
327	服	19537	19536	523	94.5901	HSK1
328	噢	19477	19477	1	94.6144	
329	况	19412	19412	121	94.6387	HSK3
330	束	19278	19278	169	94.6629	HSK3
331	号	19177	19177	632	94.6869	HSK1
332	忘	19053	19053	161	94.7107	HSK1
333	停	19048	19043	330	94.7346	HSK2
334	站	18910	18910	432	94.7583	HSK1
335	抓	18470	18470	303	94.7814	HSK3
336	近	18322	18322	441	94.8043	HSK2
337	弟	18240	16069	291	94.8272	HSK1
338	头	18220	18211	1738	94.8500	HSK2
339	亮	18021	18020	322	94.8725	HSK2
340	救	17980	17335	664	94.8951	HSK3
341	楚	17974	17966	241	94.9176	HSK2
342	察	17706	17706	297	94.9397	HSK3
343	愿	17536	17518	341	94.9617	HSK2
344	烦	17533	17532	205	94.9836	HSK3
345	懂	17461	17438	183	95.0055	HSK2
346	漂	17417	17416	97	95.0273	HSK2
347	托	17241	17240	1220	95.0489	HSK5
348	三	17104	17103	2308	95.0703	HSK1
349	试	17077	11914	573	95.0917	HSK1
350	特	16912	16911	3509	95.1129	HSK2
351	麻	16811	16811	420	95.1339	HSK3
352	兄	16661	16661	269	95.1548	HSK4
353	部	16615	16615	995	95.1756	HSK2
354	混	16453	16414	257	95.1962	HSK6
355	否	16440	16440	116	95.2167	HSK3
356	使	16218	16218	394	95.2371	HSK2
357	息	16161	16160	285	95.2573	HSK1
358	枪	15915	15915	743	95.2772	HSK5
359	怪	15694	15583	448	95.2969	HSK3
360	弄	15644	15643	385	95.3164	HSK2
361	久	15628	15613	463	95.3360	HSK2
362	答	15515	15515	186	95.3554	HSK1
363	曾	15437	15437	204	95.3748	HSK3
364	另	15377	15377	133	95.3940	HSK3
365	音	15363	15363	621	95.4133	HSK2
366	母	15026	15026	443	95.4321	HSK3
367	连	15017	15015	1426	95.4509	HSK3
368	注	14906	14906	214	95.4695	HSK3
369	待	14884	14884	522	95.4882	HSK3
370	宝	14844	14251	822	95.5068	HSK4
371	助	14541	14541	346	95.5250	HSK2
372	通	14511	14473	915	95.5431	HSK2
373	伤	14484	14484	511	95.5613	HSK3
374	持	14401	14401	255	95.5793	HSK3
375	简	14366	14366	273	95.5973	HSK3
376	掉	14325	14325	473	95.6152	HSK2
377	整	14249	14068	512	95.6331	HSK3
378	绝	14162	14162	342	95.6508	HSK3
379	表	14158	14158	815	95.6685	HSK2
380	划	14032	14032	325	95.6861	HSK2
381	声	14012	14011	836	95.7036	HSK2
382	唯	13995	13995	118	95.7211	HSK5
383	日	13886	13873	1038	95.7385	HSK1
384	体	13780	13780	882	95.7558	HSK1
385	贝	13742	13739	1483	95.7730	HSK4
386	士	13678	13678	931	95.7901	HSK4
387	气	13654	13654	1217	95.8072	HSK1
388	物	13633	13633	969	95.8243	HSK2
389	改	13613	13611	435	95.8413	HSK2
390	选	13568	13568	672	95.8583	HSK2
391	消	13553	13552	316	95.8753	HSK3
392	主	13540	13539	1363	95.8922	HSK2
393	入	13443	13443	1022	95.9091	HSK2
394	乐	13425	13424	1119	95.9259	HSK2
395	讲	13405	13329	334	95.9426	HSK2
396	夫	13265	13265	1641	95.9593	HSK3
397	场	13261	13261	959	95.9759	HSK1
398	约	13212	13212	476	95.9924	HSK3
399	门	13093	13093	1373	96.0088	HSK1
400	路	13075	13075	1401	96.0252	HSK1
401	静	12990	12958	408	96.0414	HSK2
402	嘴	12885	12885	339	96.0576	HSK2
403	婚	12614	12614	234	96.0734	HSK3
404	除	12601	12601	289	96.0891	HSK3
405	衣	12577	12577	462	96.1049	HSK1
406	收	12568	12568	746	96.1206	HSK2
407	奇	12543	12543	1417	96.1363	HSK3
408	闭	12296	12296	176	96.1517	HSK4
409	险	12226	12226	262	96.1670	HSK3
410	眼	12079	12078	835	96.1821	HSK2
411	官	12072	12072	536	96.1973	HSK4
412	故	11992	11992	210	96.2123	HSK2
413	甚	11987	11987	90	96.2273	HSK4
414	查	11970	11883	925	96.2423	HSK2
415	护	11875	11875	461	96.2571	HSK2
416	单	11801	11779	659	96.2719	HSK2
417	张	11748	11748	896	96.2866	HSK3
418	棒	11677	11671	220	96.3012	HSK5
419	迎	11563	11563	131	96.3157	HSK2
420	便	11427	11424	294	96.3300	HSK2
421	目	11234	11234	518	96.3441	HSK2
422	止	11210	11210	231	96.3581	HSK3
423	酒	11178	11178	875	96.3721	HSK2
424	乎	11137	11135	180	96.3861	HSK4
425	择	11113	11113	85	96.4000	HSK4
426	倒	10851	10851	553	96.4136	HSK2
427	讨	10740	10740	173	96.4270	HSK2
428	哥	10639	7177	1436	96.4403	HSK1
429	危	10539	10539	121	96.4535	HSK3
430	虽	10497	10497	97	96.4667	HSK2
431	司	10473	10473	594	96.4798	HSK2
432	易	10366	10366	437	96.4928	HSK3
433	报	10313	10313	710	96.5057	HSK2
434	内	10216	10216	1328	96.5185	HSK3
435	趣	10213	10213	116	96.5312	HSK4
436	终	10149	10149	231	96.5439	HSK3
437	功	10108	10108	352	96.5566	HSK3
438	跳	10107	10104	347	96.5693	HSK3
439	昨	10090	10090	33	96.5819	HSK1
440	克	10070	10018	3797	96.5945	HSK2
441	随	10066	10056	278	96.6071	HSK2
442	靠	9990	9990	250	96.6196	HSK2
443	幸	9989	9988	182	96.6321	HSK3
444	各	9986	9925	360	96.6446	HSK3
445	轻	9982	9889	445	96.6571	HSK2
446	片	9964	9964	674	96.6696	HSK2
447	影	9957	9957	496	96.6821	HSK1
448	运	9934	9934	618	96.6945	HSK2
449	提	9783	9783	1262	96.7067	HSK2
450	参	9762	9762	289	96.7190	HSK2
451	反	9722	9722	597	96.7311	HSK3
452	教	9683	9660	963	96.7433	HSK1
453	合	9677	9676	885	96.7554	HSK2
454	岁	9640	9640	273	96.7674	HSK1
455	顾	9631	9631	224	96.7795	HSK2
456	条	9570	9570	805	96.7915	HSK1
457	交	9567	9567	888	96.8035	HSK2
458	利	9470	9470	2596	96.8153	HSK2
459	紧	9398	9325	388	96.8271	HSK3
460	容	9393	9393	336	96.8388	HSK3
461	制	9370	9370	761	96.8506	HSK3
462	校	9350	9350	339	96.8623	HSK1
463	冷	9302	9302	403	96.8739	HSK1
464	睛	9253	9253	42	96.8855	HSK2
465	神	9192	9191	1420	96.8970	HSK3
466	师	9096	9096	639	96.9084	HSK1
467	战	8957	8957	885	96.9196	HSK4
468	敢	8927	8919	177	96.9308	HSK3
469	钟	8846	8846	439	96.9419	HSK2
470	厌	8772	8772	83	96.9529	HSK5
471	令	8763	8763	661	96.9638	HSK5
472	份	8727	8727	351	96.9748	HSK2
473	坏	8649	8649	518	96.9856	HSK1
474	拉	8640	8623	3297	96.9964	HSK2
475	猜	8493	8227	158	97.0070	HSK5
476	狗	8481	8370	711	97.0177	HSK2
477	赢	8378	8378	201	97.0281	HSK3
478	派	8372	8372	720	97.0386	HSK3
479	未	8179	8179	573	97.0489	HSK4
480	飞	8149	8147	947	97.0591	HSK1
481	挺	8144	8144	320	97.0693	HSK2
482	论	8138	8138	367	97.0795	HSK2
483	责	8128	8128	173	97.0896	HSK3
484	式	8112	8112	657	97.0998	HSK3
485	糟	8093	8090	108	97.1099	HSK5
486	喔	8046	8046	2	97.1200	
487	替	8034	8034	404	97.1301	HSK4
488	鬼	7990	7981	601	97.1401	HSK5
489	哇	7916	7914	83	97.1500	HSK6
490	期	7896	7896	519	97.1599	HSK1
491	差	7884	7884	459	97.1697	HSK1
492	类	7836	7836	291	97.1795	HSK3
493	花	7663	7628	1658	97.1891	HSK1
494	则	7635	7635	264	97.1987	HSK4
495	释	7605	7605	86	97.2082	HSK4
496	尽	7604	7602	497	97.2177	HSK3
497	休	7572	7572	317	97.2272	HSK1
498	代	7367	7365	829	97.2364	HSK3
499	脸	7351	7351	478	97.2456	HSK2
500	指	7210	7209	714	97.2547	HSK3
501	妻	7199	7199	198	97.2637	HSK4
502	慢	7185	4188	298	97.2727	HSK1
503	存	7176	7176	390	97.2817	HSK3
504	务	7152	7152	429	97.2906	HSK2
505	二	7145	7144	1701	97.2996	HSK1
506	客	7128	7128	460	97.3085	HSK1
507	突	7098	7098	151	97.3174	HSK3
508	卖	7060	7060	591	97.3262	HSK2
509	礼	6987	6987	384	97.3350	HSK2
510	弃	6982	6982	196	97.3437	HSK5
511	考	6951	6951	575	97.3524	HSK1
512	星	6880	6587	924	97.3610	HSK1
513	密	6873	6873	575	97.3696	HSK4
514	斯	6860	6805	6976	97.3782	HSK7-9
515	即	6849	6849	214	97.3868	HSK4
516	越	6823	4570	583	97.3953	HSK2
517	议	6709	6709	235	97.4037	HSK3
518	演	6706	6706	587	97.4121	HSK3
519	队	6655	6655	973	97.4205	HSK2
520	水	6648	6648	2032	97.4288	HSK1
521	梦	6629	6629	477	97.4371	HSK4
522	控	6603	6603	262	97.4453	HSK5
523	拍	6598	6591	371	97.4536	HSK3
524	努	6540	6540	262	97.4618	HSK2
525	介	6535	6535	233	97.4700	HSK1
526	院	6521	6521	400	97.4781	HSK1
527	赶	6439	6439	223	97.4862	HSK3
528	醒	6438	5523	221	97.4943	HSK4
529	苦	6436	6428	422	97.5023	HSK3
530	俩	6433	6433	94	97.5104	HSK4
531	色	6414	6414	831	97.5184	HSK2
532	负	6376	6376	220	97.5264	HSK3
533	量	6328	6328	541	97.5343	HSK2
534	室	6273	6273	455	97.5422	HSK2
535	饭	6268	6268	366	97.5500	HSK1
536	痛	6218	6215	391	97.5578	HSK3
537	器	6212	6212	820	97.5656	HSK3
538	秘	6211	6210	179	97.5734	HSK4
539	婆	6183	6117	225	97.5811	HSK4
540	杯	6176	6176	349	97.5888	HSK1
541	概	6144	6144	50	97.5965	HSK3
542	聪	6099	6099	70	97.6042	HSK5
543	较	6059	6059	140	97.6117	HSK3
544	黑	6049	6049	989	97.6193	HSK2
545	据	6014	6014	185	97.6268	HSK3
546	亡	6011	6011	178	97.6344	HSK6
547	英	5959	5959	829	97.6418	HSK2
548	糕	5940	5940	52	97.6493	HSK5
549	呆	5923	5922	194	97.6567	HSK5
550	骗	5896	5896	205	97.6641	HSK5
551	松	5854	5853	553	97.6714	HSK4
552	联	5808	5808	385	97.6787	HSK3
553	遇	5777	5777	166	97.6859	HSK4
554	击	5755	5755	452	97.6931	HSK5
555	妹	5752	3131	362	97.7003	HSK1
556	丢	5748	5748	124	97.7075	HSK5
557	习	5731	5731	183	97.7147	HSK1
558	恶	5715	5715	415	97.7218	HSK4
559	似	5706	5706	221	97.7290	HSK3
560	往	5697	5655	701	97.7361	HSK2
561	碰	5686	5683	171	97.7432	HSK2
562	厉	5672	5672	52	97.7503	HSK5
563	及	5650	5650	464	97.7574	HSK3
564	虑	5646	5646	64	97.7645	HSK4
565	置	5614	5614	234	97.7715	HSK4
566	游	5607	5607	534	97.7785	HSK2
567	板	5593	5593	529	97.7855	HSK2
568	陪	5581	5570	176	97.7925	HSK5
569	丈	5564	5564	82	97.7995	HSK4
570	叔	5468	2844	372	97.8063	HSK4
571	竟	5461	5461	195	97.8132	HSK4
572	标	5444	5444	386	97.8200	HSK3
573	仍	5430	5430	112	97.8268	HSK3
574	员	5414	5414	712	97.8336	HSK3
575	病	5406	5406	674	97.8403	HSK1
576	付	5404	5404	377	97.8471	HSK3
577	戏	5383	5383	389	97.8538	HSK3
578	建	5368	5368	483	97.8606	HSK3
579	周	5337	5337	514	97.8672	HSK2
580	适	5335	5335	127	97.8739	HSK2
581	拥	5296	5296	92	97.8805	HSK5
582	刻	5288	5285	242	97.8872	HSK2
583	究	5285	5285	98	97.8938	HSK4
584	狂	5276	5276	335	97.9004	HSK5
585	赛	5240	5240	889	97.9069	HSK3
586	球	5217	5217	1119	97.9135	HSK1
587	争	5208	5208	337	97.9200	HSK3
588	口	5208	5207	1201	97.9265	HSK1
589	哭	5190	5187	148	97.9330	HSK2
590	味	5177	5177	420	97.9395	HSK2
591	象	5148	5148	624	97.9459	HSK3
592	万	5145	5143	1362	97.9524	HSK2
593	立	5114	5114	766	97.9588	HSK3
594	达	5094	5094	1657	97.9652	HSK3
595	呃	5091	5091	1	97.9715	
596	书	5083	5083	956	97.9779	HSK1
597	剩	5069	5069	151	97.9843	HSK5
598	律	5062	5062	246	97.9906	HSK4
599	丽	5058	5058	1442	97.9969	HSK3
600	祝	5058	5058	173	98.0033	HSK3
601	耶	5057	5057	709	98.0096	
602	军	5039	5039	891	98.0159	HSK5
603	检	5009	5009	247	98.0222	HSK2
604	换	4970	4962	672	98.0284	HSK2
605	脑	4937	4937	463	98.0346	HSK1
606	傻	4917	4913	154	98.0407	HSK5
607	假	4903	4903	505	98.0469	HSK1
608	附	4895	4895	134	98.0530	HSK4
609	案	4888	4888	535	98.0591	HSK4
610	包	4857	4830	839	98.0652	HSK1
611	狱	4855	4855	120	98.0713	HSK7-9
612	装	4844	4844	943	98.0773	HSK2
613	统	4820	4782	324	98.0834	HSK4
614	平	4800	4798	975	98.0894	HSK2
615	偷	4799	4567	408	98.0954	HSK5
616	满	4780	4769	774	98.1014	HSK2
617	块	4753	4753	423	98.1073	HSK1
618	城	4733	4733	778	98.1133	HSK3
619	精	4719	4719	521	98.1192	HSK3
620	度	4679	4679	860	98.1250	HSK2
621	空	4679	4673	966	98.1309	HSK2
622	怀	4671	4671	307	98.1367	HSK4
623	造	4664	4664	533	98.1426	HSK3
624	支	4655	4655	436	98.1484	HSK3
625	滚	4652	4651	181	98.1542	HSK5
626	怜	4650	4650	63	98.1600	HSK5
627	恐	4646	4646	133	98.1659	HSK3
628	排	4643	4643	483	98.1717	HSK2
629	市	4633	4633	821	98.1775	HSK2
630	屁	4616	4605	213	98.1833	
631	值	4571	4570	344	98.1890	HSK3
632	扰	4566	4566	98	98.1947	HSK5
633	调	4555	4554	587	98.2004	HSK3
634	复	4528	4528	362	98.2061	HSK2
635	油	4516	4516	749	98.2117	HSK2
636	足	4508	4503	470	98.2174	HSK3
637	首	4507	4507	443	98.2230	HSK3
638	武	4503	4503	539	98.2286	HSK3
639	严	4495	4495	234	98.2343	HSK4
640	吓	4485	4485	77	98.2399	HSK5
641	视	4459	4459	429	98.2455	HSK1
642	历	4458	4457	249	98.2510	HSK3
643	承	4454	4454	192	98.2566	HSK4
644	坚	4450	4450	228	98.2622	HSK3
645	显	4443	4443	203	98.2678	HSK3
646	咱	4418	4418	159	98.2733	HSK2
647	餐	4385	4385	277	98.2788	HSK2
648	庭	4372	4372	204	98.2843	HSK2
649	哈	4350	3829	1266	98.2897	HSK3
650	性	4337	4337	1376	98.2951	HSK3
651	四	4333	4333	1376	98.3006	HSK1
652	按	4330	4330	203	98.3060	HSK3
653	谅	4295	4264	42	98.3114	HSK6
654	犯	4284	4284	383	98.3167	HSK6
655	呼	4258	4251	291	98.3220	HSK4
656	尔	4227	4227	4680	98.3273	HSK5
657	舞	4226	4226	590	98.3326	HSK3
658	吸	4219	4219	356	98.3379	HSK4
659	瞧	4215	3485	32	98.3432	HSK5
660	属	4192	4192	227	98.3484	HSK3
661	阻	4165	4165	127	98.3537	HSK4
662	监	4153	4153	246	98.3589	HSK6
663	床	4150	4150	384	98.3641	HSK1
664	疑	4121	4119	233	98.3692	HSK4
665	著	4106	4106	1476	98.3744	HSK4
666	误	4097	4097	197	98.3795	HSK3
667	破	4070	4070	680	98.3846	HSK3
668	十	4052	4050	2347	98.3896	HSK1
669	某	4046	4045	184	98.3947	HSK3
670	唱	4039	4039	415	98.3998	HSK1
671	午	4034	4034	92	98.4048	HSK1
672	舒	4028	4027	264	98.4099	HSK2
673	超	4017	4017	634	98.4149	HSK2
674	若	3970	3970	622	98.4199	HSK6
675	义	3932	3932	607	98.4248	HSK3
676	示	3917	3917	217	98.4297	HSK2
677	谎	3905	3905	46	98.4346	HSK7-9
678	光	3905	3902	1324	98.4395	HSK3
679	笨	3883	3875	161	98.4443	HSK4
680	半	3880	3880	826	98.4492	HSK1
681	五	3877	3876	1466	98.4540	HSK1
682	强	3852	3852	836	98.4589	HSK3
683	誓	3836	3836	98	98.4637	HSK7-9
684	王	3824	3824	1164	98.4685	HSK2
685	伟	3821	3821	324	98.4732	HSK3
686	德	3814	3814	3528	98.4780	HSK5
687	费	3779	3779	1335	98.4827	HSK3
688	卡	3751	3749	2959	98.4874	HSK2
689	股	3747	3747	221	98.4921	HSK6
690	聊	3709	3271	194	98.4968	HSK4
691	毁	3707	3707	198	98.5014	HSK6
692	组	3687	3687	634	98.5060	HSK2
693	逼	3677	3677	221	98.5106	HSK6
694	火	3674	3674	1085	98.5152	HSK1
695	船	3664	3664	679	98.5198	HSK2
696	追	3658	3658	336	98.5244	HSK3
697	啥	3647	3647	29	98.5290	
698	败	3626	3626	239	98.5335	HSK4
699	区	3616	3610	1038	98.5380	HSK3
700	街	3612	3612	790	98.5426	HSK2
701	逃	3606	3606	185	98.5471	HSK5
702	既	3594	3594	84	98.5516	HSK4
703	业	3589	3589	692	98.5561	HSK2
704	弹	3584	3584	623	98.5606	HSK5
705	居	3580	3580	291	98.5650	HSK4
706	享	3569	3569	122	98.5695	HSK5
707	绍	3560	3560	49	98.5740	HSK1
708	班	3547	3547	1041	98.5784	HSK1
709	咖	3542	3542	95	98.5828	HSK3
710	啡	3538	3538	68	98.5873	HSK3
711	藏	3507	3506	535	98.5917	HSK6
712	治	3505	3505	678	98.5961	HSK4
713	练	3499	3494	407	98.6004	HSK2
714	匙	3494	3494	83	98.6048	HSK7-9
715	迟	3487	3486	166	98.6092	HSK4
716	钥	3482	3482	28	98.6135	HSK7-9
717	攻	3444	3444	263	98.6178	HSK6
718	血	3432	3432	841	98.6221	HSK3
719	翰	3430	3430	111	98.6264	
720	杰	3424	3424	1141	98.6307	HSK6
721	转	3371	3333	717	98.6349	HSK3
722	娘	3307	3257	344	98.6391	HSK3
723	激	3298	3298	193	98.6432	HSK4
724	戴	3273	3273	776	98.6473	HSK4
725	取	3246	3246	554	98.6514	HSK2
726	阿	3239	3239	2964	98.6554	HSK4
727	寻	3235	3235	223	98.6595	HSK4
728	借	3222	3222	342	98.6635	HSK2
729	炸	3200	3200	330	98.6675	HSK6
730	独	3195	3193	319	98.6715	HSK4
731	幕	3184	3184	188	98.6755	HSK5
732	痴	3180	3180	112	98.6795	HSK7-9
733	饿	3175	3175	96	98.6835	HSK1
734	史	3165	3165	1532	98.6874	HSK4
735	断	3162	3161	540	98.6914	HSK3
736	蠢	3161	3159	214	98.6953	HSK7-9
737	食	3138	3138	521	98.6993	HSK2
738	金	3124	3124	2435	98.7032	HSK3
739	挂	3121	3121	269	98.7071	HSK3
740	威	3119	3119	971	98.7110	HSK6
741	灵	3117	3117	612	98.7149	HSK6
742	福	3113	3113	1068	98.7188	HSK3
743	极	3111	3111	383	98.7227	HSK3
744	政	3087	3087	538	98.7266	HSK4
745	资	3059	3059	336	98.7304	HSK3
746	楼	3051	3051	451	98.7342	HSK1
747	画	3038	2955	691	98.7380	HSK2
748	罪	3038	3038	414	98.7418	HSK6
749	段	3036	3036	215	98.7456	HSK2
750	尸	3032	3032	250	98.7494	HSK7-9
751	拒	3030	3030	94	98.7532	HSK5
752	响	3003	3003	331	98.7570	HSK2
753	句	2996	2995	175	98.7607	HSK2
754	罗	2995	2995	2820	98.7645	HSK7-9
755	言	2993	2993	653	98.7682	HSK2
756	惊	2991	2991	218	98.7720	HSK4
757	研	2974	2974	141	98.7757	HSK4
758	般	2974	2973	279	98.7794	HSK2
759	退	2946	2946	288	98.7831	HSK3
760	踪	2944	2944	57	98.7868	HSK7-9
761	恨	2933	2933	187	98.7904	HSK5
762	奶	2932	1825	336	98.7941	HSK1
763	供	2919	2919	256	98.7978	HSK4
764	浪	2906	2906	307	98.8014	HSK3
765	操	2901	2901	317	98.8050	HSK4
766	袋	2899	2899	265	98.8087	HSK4
767	脚	2882	2882	732	98.8123	HSK2
768	际	2869	2869	165	98.8159	HSK2
769	权	2869	2869	561	98.8195	HSK4
770	闻	2858	2847	419	98.8230	HSK2
771	录	2833	2833	323	98.8266	HSK3
772	引	2833	2833	286	98.8301	HSK4
773	扔	2819	2819	48	98.8337	HSK5
774	店	2807	2807	496	98.8372	HSK1
775	图	2803	2803	803	98.8407	HSK1
776	腿	2800	2800	252	98.8442	HSK2
777	敌	2791	2791	232	98.8477	HSK4
778	状	2752	2752	292	98.8511	HSK3
779	码	2752	2752	315	98.8546	HSK4
780	数	2723	2713	975	98.8580	HSK2
781	仅	2713	1849	130	98.8614	HSK3
782	纽	2708	2708	268	98.8648	HSK7-9
783	称	2706	2706	511	98.8682	HSK2
784	步	2705	2701	499	98.8716	HSK3
785	躲	2700	2699	90	98.8749	HSK5
786	歌	2699	2699	588	98.8783	HSK1
787	料	2696	2696	370	98.8817	HSK4
788	节	2696	2696	498	98.8851	HSK2
789	米	2688	2688	1379	98.8884	HSK1
790	旅	2684	2684	205	98.8918	HSK2
791	翻	2675	2674	326	98.8951	HSK4
792	文	2673	2673	1724	98.8985	HSK1
793	念	2668	2664	555	98.9018	HSK3
794	程	2667	2667	506	98.9052	HSK3
795	热	2664	2664	755	98.9085	HSK1
796	躺	2662	2662	25	98.9118	HSK4
797	导	2654	2654	304	98.9152	HSK3
798	姑	2614	2592	121	98.9184	HSK3
799	尝	2613	2232	119	98.9217	HSK5
800	术	2608	2608	450	98.9250	HSK3
801	药	2592	2592	664	98.9282	HSK2
802	背	2591	2591	350	98.9315	HSK2
803	布	2589	2589	2226	98.9347	HSK3
804	乱	2582	2582	571	98.9379	HSK3
805	训	2574	2574	212	98.9412	HSK3
806	允	2570	2570	67	98.9444	HSK6
807	品	2569	2569	631	98.9476	HSK3
808	设	2565	2565	335	98.9508	HSK3
809	规	2530	2529	243	98.9540	HSK3
810	搬	2527	2527	107	98.9571	HSK3
811	净	2526	2521	139	98.9603	HSK1
812	读	2517	2501	468	98.9634	HSK1
813	线	2505	2505	891	98.9666	HSK3
814	顺	2496	2496	359	98.9697	HSK2
815	专	2476	2476	373	98.9728	HSK3
816	价	2472	2457	382	98.9759	HSK3
817	海	2471	2471	1654	98.9790	HSK2
818	急	2460	2460	357	98.9821	HSK2
819	辈	2425	2425	106	98.9851	HSK5
820	洗	2415	2395	376	98.9881	HSK1
821	旁	2410	2410	196	98.9912	HSK1
822	巴	2387	2382	1639	98.9941	HSK4
823	遍	2382	2382	251	98.9971	HSK2
824	惜	2373	2373	63	99.0001	HSK5
825	遗	2365	2365	161	99.0031	HSK4
826	府	2361	2361	282	99.0060	HSK4
827	斗	2343	2343	565	99.0089	HSK4
828	魂	2333	2333	208	99.0119	HSK7-9
829	译	2324	2324	122	99.0148	HSK4
830	荣	2320	2320	344	99.0177	HSK5
831	姆	2314	2314	1257	99.0206	HSK7-9
832	格	2312	2291	2335	99.0235	HSK3
833	夜	2302	2298	564	99.0264	HSK2
834	堂	2295	2290	327	99.0292	HSK2
835	博	2284	2284	1006	99.0321	HSK5
836	态	2281	2281	196	99.0349	HSK2
837	传	2279	2279	683	99.0378	HSK3
838	哎	2275	2275	47	99.0406	HSK7-9
839	展	2275	2275	287	99.0435	HSK3
840	民	2265	2265	800	99.0463	HSK3
841	暗	2252	2252	468	99.0491	HSK4
842	围	2246	2246	237	99.0520	HSK3
843	获	2241	2241	186	99.0548	HSK4
844	恩	2241	2241	1794	99.0576	HSK6
845	抢	2240	2240	199	99.0604	HSK5
846	观	2237	2237	394	99.0632	HSK2
847	脱	2231	2231	325	99.0660	HSK4
848	赚	2223	2223	53	99.0688	HSK6
849	恭	2221	2221	72	99.0715	HSK7-9
850	爷	2220	1316	259	99.0743	HSK1
851	惯	2213	2213	139	99.0771	HSK2
852	充	2207	2207	164	99.0798	HSK3
853	左	2205	2205	362	99.0826	HSK1
854	雄	2190	2190	435	99.0854	HSK5
855	流	2171	2171	804	99.0881	HSK2
856	臭	2162	2161	247	99.0908	HSK5
857	愚	2147	2147	56	99.0935	HSK7-9
858	拾	2145	2145	68	99.0961	HSK5
859	风	2128	2128	1236	99.0988	HSK1
860	纪	2125	2125	340	99.1015	HSK3
861	产	2122	2122	725	99.1041	HSK3
862	勇	2116	2116	282	99.1068	HSK4
863	欠	2112	2112	164	99.1094	HSK5
864	元	2110	2110	604	99.1121	HSK1
865	邀	2099	2099	90	99.1147	HSK5
866	杂	2098	2098	214	99.1173	HSK3
867	谓	2095	2095	25	99.1199	HSK4
868	困	2094	2094	201	99.1226	HSK3
869	乖	2076	1408	131	99.1252	HSK7-9
870	架	2072	2072	350	99.1278	HSK3
871	验	2065	2065	264	99.1303	HSK3
872	旦	2055	2055	118	99.1329	HSK5
873	瓜	2041	2041	309	99.1355	HSK4
874	婊	2033	2033	9	99.1380	
875	阳	2032	2032	410	99.1406	HSK2
876	赌	2028	2028	249	99.1431	HSK6
877	尊	2022	2022	193	99.1456	HSK5
878	毕	2006	2006	361	99.1481	HSK4
879	右	1984	1984	354	99.1506	HSK1
880	射	1982	1982	575	99.1531	HSK5
881	尼	1977	1977	3637	99.1556	HSK7-9
882	辆	1964	1964	128	99.1580	HSK2
883	局	1962	1962	535	99.1605	HSK4
884	憾	1956	1956	32	99.1629	HSK6
885	愉	1947	1947	35	99.1654	HSK6
886	吻	1942	1942	98	99.1678	HSK7-9
887	忆	1938	1938	60	99.1702	HSK5
888	基	1937	1937	1575	99.1727	HSK3
889	乔	1930	1930	877	99.1751	HSK7-9
890	括	1924	1924	32	99.1775	HSK4
891	冒	1913	1913	140	99.1799	HSK3
892	织	1905	1905	276	99.1823	HSK5
893	圣	1902	1902	879	99.1847	HSK6
894	抽	1897	1897	252	99.1870	HSK4
895	级	1892	1892	338	99.1894	HSK2
896	撒	1891	1891	369	99.1918	HSK7-9
897	捕	1886	1886	174	99.1941	HSK6
898	爆	1880	1880	333	99.1965	HSK6
899	细	1877	1877	392	99.1988	HSK4
900	红	1864	1864	1069	99.2012	HSK2
901	彼	1853	1843	216	99.2035	HSK5
902	千	1843	1843	1112	99.2058	HSK2
903	胁	1838	1838	30	99.2081	HSK6
904	胡	1837	1837	490	99.2104	HSK5
905	银	1834	1834	412	99.2127	HSK2
906	速	1834	1827	416	99.2150	HSK3
907	私	1830	1830	269	99.2173	HSK5
908	群	1825	1825	385	99.2196	HSK3
909	八	1799	1799	1018	99.2218	HSK1
910	魔	1784	1784	416	99.2241	HSK7-9
911	语	1776	1776	655	99.2263	HSK1
912	吵	1775	1773	130	99.2285	HSK3
913	吹	1770	1770	372	99.2307	HSK2
914	撞	1760	1760	189	99.2329	HSK5
915	脏	1754	1754	310	99.2351	HSK2
916	废	1741	1741	186	99.2373	HSK6
917	集	1718	1718	390	99.2394	HSK3
918	套	1715	1715	356	99.2416	HSK2
919	烟	1696	1696	442	99.2437	HSK3
920	屋	1694	1694	407	99.2458	HSK3
921	移	1692	1692	251	99.2480	HSK4
922	卫	1692	1692	493	99.2501	HSK3
923	志	1675	1675	503	99.2522	HSK3
924	户	1658	1658	308	99.2542	HSK4
925	麦	1655	1655	1180	99.2563	HSK6
926	山	1655	1655	1640	99.2584	HSK1
927	创	1640	1640	193	99.2604	HSK3
928	具	1628	1628	348	99.2625	HSK3
929	辛	1623	1618	513	99.2645	HSK5
930	垃	1621	1621	34	99.2665	HSK4
931	圾	1621	1621	26	99.2686	HSK4
932	谋	1604	1604	212	99.2706	HSK6
933	角	1604	1604	535	99.2726	HSK2
934	惹	1598	1598	95	99.2746	HSK7-9
935	六	1586	1586	979	99.2766	HSK1
936	职	1577	1577	285	99.2785	HSK3
937	压	1576	1576	459	99.2805	HSK3
938	普	1576	1575	1678	99.2825	HSK2
939	逮	1571	1571	46	99.2845	HSK7-9
940	烧	1558	1558	380	99.2864	HSK4
941	冲	1557	1557	442	99.2884	HSK4
942	奋	1555	1555	89	99.2903	HSK4
943	盯	1554	1554	28	99.2923	HSK7-9
944	测	1550	1550	301	99.2942	HSK4
945	甜	1548	1510	236	99.2961	HSK3
946	林	1541	1541	1765	99.2981	HSK4
947	络	1529	1529	128	99.3000	HSK4
948	社	1521	1521	305	99.3019	HSK3
949	投	1506	1506	392	99.3038	HSK4
950	鱼	1503	1503	703	99.3056	HSK2
951	迷	1503	1502	324	99.3075	HSK3
952	伦	1501	1501	1172	99.3094	HSK7-9
953	祷	1495	1495	39	99.3113	HSK7-9
954	暂	1495	1495	81	99.3132	HSK5
955	砸	1487	1487	29	99.3150	HSK7-9
956	输	1482	1482	394	99.3169	HSK3
957	落	1471	1471	585	99.3187	HSK3
958	庆	1468	1468	169	99.3205	HSK3
959	团	1462	1451	487	99.3224	HSK3
960	化	1459	1459	1041	99.3242	HSK3
961	石	1450	1450	858	99.3260	HSK3
962	修	1448	1447	629	99.3278	HSK3
963	拯	1447	1447	12	99.3296	HSK7-9
964	疗	1446	1446	118	99.3315	HSK4
965	领	1444	1444	471	99.3333	HSK3
966	座	1437	1437	319	99.3351	HSK2
967	累	1435	1433	237	99.3369	HSK1
968	台	1432	1432	685	99.3387	HSK3
969	免	1427	1427	240	99.3404	HSK4
970	举	1420	1420	319	99.3422	HSK2
971	香	1416	1416	738	99.3440	HSK3
972	深	1416	1310	535	99.3458	HSK3
973	祈	1411	1411	57	99.3475	HSK7-9
974	孤	1411	1411	176	99.3493	HSK6
975	馆	1401	1401	239	99.3511	HSK1
976	索	1392	1392	1110	99.3528	HSK5
977	厕	1389	1389	36	99.3545	HSK6
978	兵	1389	1389	622	99.3563	HSK4
979	猫	1387	1385	298	99.3580	HSK2
980	疼	1383	1383	129	99.3597	HSK2
981	摆	1380	1380	246	99.3615	HSK4
982	纸	1373	1373	400	99.3632	HSK2
983	毒	1371	1371	530	99.3649	HSK5
984	兰	1361	1361	1636	99.3666	HSK7-9
985	科	1353	1353	1464	99.3683	HSK2
986	众	1349	1349	310	99.3700	HSK3
987	秒	1347	1347	74	99.3717	HSK5
988	双	1338	1337	591	99.3734	HSK3
989	末	1328	1328	151	99.3750	HSK2
990	授	1328	1328	117	99.3767	HSK4
991	刺	1320	1320	277	99.3783	HSK4
992	熟	1315	1315	201	99.3800	HSK2
993	印	1310	1310	394	99.3816	HSK2
994	康	1306	1306	801	99.3833	HSK2
995	迹	1305	1305	140	99.3849	HSK7-9
996	推	1305	1305	333	99.3865	HSK2
997	啤	1302	1302	38	99.3881	HSK3
998	汽	1300	1300	114	99.3898	HSK1
999	维	1299	1299	1809	99.3914	HSK4
1000	票	1298	1298	433	99.3930	HSK1
1001	肉	1295	1295	642	99.3947	HSK1
1002	胜	1292	1292	513	99.3963	HSK3
1003	嫁	1290	1290	84	99.3979	HSK7-9
1004	降	1289	1289	299	99.3995	HSK4
1005	顿	1285	1285	1064	99.4011	HSK3
1006	锁	1282	1282	303	99.4027	HSK5
1007	惧	1280	1280	48	99.4043	HSK7-9
1008	技	1279	1279	281	99.4059	HSK3
1009	厨	1278	1278	130	99.4075	HSK5
1010	签	1278	1278	242	99.4091	HSK5
1011	仔	1274	1274	499	99.4107	HSK5
1012	颜	1270	1270	122	99.4123	HSK2
1013	搭	1267	1267	176	99.4139	HSK6
1014	牲	1265	1265	37	99.4155	HSK6
1015	毛	1265	1258	657	99.4171	HSK1
1016	牛	1257	1257	610	99.4186	HSK1
1017	悲	1256	1256	127	99.4202	HSK5
1018	商	1252	1252	425	99.4218	HSK1
1019	园	1251	1251	308	99.4233	HSK2
1020	健	1246	1246	258	99.4249	HSK2
1021	执	1242	1242	160	99.4264	HSK5
1022	效	1239	1239	174	99.4280	HSK3
1023	凶	1237	1237	158	99.4295	HSK6
1024	尤	1236	1236	353	99.4311	HSK5
1025	厅	1234	1234	156	99.4326	HSK5
1026	忍	1233	1228	175	99.4342	HSK5
1027	牺	1232	1232	16	99.4357	HSK6
1028	怖	1229	1229	26	99.4373	HSK7-9
1029	毫	1229	1229	135	99.4388	HSK4
1030	挑	1203	1203	225	99.4403	HSK4
1031	汤	1200	1200	479	99.4418	HSK3
1032	判	1199	1199	273	99.4433	HSK3
1033	致	1192	1192	289	99.4448	HSK4
1034	巨	1191	1191	331	99.4463	HSK4
1035	恋	1187	1187	173	99.4478	HSK5
1036	傲	1172	1172	90	99.4493	HSK6
1037	鸟	1171	1171	524	99.4507	HSK2
1038	窗	1169	1169	209	99.4522	HSK4
1039	稍	1165	1159	84	99.4536	HSK5
1040	悔	1163	1163	77	99.4551	HSK5
1041	微	1160	1158	287	99.4565	HSK4
1042	烂	1159	1159	481	99.4580	HSK5
1043	宣	1157	1157	159	99.4594	HSK3
1044	屎	1157	1157	83	99.4609	
1045	抗	1153	1153	215	99.4623	HSK6
1046	咬	1152	1152	121	99.4638	HSK5
1047	守	1149	1149	458	99.4652	HSK4
1048	踢	1145	1145	67	99.4667	HSK6
1049	李	1140	1140	1063	99.4681	HSK3
1050	伴	1138	1138	195	99.4695	HSK4
1051	灭	1138	1138	251	99.4709	HSK6
1052	临	1135	1135	415	99.4724	HSK4
1053	玛	1129	1129	1554	99.4738	
1054	黎	1125	1125	169	99.4752	HSK7-9
1055	爬	1123	1123	66	99.4766	HSK2
1056	共	1121	1121	503	99.4780	HSK2
1057	恢	1117	1117	34	99.4794	HSK5
1058	暴	1112	1112	255	99.4808	HSK6
1059	刀	1111	1111	499	99.4822	HSK3
1060	诺	1111	1111	1450	99.4836	HSK6
1061	族	1108	1108	456	99.4849	HSK3
1062	养	1106	1106	539	99.4863	HSK2
1063	亚	1105	1105	2149	99.4877	HSK4
1064	骄	1101	1101	33	99.4891	HSK6
1065	寓	1100	1100	26	99.4905	HSK7-9
1066	镇	1100	1100	562	99.4918	HSK6
1067	副	1096	1096	135	99.4932	HSK6
1068	鞋	1095	1095	289	99.4946	HSK2
1069	绑	1090	1090	84	99.4960	HSK7-9
1070	赏	1080	1080	163	99.4973	HSK4
1071	裤	1080	1080	161	99.4987	HSK3
1072	课	1074	1074	333	99.5000	HSK1
1073	妳	1071	1071	12	99.5013	
1074	森	1071	1071	1630	99.5027	HSK4
1075	艾	1069	1069	1987	99.5040	HSK7-9
1076	挥	1067	1067	205	99.5054	HSK4
1077	形	1065	1065	423	99.5067	HSK3
1078	桌	1061	1061	204	99.5080	HSK1
1079	巧	1057	1057	156	99.5093	HSK3
1080	旧	1055	1055	390	99.5107	HSK3
1081	土	1054	1052	612	99.5120	HSK3
1082	艺	1047	1047	314	99.5133	HSK3
1083	货	1046	1046	564	99.5146	HSK4
1084	境	1039	1039	190	99.5159	HSK3
1085	型	1039	1039	413	99.5172	HSK4
1086	酷	1030	1030	276	99.5185	HSK6
1087	耍	1027	1026	103	99.5198	HSK7-9
1088	启	1027	1027	156	99.5211	HSK5
1089	敬	1027	1027	423	99.5224	HSK5
1090	敦	1025	1025	159	99.5236	HSK7-9
1091	预	1020	1020	208	99.5249	HSK3
1092	孕	1017	1017	71	99.5262	HSK7-9
1093	隐	1012	1012	178	99.5275	HSK6
1094	距	1005	1005	97	99.5287	HSK4
1095	摄	998	998	116	99.5300	HSK5
1096	探	993	993	259	99.5312	HSK6
1097	叛	992	992	69	99.5324	HSK7-9
1098	封	992	992	356	99.5337	HSK2
1099	嘘	990	988	41	99.5349	
1100	址	988	988	54	99.5362	HSK4
1101	帽	982	982	249	99.5374	HSK4
1102	鸡	982	957	539	99.5386	HSK1
1103	殊	978	978	63	99.5398	HSK4
1104	依	976	976	557	99.5411	HSK4
1105	七	974	974	984	99.5423	HSK1
1106	协	974	974	155	99.5435	HSK5
1107	娜	973	970	1248	99.5447	
1108	颗	972	972	147	99.5459	HSK5
1109	吉	971	971	1740	99.5472	HSK6
1110	剧	969	969	259	99.5484	HSK3
1111	邪	968	968	121	99.5496	HSK7-9
1112	闹	967	966	202	99.5508	HSK4
1113	优	966	966	288	99.5520	HSK3
1114	箱	966	966	280	99.5532	HSK3
1115	温	961	961	670	99.5544	HSK2
1116	皮	957	957	1269	99.5556	HSK3
1117	镜	956	956	283	99.5568	HSK4
1118	袭	953	953	85	99.5580	HSK7-9
1119	掌	952	952	178	99.5592	HSK5
1120	堆	951	951	186	99.5604	HSK5
1121	娶	947	947	51	99.5616	HSK7-9
1122	妙	944	944	188	99.5628	HSK6
1123	矩	942	941	39	99.5639	HSK7-9
1124	互	938	938	240	99.5651	HSK3
1125	茶	938	938	256	99.5663	HSK1
1126	升	936	936	405	99.5675	HSK3
1127	摸	935	881	173	99.5686	HSK4
1128	词	928	928	341	99.5698	HSK2
1129	欺	927	918	72	99.5710	HSK6
1130	模	925	925	299	99.5721	HSK4
1131	笔	924	924	389	99.5733	HSK2
1132	醉	922	922	219	99.5744	HSK5
1133	诞	920	920	45	99.5756	HSK6
1134	罚	918	918	132	99.5767	HSK5
1135	彩	917	917	290	99.5779	HSK3
1136	搜	915	915	117	99.5790	HSK5
1137	盖	908	908	697	99.5802	HSK4
1138	树	902	902	805	99.5813	HSK1
1139	聚	898	894	197	99.5824	HSK4
1140	项	898	898	199	99.5835	HSK4
1141	猪	897	896	319	99.5847	HSK3
1142	洲	897	897	155	99.5858	
1143	俱	894	894	85	99.5869	HSK5
1144	避	893	892	170	99.5880	HSK4
1145	凭	887	887	83	99.5891	HSK5
1146	握	882	882	173	99.5902	HSK3
1147	百	882	844	1346	99.5913	HSK1
1148	宁	880	880	409	99.5924	HSK4
1149	耳	879	879	369	99.5935	HSK4
1150	低	876	876	430	99.5946	HSK2
1151	顶	874	874	360	99.5957	HSK4
1152	招	870	870	404	99.5968	HSK4
1153	彻	866	860	303	99.5979	HSK4
1154	牙	861	856	496	99.5990	HSK4
1155	访	857	857	120	99.6001	HSK3
1156	禁	853	853	210	99.6011	HSK4
1157	骑	848	848	230	99.6022	HSK2
1158	触	846	846	168	99.6032	HSK5
1159	蓝	842	842	591	99.6043	HSK2
1160	华	842	842	1179	99.6053	HSK3
1161	晨	840	840	104	99.6064	HSK2
1162	欣	838	838	143	99.6074	HSK5
1163	抛	835	835	101	99.6085	HSK7-9
1164	贵	832	832	418	99.6095	HSK1
1165	欧	830	830	858	99.6106	
1166	秀	829	829	736	99.6116	HSK4
1167	澡	829	829	56	99.6127	HSK2
1168	琌	826	826	17	99.6137	
1169	沙	825	824	1237	99.6147	HSK3
1170	朝	819	819	548	99.6157	HSK3
1171	妓	813	813	139	99.6168	
1172	环	812	812	474	99.6178	HSK3
1173	采	811	811	266	99.6188	HSK3
1174	朵	810	810	181	99.6198	HSK5
1175	广	810	810	344	99.6208	HSK2
1176	档	803	803	187	99.6218	HSK6
1177	尿	799	799	289	99.6228	HSK7-9
1178	估	798	798	98	99.6238	HSK5
1179	雷	789	789	1976	99.6248	HSK4
1180	折	788	788	252	99.6258	HSK4
1181	惩	787	787	82	99.6268	HSK7-9
1182	键	782	782	108	99.6278	HSK5
1183	罢	781	781	48	99.6287	HSK6
1184	讶	777	777	7	99.6297	HSK7-9
1185	邻	777	777	87	99.6307	HSK5
1186	洛	775	775	1772	99.6317	
1187	肚	774	774	196	99.6326	HSK4
1188	灯	771	771	423	99.6336	HSK2
1189	趴	769	769	55	99.6346	HSK7-9
1190	拖	769	767	186	99.6355	HSK6
1191	梯	767	767	126	99.6365	HSK4
1192	鼻	762	762	181	99.6374	HSK5
1193	擦	758	750	153	99.6384	HSK4
1194	初	758	758	353	99.6393	HSK3
1195	洞	750	750	354	99.6403	HSK5
1196	诚	750	749	196	99.6412	HSK4
1197	陷	747	747	107	99.6421	HSK6
1198	露	745	742	684	99.6431	HSK6
1199	透	743	729	262	99.6440	HSK4
1200	遭	737	737	169	99.6449	HSK6
1201	凯	737	737	766	99.6459	HSK7-9
1202	损	736	736	136	99.6468	HSK5
1203	劲	734	734	199	99.6477	HSK4
1204	幻	732	732	140	99.6486	HSK6
1205	挡	727	727	156	99.6495	HSK5
1206	磨	724	723	244	99.6504	HSK6
1207	揍	720	720	23	99.6513	HSK7-9
1208	雨	719	719	534	99.6522	HSK1
1209	墙	718	718	314	99.6531	HSK2
1210	黄	717	717	685	99.6540	HSK2
1211	漫	716	712	125	99.6549	HSK5
1212	散	716	702	311	99.6558	HSK3
1213	脖	712	712	34	99.6567	HSK7-9
1214	莱	708	708	1274	99.6576	
1215	轮	707	707	368	99.6585	HSK4
1216	序	706	706	143	99.6594	HSK4
1217	智	700	700	351	99.6602	HSK4
1218	泳	697	697	90	99.6611	HSK3
1219	妮	697	697	816	99.6620	
1220	稣	695	695	36	99.6629	
1221	摧	694	694	41	99.6637	HSK7-9
1222	夏	694	694	792	99.6646	HSK2
1223	鼠	690	690	224	99.6655	HSK5
1224	呵	687	393	25	99.6663	HSK7-9
1225	古	682	682	951	99.6672	HSK3
1226	姻	681	681	39	99.6680	HSK7-9
1227	菜	681	681	411	99.6689	HSK1
1228	良	681	681	360	99.6697	HSK4
1229	惨	680	680	135	99.6706	HSK6
1230	扯	679	679	106	99.6714	HSK7-9
1231	网	679	679	500	99.6723	HSK1
1232	宜	676	676	110	99.6731	HSK2
1233	哼	671	668	12	99.6740	HSK7-9
1234	迪	670	670	2684	99.6748	HSK7-9
1235	辜	667	667	37	99.6756	HSK7-9
1236	扮	667	667	155	99.6765	HSK5
1237	悉	666	666	44	99.6773	HSK5
1238	州	666	666	520	99.6781	
1239	貌	661	661	86	99.6790	HSK5
1240	绪	660	660	81	99.6798	HSK6
1241	荒	656	656	152	99.6806	HSK7-9
1242	莎	654	654	826	99.6814	
1243	弗	652	652	852	99.6823	
1244	配	650	650	453	99.6831	HSK3
1245	冰	649	647	641	99.6839	HSK4
1246	犹	648	648	107	99.6847	HSK5
1247	吐	641	641	253	99.6855	HSK5
1248	仇	641	641	134	99.6863	HSK7-9
1249	姓	639	639	316	99.6871	HSK2
1250	丹	639	639	703	99.6879	HSK7-9
1251	归	636	636	382	99.6887	HSK4
1252	财	635	635	289	99.6895	HSK4
1253	援	632	632	91	99.6903	HSK6
1254	牌	629	629	606	99.6911	HSK3
1255	野	629	629	619	99.6919	HSK6
1256	育	628	628	225	99.6926	HSK2
1257	喊	627	627	134	99.6934	HSK2
1258	尺	625	625	159	99.6942	HSK4
1259	残	625	625	231	99.6950	HSK6
1260	范	623	623	438	99.6958	HSK3
1261	陌	620	620	17	99.6965	HSK7-9
1262	鲜	619	619	160	99.6973	HSK4
1263	申	618	618	202	99.6981	HSK4
1264	雇	618	618	91	99.6989	HSK7-9
1265	怒	616	616	174	99.6996	HSK6
1266	偶	614	614	125	99.7004	HSK5
1267	源	613	612	291	99.7012	HSK4
1268	伊	613	612	1477	99.7019	HSK7-9
1269	驾	610	610	169	99.7027	HSK5
1270	勒	608	608	1022	99.7035	HSK7-9
1271	佑	606	606	88	99.7042	HSK7-9
1272	防	602	602	497	99.7050	HSK3
1273	寄	597	597	216	99.7057	HSK4
1274	妇	594	594	197	99.7065	HSK4
1275	皇	594	594	248	99.7072	HSK6
1276	瑞	594	594	2234	99.7080	HSK7-9
1277	俄	592	582	153	99.7087	HSK7-9
1278	善	592	592	447	99.7094	HSK3
1279	途	591	591	126	99.7102	HSK4
1280	怨	589	589	129	99.7109	HSK5
1281	质	583	583	281	99.7117	HSK4
1282	波	582	578	1539	99.7124	HSK6
1283	骂	581	581	80	99.7131	HSK5
1284	渴	581	581	68	99.7138	HSK1
1285	审	581	581	189	99.7146	HSK6
1286	增	580	580	183	99.7153	HSK3
1287	富	578	578	489	99.7160	HSK3
1288	南	577	577	989	99.7167	HSK1
1289	牢	575	571	176	99.7175	HSK6
1290	哟	574	574	67	99.7182	
1291	域	573	573	132	99.7189	HSK5
1292	戒	570	570	227	99.7196	HSK5
1293	塔	569	569	1499	99.7203	HSK6
1294	珍	569	569	392	99.7210	HSK5
1295	耐	567	567	187	99.7217	HSK5
1296	冠	564	564	228	99.7224	HSK5
1297	景	563	563	328	99.7231	HSK3
1298	唉	562	562	7	99.7239	HSK7-9
1299	遵	561	561	42	99.7246	HSK5
1300	帅	560	560	199	99.7253	HSK4
1301	伯	560	551	1683	99.7260	HSK7-9
1302	椅	559	559	95	99.7267	HSK2
1303	讯	559	559	137	99.7274	HSK6
1304	港	556	556	324	99.7281	HSK6
1305	硬	555	555	283	99.7287	HSK5
1306	掩	554	553	103	99.7294	HSK7-9
1307	愤	551	551	50	99.7301	HSK6
1308	撤	549	549	101	99.7308	HSK6
1309	趁	547	547	91	99.7315	HSK7-9
1310	婴	545	545	59	99.7322	HSK7-9
1311	蒂	544	544	1657	99.7329	HSK7-9
1312	宇	543	543	251	99.7335	HSK6
1313	糖	542	542	292	99.7342	HSK3
1314	烈	542	540	253	99.7349	HSK3
1315	宙	541	541	34	99.7356	HSK7-9
1316	葬	538	538	120	99.7363	HSK7-9
1317	瓶	537	537	218	99.7369	HSK2
1318	稳	533	533	195	99.7376	HSK4
1319	挖	532	532	139	99.7383	HSK6
1320	胆	532	532	208	99.7389	HSK5
1321	隔	531	531	209	99.7396	HSK4
1322	弱	531	531	193	99.7403	HSK4
1323	短	527	519	315	99.7409	HSK2
1324	迈	522	522	221	99.7416	HSK7-9
1325	播	520	520	275	99.7422	HSK3
1326	埋	518	518	117	99.7429	HSK6
1327	堡	516	516	360	99.7435	HSK7-9
1328	邦	515	515	327	99.7442	HSK7-9
1329	登	514	514	660	99.7448	HSK4
1330	瞒	513	513	66	99.7454	HSK7-9
1331	租	513	513	241	99.7461	HSK2
1332	踩	511	511	22	99.7467	HSK6
1333	仰	511	511	86	99.7474	HSK6
1334	例	509	509	148	99.7480	HSK2
1335	尉	508	508	28	99.7486	
1336	坦	507	507	613	99.7493	HSK5
1337	丝	506	506	1421	99.7499	HSK7-9
1338	抵	504	504	126	99.7505	HSK6
1339	材	504	504	180	99.7512	HSK3
1340	阵	502	500	274	99.7518	HSK4
1341	违	499	499	82	99.7524	HSK5
1342	詹	497	497	144	99.7530	
1343	饼	496	496	180	99.7537	HSK5
1344	农	495	495	295	99.7543	HSK3
1345	贱	495	495	131	99.7549	HSK7-9
1346	九	495	495	797	99.7555	HSK1
1347	奥	493	493	1373	99.7561	HSK7-9
1348	迫	493	493	131	99.7568	HSK4
1349	占	490	490	182	99.7574	HSK2
1350	岛	487	487	699	99.7580	HSK6
1351	驶	485	485	106	99.7586	HSK5
1352	盘	485	485	370	99.7592	HSK4
1353	奖	485	485	268	99.7598	HSK4
1354	席	483	483	409	99.7604	HSK4
1355	乡	483	483	181	99.7610	HSK3
1356	童	482	482	274	99.7616	HSK4
1357	羞	482	482	67	99.7622	HSK7-9
1358	暖	481	481	152	99.7628	HSK3
1359	限	481	481	140	99.7634	HSK4
1360	蛮	478	478	171	99.7640	HSK7-9
1361	苏	478	478	732	99.7646	HSK6
1362	脆	476	476	77	99.7652	HSK5
1363	丑	476	476	147	99.7658	HSK5
1364	闪	476	467	205	99.7664	HSK4
1365	丁	475	474	644	99.7670	HSK7-9
1366	莉	474	419	2126	99.7676	
1367	趟	472	472	54	99.7682	HSK6
1368	典	472	472	180	99.7688	HSK2
1369	龄	471	471	92	99.7694	HSK5
1370	姨	469	469	157	99.7700	HSK4
1371	营	468	468	387	99.7705	HSK3
1372	咒	464	464	102	99.7711	
1373	劫	464	464	165	99.7717	HSK7-9
1374	咪	463	431	71	99.7723	
1375	莫	463	463	1369	99.7729	HSK7-9
1376	佬	462	462	127	99.7734	
1377	赞	462	462	245	99.7740	HSK4
1378	谬	461	461	41	99.7746	HSK7-9
1379	硂	459	459	1	99.7752	
1380	晓	459	459	197	99.7758	HSK6
1381	异	459	459	240	99.7763	HSK6
1382	绿	458	458	393	99.7769	HSK2
1383	誉	458	458	69	99.7775	HSK6
1384	胖	458	457	196	99.7780	HSK3
1385	柔	456	456	176	99.7786	HSK7-9
1386	碎	455	455	240	99.7792	HSK5
1387	肤	454	454	76	99.7798	HSK5
1388	劳	452	452	657	99.7803	HSK5
1389	呐	449	449	51	99.7809	HSK7-9
1390	补	449	448	379	99.7814	HSK3
1391	汉	448	448	925	99.7820	HSK1
1392	煮	447	447	63	99.7826	HSK6
1393	臂	447	447	113	99.7831	HSK7-9
1394	兽	446	446	225	99.7837	HSK7-9
1395	扫	446	446	191	99.7842	HSK4
1396	徒	446	446	168	99.7848	HSK6
1397	砍	444	444	59	99.7854	HSK7-9
1398	啰	444	444	7	99.7859	
1399	亨	442	442	187	99.7865	
1400	批	439	439	189	99.7870	HSK3
1401	忠	438	438	233	99.7876	HSK6
1402	瞎	437	437	109	99.7881	HSK7-9
1403	爽	437	437	205	99.7887	HSK6
1404	饮	436	436	194	99.7892	HSK5
1405	帐	436	436	124	99.7897	HSK7-9
1406	鲁	436	436	1567	99.7903	HSK7-9
1407	厂	435	435	296	99.7908	HSK3
1408	尖	435	435	206	99.7914	HSK6
1409	辱	432	432	67	99.7919	HSK7-9
1410	盛	430	430	230	99.7925	HSK6
1411	滩	430	430	76	99.7930	HSK7-9
1412	势	430	430	233	99.7935	HSK3
1413	北	430	430	694	99.7941	HSK1
1414	杉	428	428	141	99.7946	
1415	矶	428	428	23	99.7952	
1416	予	428	428	115	99.7957	HSK6
1417	缺	428	428	213	99.7962	HSK3
1418	擅	427	427	34	99.7968	HSK7-9
1419	纯	426	426	224	99.7973	HSK4
1420	撑	420	420	124	99.7978	HSK6
1421	村	419	419	499	99.7983	HSK3
1422	染	418	418	209	99.7989	HSK5
1423	陛	416	416	4	99.7994	
1424	墨	414	414	307	99.7999	HSK6
1425	泡	413	404	254	99.8004	HSK6
1426	委	410	410	189	99.8009	HSK5
1427	甩	410	410	52	99.8014	HSK7-9
1428	沉	407	405	278	99.8020	HSK4
1429	述	406	406	95	99.8025	HSK4
1430	敲	405	404	120	99.8030	HSK5
1431	佛	405	405	980	99.8035	HSK6
1432	返	404	404	110	99.8040	HSK5
1433	贺	403	403	355	99.8045	HSK5
1434	河	403	403	691	99.8050	HSK2
1435	擎	401	401	23	99.8055	HSK7-9
1436	描	401	401	79	99.8060	HSK4
1437	诅	400	400	13	99.8065	
1438	牧	400	400	106	99.8070	HSK7-9
1439	纳	400	400	2150	99.8075	HSK6
1440	余	399	399	285	99.8080	HSK4
1441	塞	398	398	966	99.8085	HSK6
1442	圈	396	395	323	99.8090	HSK4
1443	肮	394	394	20	99.8095	
1444	盒	394	394	188	99.8100	HSK5
1445	奴	393	393	230	99.8105	HSK7-9
1446	祖	393	393	410	99.8110	HSK6
1447	乘	392	392	186	99.8115	HSK5
1448	摩	390	390	526	99.8119	HSK5
1449	章	387	387	268	99.8124	HSK3
1450	卧	386	386	99	99.8129	HSK5
1451	壁	386	386	170	99.8134	HSK5
1452	夺	385	385	205	99.8139	HSK6
1453	浴	384	384	134	99.8144	HSK7-9
1454	燃	383	383	118	99.8148	HSK4
1455	默	383	374	424	99.8153	HSK4
1456	霉	380	380	123	99.8158	HSK7-9
1457	捡	380	380	24	99.8163	HSK6
1458	评	380	380	164	99.8167	HSK3
1459	豪	379	379	281	99.8172	HSK5
1460	爹	379	378	134	99.8177	HSK7-9
1461	隶	377	377	22	99.8182	HSK7-9
1462	阴	376	376	261	99.8186	HSK2
1463	捉	375	375	116	99.8191	HSK6
1464	曲	375	375	349	99.8196	HSK5
1465	玻	374	374	108	99.8200	HSK5
1466	骨	374	374	458	99.8205	HSK4
1467	插	374	374	168	99.8210	HSK5
1468	献	373	373	154	99.8214	HSK5
1469	抬	372	372	95	99.8219	HSK5
1470	析	371	371	70	99.8224	HSK5
1471	妒	371	371	37	99.8228	HSK7-9
1472	璃	369	369	82	99.8233	HSK5
1473	伍	369	369	334	99.8238	HSK6
1474	盾	366	366	485	99.8242	HSK5
1475	寂	365	365	38	99.8247	HSK7-9
1476	绳	365	365	198	99.8251	HSK7-9
1477	敏	365	365	298	99.8256	HSK5
1478	诗	364	364	272	99.8261	HSK4
1479	廉	363	363	98	99.8265	HSK7-9
1480	艘	362	362	73	99.8270	HSK7-9
1481	碍	362	360	105	99.8274	HSK5
1482	壮	361	361	184	99.8279	HSK6
1483	征	361	361	174	99.8283	HSK4
1484	液	360	360	182	99.8288	HSK6
1485	仪	358	358	224	99.8292	HSK6
1486	钻	358	358	153	99.8297	HSK6
1487	渐	356	248	85	99.8301	HSK4
1488	航	356	356	283	99.8306	HSK4
1489	惑	356	356	50	99.8310	HSK7-9
1490	载	354	354	347	99.8314	HSK4
1491	编	354	354	245	99.8319	HSK4
1492	蜜	353	353	277	99.8323	HSK7-9
1493	雪	353	353	861	99.8328	HSK2
1494	针	352	352	324	99.8332	HSK4
1495	洋	348	348	339	99.8336	HSK6
1496	嫌	348	348	113	99.8341	HSK6
1497	猎	348	348	184	99.8345	HSK7-9
1498	赋	347	347	47	99.8350	HSK7-9
1499	嫉	346	346	24	99.8354	HSK7-9
1500	膀	345	345	73	99.8358	HSK7-9
1501	寞	343	343	14	99.8362	HSK7-9
1502	尴	342	342	4	99.8367	HSK7-9
1503	尬	342	342	37	99.8371	HSK7-9
1504	赖	341	341	350	99.8375	HSK6
1505	企	341	341	93	99.8380	HSK4
1506	侵	341	341	75	99.8384	HSK6
1507	筑	340	340	109	99.8388	HSK5
1508	卷	339	339	337	99.8392	HSK4
1509	频	337	337	112	99.8397	HSK5
1510	夸	335	334	84	99.8401	HSK7-9
1511	拼	334	334	143	99.8405	HSK5
1512	爵	334	334	156	99.8409	HSK7-9
1513	忌	333	333	90	99.8413	HSK7-9
1514	裙	332	332	82	99.8417	HSK3
1515	狠	332	218	136	99.8422	HSK6
1516	胸	331	331	232	99.8426	HSK4
1517	齿	330	330	148	99.8430	HSK7-9
1518	构	330	330	134	99.8434	HSK4
1519	仗	329	329	81	99.8438	HSK7-9
1520	央	328	328	98	99.8442	HSK5
1521	艰	326	326	38	99.8446	HSK5
1522	菲	326	326	843	99.8450	
1523	奏	325	325	143	99.8454	HSK6
1524	泰	325	325	985	99.8459	HSK7-9
1525	陆	324	324	295	99.8463	HSK4
1526	佳	323	323	382	99.8467	HSK6
1527	辞	321	321	129	99.8471	HSK5
1528	慧	319	319	189	99.8475	HSK6
1529	督	318	318	115	99.8479	HSK6
1530	瞄	317	317	43	99.8483	HSK7-9
1531	零	316	311	282	99.8487	HSK1
1532	曼	315	315	1469	99.8491	
1533	咯	311	307	98	99.8494	
1534	症	311	311	248	99.8498	HSK6
1535	青	310	310	538	99.8502	HSK2
1536	丧	308	308	170	99.8506	HSK6
1537	春	307	307	536	99.8510	HSK2
1538	媒	306	306	65	99.8514	HSK3
1539	恼	306	306	30	99.8518	HSK7-9
1540	恕	306	306	28	99.8521	HSK7-9
1541	妞	305	305	139	99.8525	
1542	障	305	305	117	99.8529	HSK6
1543	列	305	305	588	99.8533	HSK4
1544	耀	304	304	93	99.8537	HSK6
1545	萨	304	304	1486	99.8540	HSK7-9
1546	铁	303	303	630	99.8544	HSK2
1547	猴	302	302	159	99.8548	HSK5
1548	济	302	302	221	99.8552	HSK3
1549	欲	301	300	206	99.8556	HSK6
1550	草	301	301	518	99.8559	HSK2
1551	崩	300	300	119	99.8563	HSK7-9
1552	饶	300	300	126	99.8567	HSK7-9
1553	款	300	300	278	99.8571	HSK5
1554	廊	299	299	35	99.8574	HSK7-9
1555	震	299	299	199	99.8578	HSK5
1556	幽	299	299	77	99.8582	HSK5
1557	慰	297	297	52	99.8586	HSK5
1558	魅	296	296	29	99.8589	HSK7-9
1559	烤	296	296	142	99.8593	HSK5
1560	摇	296	293	229	99.8597	HSK4
1561	贴	295	295	190	99.8600	HSK4
1562	虫	295	294	384	99.8604	HSK4
1563	倦	293	293	48	99.8608	HSK7-9
1564	剑	293	293	350	99.8611	HSK6
1565	胎	293	293	152	99.8615	HSK7-9
1566	订	292	292	252	99.8619	HSK3
1567	灾	291	291	130	99.8622	HSK5
1568	库	290	290	639	99.8626	HSK5
1569	软	290	290	269	99.8630	HSK5
1570	璶	287	287	4	99.8633	
1571	溃	287	287	57	99.8637	HSK7-9
1572	舌	286	286	175	99.8640	HSK6
1573	槟	285	285	11	99.8644	
1574	阁	285	285	97	99.8648	HSK7-9
1575	池	285	285	233	99.8651	HSK5
1576	埃	285	285	694	99.8655	
1577	嘲	284	284	28	99.8658	HSK7-9
1578	漠	284	284	38	99.8662	HSK5
1579	桥	284	284	439	99.8665	HSK3
1580	龙	280	280	1113	99.8669	HSK3
1581	摔	278	278	56	99.8672	HSK5
1582	逐	277	277	109	99.8676	HSK4
1583	狼	276	276	301	99.8679	HSK7-9
1584	唐	276	276	425	99.8683	
1585	额	276	276	166	99.8686	HSK6
1586	娃	273	153	230	99.8690	HSK6
1587	闯	272	272	97	99.8693	HSK5
1588	朗	268	268	628	99.8696	HSK5
1589	纹	268	268	161	99.8700	HSK7-9
1590	固	268	268	134	99.8703	HSK4
1591	仿	266	266	60	99.8706	HSK5
1592	奸	265	265	130	99.8710	HSK7-9
1593	唤	265	265	55	99.8713	HSK7-9
1594	侦	264	264	59	99.8716	HSK7-9
1595	粉	262	262	359	99.8720	HSK6
1596	减	261	261	194	99.8723	HSK4
1597	策	261	261	167	99.8726	HSK6
1598	挣	260	260	55	99.8729	HSK5
1599	扎	260	260	383	99.8733	HSK6
1600	凡	260	260	375	99.8736	HSK6
1601	熊	259	257	339	99.8739	HSK5
1602	衬	258	258	62	99.8742	HSK3
1603	宰	258	258	112	99.8746	HSK7-9
1604	鼓	258	258	234	99.8749	HSK5
1605	扶	257	257	99	99.8752	HSK5
1606	蛇	257	257	299	99.8755	HSK5
1607	施	257	257	531	99.8758	HSK4
1608	虚	256	256	197	99.8762	HSK5
1609	跪	254	254	35	99.8765	HSK6
1610	宽	254	254	147	99.8768	HSK4
1611	滑	254	254	292	99.8771	HSK5
1612	耻	254	254	103	99.8774	HSK7-9
1613	雅	251	251	873	99.8778	HSK7-9
1614	磅	250	250	65	99.8781	HSK7-9
1615	痕	248	248	127	99.8784	HSK7-9
1616	阱	247	247	5	99.8787	HSK7-9
1617	衫	247	247	98	99.8790	HSK3
1618	脾	247	247	30	99.8793	HSK5
1619	喉	246	246	97	99.8796	HSK7-9
1620	尾	246	246	412	99.8799	HSK4
1621	贼	245	245	180	99.8802	HSK7-9
1622	偿	245	245	102	99.8805	HSK5
1623	召	245	245	145	99.8808	HSK4
1624	阶	244	244	147	99.8811	HSK4
1625	鲍	244	244	261	99.8815	
1626	励	244	244	34	99.8818	HSK5
1627	侮	242	242	26	99.8821	HSK7-9
1628	盟	242	242	107	99.8824	HSK6
1629	剪	242	242	140	99.8827	HSK5
1630	墓	242	242	94	99.8830	HSK6
1631	穦	241	241	5	99.8833	
1632	咙	241	241	11	99.8836	HSK7-9
1633	宗	240	240	293	99.8839	HSK6
1634	木	240	240	848	99.8842	HSK3
1635	谍	239	239	49	99.8845	HSK7-9
1636	诱	239	239	81	99.8848	HSK7-9
1637	噩	237	237	28	99.8851	
1638	洁	237	237	320	99.8854	HSK6
1639	尚	237	237	338	99.8857	HSK4
1640	劝	235	230	61	99.8860	HSK5
1641	囚	234	234	73	99.8863	HSK7-9
1642	符	234	234	173	99.8865	HSK4
1643	卑	233	233	72	99.8868	HSK7-9
1644	刑	230	230	179	99.8871	HSK7-9
1645	购	229	229	122	99.8874	HSK4
1646	芝	228	228	155	99.8877	HSK7-9
1647	肩	228	227	143	99.8880	HSK5
1648	邮	228	228	97	99.8883	HSK3
1649	伸	227	227	130	99.8886	HSK5
1650	绅	225	225	30	99.8888	HSK7-9
1651	层	225	224	302	99.8891	HSK2
1652	绩	224	224	61	99.8894	HSK2
1653	炒	224	224	89	99.8897	HSK6
1654	绕	224	224	162	99.8900	HSK5
1655	拳	224	224	317	99.8902	HSK7-9
1656	孙	223	223	299	99.8905	HSK4
1657	省	223	198	288	99.8908	HSK2
1658	薪	222	222	87	99.8911	HSK6
1659	鄙	222	222	31	99.8913	HSK7-9
1660	详	222	222	51	99.8916	HSK5
1661	兔	222	222	115	99.8919	HSK5
1662	潜	222	222	125	99.8922	HSK6
1663	苹	221	221	40	99.8925	HSK3
1664	殿	221	221	97	99.8927	HSK7-9
1665	径	221	221	80	99.8930	HSK6
1666	碞	220	220	1	99.8933	
1667	冬	220	220	219	99.8936	HSK2
1668	慈	219	219	102	99.8938	HSK7-9
1669	袖	218	218	71	99.8941	HSK6
1670	泪	218	218	148	99.8944	HSK4
1671	版	218	218	297	99.8947	HSK5
1672	蒙	218	218	941	99.8949	HSK6
1673	泣	217	217	47	99.8952	HSK7-9
1674	疾	217	217	120	99.8955	HSK6
1675	拆	216	216	118	99.8957	HSK5
1676	粹	216	216	21	99.8960	HSK7-9
1677	胞	216	216	93	99.8963	HSK6
1678	略	216	216	202	99.8966	HSK6
1679	凌	215	215	175	99.8968	HSK7-9
1680	胳	214	214	15	99.8971	HSK7-9
1681	膊	214	214	24	99.8974	HSK7-9
1682	销	214	214	188	99.8976	HSK4
1683	肃	212	212	55	99.8979	HSK5
1684	亏	209	209	76	99.8982	HSK5
1685	祸	208	208	132	99.8984	HSK7-9
1686	京	207	207	305	99.8987	HSK1
1687	盗	207	207	145	99.8989	HSK6
1688	瑟	207	207	660	99.8992	
1689	晕	206	206	134	99.8995	HSK6
1690	糊	206	204	183	99.8997	HSK5
1691	缘	205	205	129	99.9000	HSK6
1692	倍	205	205	124	99.9002	HSK4
1693	腔	204	204	395	99.9005	HSK7-9
1694	夹	204	204	162	99.9007	HSK5
1695	骚	203	203	129	99.9010	HSK7-9
1696	钮	203	203	130	99.9012	
1697	慌	203	203	80	99.9015	HSK5
1698	忽	201	201	64	99.9017	HSK2
1699	革	200	200	174	99.9020	HSK5
1700	崇	199	199	72	99.9022	HSK6
1701	勃	198	197	314	99.9025	HSK7-9
1702	妨	196	196	22	99.9027	HSK7-9
1703	荐	194	194	49	99.9030	HSK7-9
1704	氛	193	193	13	99.9032	HSK6
1705	竞	193	193	92	99.9035	HSK5
1706	琴	191	191	332	99.9037	HSK5
1707	琳	191	191	507	99.9039	
1708	湿	190	189	193	99.9042	HSK4
1709	扂	189	189	1	99.9044	
1710	懦	189	189	12	99.9047	
1711	偏	189	143	167	99.9049	HSK6
1712	巾	188	188	59	99.9051	HSK4
1713	涂	188	188	230	99.9054	HSK7-9
1714	瞬	187	187	46	99.9056	HSK7-9
1715	伪	187	187	70	99.9058	HSK7-9
1716	党	187	187	365	99.9061	HSK6
1717	涉	187	187	89	99.9063	HSK6
1718	益	186	186	158	99.9065	HSK4
1719	沮	184	184	26	99.9068	HSK7-9
1720	讽	184	184	156	99.9070	HSK7-9
1721	赐	184	184	70	99.9072	HSK7-9
1722	端	184	183	289	99.9075	HSK6
1723	迅	183	183	36	99.9077	HSK4
1724	恒	182	182	101	99.9079	HSK7-9
1725	膝	182	182	70	99.9081	HSK7-9
1726	舰	182	182	184	99.9084	HSK6
1727	遥	181	181	83	99.9086	HSK7-9
1728	珠	181	181	287	99.9088	HSK5
1729	售	180	180	143	99.9090	HSK4
1730	愈	180	160	190	99.9093	HSK7-9
1731	宫	180	180	439	99.9095	HSK6
1732	蹈	179	179	45	99.9097	HSK6
1733	宴	179	179	79	99.9099	HSK6
1734	缠	179	179	107	99.9102	HSK7-9
1735	岸	178	178	157	99.9104	HSK5
1736	昏	178	178	122	99.9106	HSK6
1737	亦	177	177	76	99.9108	HSK7-9
1738	弧	175	175	187	99.9111	HSK7-9
1739	帕	175	175	1114	99.9113	HSK7-9
1740	宾	175	175	434	99.9115	HSK5
1741	沿	174	174	98	99.9117	HSK6
1742	钢	174	174	261	99.9119	HSK5
1743	喽	173	173	10	99.9121	
1744	巫	171	171	72	99.9124	HSK7-9
1745	齐	170	170	556	99.9126	HSK3
1746	饰	170	170	153	99.9128	HSK5
1747	辑	170	170	52	99.9130	HSK5
1748	灰	170	170	309	99.9132	HSK5
1749	傅	169	169	106	99.9134	HSK5
1750	粗	169	169	160	99.9136	HSK4
1751	逗	168	168	77	99.9138	HSK7-9
1752	栋	168	168	122	99.9141	HSK7-9
1753	穷	168	168	198	99.9143	HSK4
1754	沟	167	167	112	99.9145	HSK5
1755	屠	166	166	67	99.9147	HSK7-9
1756	翅	165	165	67	99.9149	HSK7-9
1757	辩	165	165	113	99.9151	HSK4
1758	延	165	165	178	99.9153	HSK4
1759	薄	164	164	265	99.9155	HSK4
1760	赔	164	164	117	99.9157	HSK5
1761	肥	164	164	349	99.9159	HSK4
1762	咦	163	163	1	99.9161	
1763	戚	163	163	59	99.9163	HSK7-9
1764	番	162	162	103	99.9165	HSK6
1765	荡	162	159	158	99.9167	HSK7-9
1766	柜	162	162	150	99.9169	HSK5
1767	丰	161	161	174	99.9171	HSK3
1768	幅	161	161	106	99.9173	HSK5
1769	账	161	161	122	99.9175	HSK6
1770	乏	160	160	42	99.9177	HSK5
1771	钉	160	160	168	99.9179	HSK7-9
1772	扁	159	159	92	99.9181	HSK6
1773	瘦	158	158	112	99.9183	HSK5
1774	肌	158	158	93	99.9185	HSK5
1775	振	158	158	188	99.9187	HSK5
1776	亿	158	158	246	99.9189	HSK2
1777	仁	157	157	347	99.9191	HSK7-9
1778	舔	156	156	5	99.9193	HSK7-9
1779	玫	156	156	35	99.9195	HSK7-9
1780	瑰	156	156	19	99.9197	HSK7-9
1781	蹲	156	156	34	99.9199	HSK6
1782	倾	155	155	109	99.9201	HSK6
1783	奉	155	155	173	99.9203	HSK6
1784	胃	154	154	111	99.9205	HSK5
1785	羊	154	154	329	99.9207	HSK3
1786	笵	153	153	4	99.9209	
1787	扇	153	153	103	99.9211	HSK5
1788	拦	153	153	93	99.9213	HSK7-9
1789	甲	153	153	317	99.9214	HSK5
1790	娱	152	152	43	99.9216	HSK6
1791	咐	151	151	15	99.9218	HSK7-9
1792	谊	151	151	32	99.9220	HSK5
1793	砰	151	148	5	99.9222	
1794	宠	151	151	72	99.9224	HSK6
1795	谷	151	151	416	99.9226	HSK6
1796	吩	150	150	8	99.9228	HSK7-9
1797	俊	150	150	383	99.9230	HSK7-9
1798	眠	150	150	88	99.9231	HSK5
1799	坟	149	149	37	99.9233	HSK7-9
1800	兹	149	149	1268	99.9235	HSK7-9
1801	旋	149	149	124	99.9237	HSK6
1802	患	149	149	115	99.9239	HSK6
1803	癌	148	148	93	99.9241	HSK7-9
1804	淹	148	148	31	99.9243	HSK7-9
1805	渣	147	147	87	99.9244	HSK7-9
1806	仆	147	147	60	99.9246	HSK7-9
1807	瓦	147	147	1253	99.9248	HSK7-9
1808	钓	146	146	93	99.9250	HSK7-9
1809	仓	146	146	220	99.9252	HSK6
1810	衡	146	146	129	99.9254	HSK6
1811	割	146	146	179	99.9255	HSK7-9
1812	寸	146	146	151	99.9257	HSK4
1813	泄	146	146	76	99.9259	HSK7-9
1814	裁	146	146	140	99.9261	HSK5
1815	姿	145	145	111	99.9263	HSK7-9
1816	素	144	144	442	99.9265	HSK6
1817	箭	143	143	184	99.9266	HSK6
1818	率	143	143	267	99.9268	HSK4
1819	勉	142	142	27	99.9270	HSK7-9
1820	坞	142	142	19	99.9272	
1821	烫	142	142	53	99.9273	HSK7-9
1822	挤	142	142	142	99.9275	HSK5
1823	蜡	141	141	98	99.9277	HSK7-9
1824	滋	141	141	110	99.9279	HSK7-9
1825	逻	141	141	42	99.9281	HSK5
1826	酪	140	140	30	99.9282	
1827	植	140	140	249	99.9284	HSK4
1828	陈	140	140	477	99.9286	HSK7-9
1829	融	140	140	110	99.9288	HSK6
1830	妥	140	140	104	99.9289	HSK7-9
1831	坠	140	140	82	99.9291	HSK7-9
1832	隧	139	139	17	99.9293	HSK7-9
1833	烛	139	139	68	99.9295	HSK7-9
1834	淋	139	136	110	99.9296	HSK7-9
1835	署	139	139	121	99.9298	HSK7-9
1836	毙	139	139	130	99.9300	HSK7-9
1837	眔	138	138	1	99.9302	
1838	械	138	138	68	99.9303	HSK6
1839	潮	138	138	215	99.9305	HSK4
1840	梅	138	138	1150	99.9307	HSK6
1841	郎	138	138	349	99.9308	HSK4
1842	裹	137	137	70	99.9310	HSK4
1843	虎	137	135	383	99.9312	HSK5
1844	钩	137	137	114	99.9314	HSK7-9
1845	轨	136	136	85	99.9315	HSK6
1846	皆	135	135	52	99.9317	HSK7-9
1847	柏	135	135	839	99.9319	HSK7-9
1848	慕	135	135	198	99.9320	HSK7-9
1849	佩	135	135	570	99.9322	HSK7-9
1850	奔	135	135	155	99.9324	HSK6
1851	舍	135	135	269	99.9325	HSK5
1852	挨	134	133	78	99.9327	HSK6
1853	筁	133	133	11	99.9329	
1854	匹	133	133	219	99.9330	HSK5
1855	裂	133	133	179	99.9332	HSK6
1856	核	132	132	276	99.9334	HSK5
1857	癸	131	131	68	99.9335	
1858	唇	131	131	106	99.9337	HSK7-9
1859	扣	131	131	233	99.9339	HSK6
1860	庄	131	131	229	99.9340	HSK6
1861	抖	131	131	103	99.9342	HSK7-9
1862	刮	130	130	123	99.9344	HSK6
1863	韩	130	130	283	99.9345	
1864	毯	130	130	42	99.9347	HSK7-9
1865	抚	130	130	65	99.9348	HSK7-9
1866	贾	129	129	403	99.9350	HSK7-9
1867	堵	129	129	106	99.9352	HSK4
1868	浑	128	128	56	99.9353	HSK7-9
1869	递	128	128	93	99.9355	HSK4
1870	腊	127	127	142	99.9356	HSK7-9
1871	畜	126	126	54	99.9358	HSK7-9
1872	逊	126	126	333	99.9360	HSK7-9
1873	污	125	125	137	99.9361	HSK5
1874	拘	125	125	42	99.9363	HSK7-9
1875	哀	124	124	106	99.9364	HSK7-9
1876	弥	123	123	137	99.9366	HSK7-9
1877	湖	123	123	445	99.9367	HSK2
1878	桶	123	123	129	99.9369	HSK7-9
1879	睁	123	98	18	99.9370	HSK7-9
1880	咋	122	122	19	99.9372	
1881	唬	122	122	22	99.9374	HSK7-9
1882	巡	122	122	119	99.9375	HSK7-9
1883	舱	122	122	164	99.9377	HSK7-9
1884	闲	122	122	221	99.9378	HSK5
1885	贷	121	121	87	99.9380	HSK5
1886	琼	121	121	172	99.9381	
1887	豆	121	119	275	99.9383	HSK4
1888	伏	121	121	193	99.9384	HSK7-9
1889	斓	120	120	95	99.9386	
1890	抹	120	120	80	99.9387	HSK7-9
1891	押	120	120	131	99.9389	HSK5
1892	溜	120	118	119	99.9390	HSK7-9
1893	辣	120	120	219	99.9392	HSK4
1894	逛	120	92	41	99.9393	HSK4
1895	厦	119	119	25	99.9395	HSK7-9
1896	堕	119	119	45	99.9396	HSK7-9
1897	季	119	119	251	99.9398	HSK4
1898	页	118	118	130	99.9399	HSK1
1899	积	118	118	237	99.9401	HSK3
1900	侣	118	118	37	99.9402	HSK7-9
1901	御	117	117	228	99.9404	HSK7-9
1902	炮	117	117	316	99.9405	HSK6
1903	宿	116	116	136	99.9406	HSK5
1904	君	116	116	615	99.9408	HSK7-9
1905	忧	116	116	86	99.9409	HSK6
1906	谣	115	115	28	99.9411	HSK7-9
1907	酱	115	115	189	99.9412	HSK6
1908	篇	114	114	133	99.9414	HSK2
1909	腐	114	114	118	99.9415	HSK4
1910	芭	114	76	132	99.9417	HSK7-9
1911	羡	113	113	25	99.9418	HSK7-9
1912	豫	113	113	23	99.9419	HSK5
1913	肠	113	113	203	99.9421	HSK5
1914	纵	113	113	112	99.9422	HSK6
1915	扭	113	113	119	99.9424	HSK6
1916	弯	113	113	146	99.9425	HSK4
1917	裸	112	108	91	99.9426	HSK7-9
1918	链	112	112	133	99.9428	HSK7-9
1919	含	112	112	176	99.9429	HSK4
1920	淇	111	111	25	99.9431	
1921	谨	111	111	66	99.9432	HSK7-9
1922	耽	111	111	16	99.9433	HSK7-9
1923	堪	110	110	123	99.9435	HSK7-9
1924	愧	110	110	41	99.9436	HSK7-9
1925	吞	110	108	128	99.9438	HSK6
1926	役	110	110	63	99.9439	HSK7-9
1927	漏	110	110	176	99.9440	HSK5
1928	酬	109	109	49	99.9442	HSK7-9
1929	幼	109	109	143	99.9443	HSK4
1930	喘	109	109	62	99.9444	HSK7-9
1931	蕾	109	109	359	99.9446	HSK7-9
1932	痷	108	108	1	99.9447	
1933	牵	108	108	115	99.9448	HSK6
1934	沃	107	107	903	99.9450	HSK7-9
1935	铃	107	107	210	99.9451	HSK5
1936	秨	106	106	1	99.9452	
1937	狮	106	106	163	99.9454	HSK7-9
1938	慎	106	106	61	99.9455	HSK7-9
1939	吊	106	106	218	99.9456	HSK6
1940	秩	105	105	15	99.9458	HSK7-9
1941	珊	105	105	195	99.9459	
1942	妆	105	105	107	99.9460	HSK7-9
1943	碗	105	105	113	99.9462	HSK2
1944	勾	105	105	98	99.9463	HSK7-9
1945	罩	105	105	83	99.9464	HSK7-9
1946	础	104	104	29	99.9466	HSK3
1947	薇	104	103	219	99.9467	
1948	疚	104	104	17	99.9468	
1949	喷	104	104	221	99.9470	HSK5
1950	诊	104	104	86	99.9471	HSK5
1951	焰	103	103	50	99.9472	HSK7-9
1952	氓	103	103	13	99.9473	HSK7-9
1953	询	103	103	82	99.9475	HSK5
1954	培	103	103	245	99.9476	HSK4
1955	轰	103	101	98	99.9477	HSK7-9
1956	卢	103	103	541	99.9479	
1957	焦	103	103	108	99.9480	HSK6
1958	芬	103	103	424	99.9481	HSK7-9
1959	冻	103	103	178	99.9482	HSK5
1960	翴	102	102	2	99.9484	
1961	贡	102	102	116	99.9485	HSK6
1962	氧	102	102	143	99.9486	HSK6
1963	诡	102	102	52	99.9488	
1964	霍	102	102	552	99.9489	HSK7-9
1965	窃	102	101	92	99.9490	HSK7-9
1966	咧	101	101	39	99.9491	HSK7-9
1967	删	101	101	27	99.9493	HSK7-9
1968	贪	101	101	88	99.9494	HSK7-9
1969	汇	101	101	151	99.9495	HSK4
1970	棍	101	101	137	99.9496	HSK7-9
1971	瘾	101	101	47	99.9498	HSK7-9
1972	丛	100	100	70	99.9499	HSK7-9
1973	蜂	100	100	113	99.9500	HSK7-9
1974	猛	100	100	195	99.9501	HSK6
1975	陋	99	99	25	99.9503	HSK7-9
1976	饱	99	99	95	99.9504	HSK2
1977	佣	99	99	38	99.9505	HSK7-9
1978	呗	98	98	1	99.9506	
1979	债	98	98	147	99.9508	HSK6
1980	踏	98	98	129	99.9509	HSK6
1981	轴	97	97	107	99.9510	HSK7-9
1982	挽	97	97	46	99.9511	HSK7-9
1983	龟	97	97	189	99.9512	HSK7-9
1984	镑	97	97	45	99.9514	HSK7-9
1985	葡	97	97	51	99.9515	HSK5
1986	萄	97	97	30	99.9516	HSK5
1987	荷	97	97	321	99.9517	HSK7-9
1988	哩	96	96	230	99.9519	
1989	搅	96	96	73	99.9520	HSK7-9
1990	蛤	95	95	166	99.9521	
1991	矮	95	95	115	99.9522	HSK4
1992	跌	95	95	136	99.9523	HSK6
1993	妖	94	94	122	99.9524	HSK7-9
1994	侄	94	94	27	99.9526	
1995	凉	94	94	222	99.9527	HSK2
1996	昂	94	94	240	99.9528	HSK7-9
1997	棺	93	93	40	99.9529	HSK7-9
1998	沾	93	93	73	99.9530	HSK7-9
1999	笼	93	93	169	99.9532	HSK7-9
2000	币	93	93	123	99.9533	HSK3
2001	圆	93	92	292	99.9534	HSK4
2002	乳	93	93	193	99.9535	HSK6
2003	艇	93	93	99	99.9536	HSK7-9
2004	歇	93	91	132	99.9537	HSK5
2005	瞷	92	92	1	99.9538	
2006	阅	92	92	67	99.9540	HSK4
2007	蝇	92	92	116	99.9541	HSK7-9
2008	填	92	92	134	99.9542	HSK4
2009	慷	91	91	14	99.9543	HSK7-9
2010	慨	91	91	30	99.9544	HSK7-9
2011	吼	91	90	48	99.9545	HSK7-9
2012	饥	91	91	47	99.9547	HSK7-9
2013	呦	90	90	1	99.9548	
2014	虐	90	90	67	99.9549	HSK7-9
2015	懒	90	90	87	99.9550	HSK6
2016	乌	90	90	429	99.9551	HSK6
2017	袜	89	89	61	99.9552	HSK4
2018	杜	89	89	832	99.9553	HSK7-9
2019	僵	89	89	36	99.9554	HSK7-9
2020	缩	89	89	189	99.9555	HSK4
2021	撕	89	89	59	99.9557	HSK7-9
2022	唔	88	88	2	99.9558	
2023	岩	88	88	201	99.9559	HSK7-9
2024	蛛	88	88	32	99.9560	
2025	铐	88	88	25	99.9561	
2026	缝	88	88	163	99.9562	HSK7-9
2027	朱	88	88	360	99.9563	HSK7-9
2028	董	88	88	75	99.9564	HSK7-9
2029	泥	88	88	222	99.9565	HSK6
2030	汗	88	88	156	99.9567	HSK5
2031	汀	87	87	160	99.9568	
2032	驱	87	87	112	99.9569	HSK7-9
2033	纠	87	87	55	99.9570	HSK6
2034	扩	87	87	68	99.9571	HSK4
2035	贩	87	87	82	99.9572	HSK7-9
2036	岆	86	86	1	99.9573	
2037	芙	86	86	176	99.9574	
2038	苍	86	86	61	99.9575	HSK7-9
2039	拔	86	86	273	99.9576	HSK5
2040	揭	86	86	67	99.9577	HSK6
2041	戳	85	85	15	99.9578	HSK7-9
2042	蜘	85	85	24	99.9579	
2043	谱	85	85	96	99.9581	HSK7-9
2044	悦	85	85	80	99.9582	HSK7-9
2045	册	85	85	129	99.9583	HSK5
2046	叶	85	85	483	99.9584	HSK4
2047	癣	84	84	109	99.9585	
2048	缉	84	84	26	99.9586	HSK7-9
2049	催	84	84	104	99.9587	HSK7-9
2050	剂	84	84	302	99.9588	HSK7-9
2051	诶	83	83	1	99.9589	
2052	靴	83	83	55	99.9590	HSK7-9
2053	憎	83	83	37	99.9591	
2054	拨	83	83	164	99.9592	HSK6
2055	熬	83	83	42	99.9593	HSK7-9
2056	辨	82	82	133	99.9594	HSK7-9
2057	恰	82	69	114	99.9595	HSK6
2058	嗑	81	81	4	99.9596	
2059	稽	81	81	25	99.9597	HSK7-9
2060	措	81	81	59	99.9598	HSK4
2061	抑	81	81	42	99.9599	HSK7-9
2062	赎	81	81	33	99.9600	HSK7-9
2063	罐	81	81	181	99.9601	HSK7-9
2064	忏	80	80	10	99.9602	
2065	琵	80	80	70	99.9603	
2066	捣	80	80	57	99.9604	HSK7-9
2067	汁	80	80	143	99.9605	HSK3
2068	淡	80	79	166	99.9606	HSK4
2069	刷	80	80	139	99.9607	HSK4
2070	悄	80	41	29	99.9608	HSK5
2071	钞	79	79	33	99.9609	HSK7-9
2072	狡	79	79	24	99.9610	HSK7-9
2073	郁	79	79	91	99.9611	HSK7-9
2074	捅	78	78	10	99.9612	HSK7-9
2075	鲨	78	78	30	99.9613	HSK7-9
2076	舅	78	40	45	99.9614	HSK7-9
2077	脉	78	78	153	99.9615	HSK7-9
2078	泽	78	78	749	99.9616	HSK7-9
2079	闷	78	74	119	99.9617	HSK7-9
2080	稚	77	77	26	99.9618	HSK7-9
2081	披	77	77	81	99.9619	HSK5
2082	噪	76	76	34	99.9620	HSK7-9
2083	盔	76	76	20	99.9621	
2084	腰	76	76	159	99.9622	HSK4
2085	秋	76	76	437	99.9623	HSK2
2086	疏	75	75	56	99.9624	HSK7-9
2087	玉	74	74	463	99.9625	HSK4
2088	携	74	74	59	99.9626	HSK7-9
2089	窝	74	74	142	99.9627	HSK7-9
2090	岂	74	74	26	99.9627	HSK7-9
2091	柯	74	74	619	99.9628	
2092	茄	74	74	40	99.9629	HSK6
2093	妄	74	74	55	99.9630	HSK7-9
2094	尘	74	73	180	99.9631	HSK7-9
2095	晰	73	73	19	99.9632	HSK7-9
2096	戮	73	73	25	99.9633	
2097	猾	73	73	22	99.9634	HSK7-9
2098	葛	73	73	861	99.9635	
2099	勋	72	72	138	99.9636	HSK7-9
2100	云	72	72	684	99.9637	HSK2
2101	睹	72	72	67	99.9638	HSK7-9
2102	均	72	72	98	99.9638	HSK4
2103	滴	72	72	207	99.9639	HSK6
2104	婪	71	71	6	99.9640	HSK7-9
2105	叭	71	71	39	99.9641	HSK7-9
2106	兜	71	66	71	99.9642	HSK7-9
2107	呜	70	68	45	99.9643	HSK7-9
2108	聋	70	70	65	99.9644	HSK7-9
2109	涯	70	70	27	99.9645	HSK7-9
2110	摘	70	70	93	99.9646	HSK5
2111	渡	70	70	176	99.9646	HSK6
2112	湾	70	70	230	99.9647	HSK6
2113	芒	69	69	73	99.9648	HSK7-9
2114	穴	69	69	96	99.9649	HSK7-9
2115	罕	69	69	99	99.9650	HSK7-9
2116	鸽	68	68	59	99.9651	HSK7-9
2117	枕	68	68	64	99.9652	HSK7-9
2118	疲	68	68	47	99.9652	HSK7-9
2119	墅	67	67	11	99.9653	HSK7-9
2120	腥	67	67	35	99.9654	HSK7-9
2121	枚	67	67	49	99.9655	HSK7-9
2122	覆	67	67	97	99.9656	HSK7-9
2123	惠	67	67	361	99.9657	HSK5
2124	截	67	67	121	99.9657	HSK6
2125	孔	67	67	253	99.9658	
2126	蕉	66	66	33	99.9659	HSK3
2127	兼	66	66	78	99.9660	HSK7-9
2128	杆	66	66	279	99.9661	HSK6
2129	贫	66	66	110	99.9662	HSK6
2130	賸	65	65	2	99.9662	
2131	蝴	65	65	43	99.9663	
2132	缸	65	65	55	99.9664	HSK7-9
2133	雕	65	65	100	99.9665	HSK7-9
2134	剥	65	65	66	99.9666	HSK7-9
2135	悯	64	64	10	99.9666	
2136	棘	64	64	17	99.9667	HSK7-9
2137	寒	64	64	176	99.9668	HSK4
2138	辉	64	64	202	99.9669	HSK6
2139	猩	64	32	21	99.9670	HSK7-9
2140	繁	64	64	79	99.9670	HSK5
2141	礛	63	63	1	99.9671	
2142	镖	62	62	31	99.9672	
2143	篷	62	62	35	99.9673	HSK7-9
2144	矛	62	62	90	99.9674	HSK5
2145	劣	62	62	70	99.9674	HSK7-9
2146	诀	62	62	102	99.9675	HSK7-9
2147	屈	62	62	196	99.9676	HSK7-9
2148	戈	62	62	668	99.9677	HSK7-9
2149	诸	62	62	110	99.9677	HSK6
2150	煎	62	62	29	99.9678	HSK7-9
2151	祇	61	61	2	99.9679	
2152	厢	61	61	55	99.9680	HSK7-9
2153	薯	61	61	72	99.9681	HSK6
2154	桑	61	61	606	99.9681	HSK7-9
2155	逝	61	61	68	99.9682	HSK7-9
2156	屉	60	60	8	99.9683	HSK7-9
2157	刹	60	60	63	99.9684	HSK7-9
2158	蝶	60	60	102	99.9684	
2159	庞	60	60	123	99.9685	HSK7-9
2160	驴	60	60	75	99.9686	
2161	畏	60	60	65	99.9687	HSK7-9
2162	丸	60	60	133	99.9687	HSK7-9
2163	腕	59	59	123	99.9688	HSK7-9
2164	杠	59	59	116	99.9689	HSK7-9
2165	鸭	59	59	117	99.9690	HSK5
2166	厚	59	58	194	99.9690	HSK4
2167	哄	58	57	41	99.9691	HSK7-9
2168	莓	58	58	56	99.9692	
2169	喇	58	58	50	99.9692	HSK7-9
2170	丫	58	58	108	99.9693	HSK7-9
2171	添	58	58	156	99.9694	HSK6
2172	循	58	58	60	99.9695	HSK6
2173	屌	57	57	2	99.9695	
2174	乃	57	57	194	99.9696	HSK7-9
2175	盲	57	57	175	99.9697	HSK6
2176	悬	57	57	94	99.9697	HSK6
2177	雾	57	57	179	99.9698	HSK7-9
2178	缓	57	53	114	99.9699	HSK4
2179	侧	57	57	191	99.9700	HSK6
2180	颇	56	56	54	99.9700	HSK7-9
2181	弊	56	56	58	99.9701	HSK7-9
2182	敞	56	56	25	99.9702	HSK7-9
2183	肺	56	56	88	99.9702	HSK6
2184	搏	56	56	62	99.9703	HSK7-9
2185	塑	56	56	81	99.9704	HSK4
2186	田	56	56	734	99.9705	HSK6
2187	捐	56	56	89	99.9705	HSK6
2188	盐	55	55	170	99.9706	HSK4
2189	掘	55	55	60	99.9707	HSK7-9
2190	虾	55	55	100	99.9707	HSK7-9
2191	肖	55	55	214	99.9708	HSK7-9
2192	棵	55	55	51	99.9709	HSK4
2193	郡	54	54	118	99.9709	
2194	暑	54	54	35	99.9710	HSK4
2195	炼	54	54	130	99.9711	HSK4
2196	铺	54	54	130	99.9711	HSK6
2197	祥	54	54	371	99.9712	HSK6
2198	叉	54	54	129	99.9713	HSK5
2199	鹰	54	54	161	99.9713	HSK7-9
2200	唷	53	53	1	99.9714	
2201	酗	53	53	36	99.9715	HSK7-9
2202	斤	53	53	138	99.9715	HSK2
2203	夷	53	53	47	99.9716	HSK7-9
2204	晒	53	53	66	99.9717	HSK4
2205	俘	53	53	17	99.9717	HSK7-9
2206	哲	53	53	305	99.9718	HSK6
2207	呕	53	53	34	99.9719	HSK7-9
2208	伞	53	53	101	99.9719	HSK4
2209	旗	53	53	193	99.9720	HSK6
2210	狦	52	52	2	99.9721	
2211	馅	52	52	32	99.9721	HSK7-9
2212	咳	52	51	38	99.9722	HSK5
2213	疫	52	52	48	99.9723	HSK7-9
2214	遣	52	52	104	99.9723	HSK7-9
2215	跨	52	52	84	99.9724	HSK6
2216	姊	52	38	27	99.9725	
2217	澳	52	52	62	99.9725	
2218	竒	51	51	2	99.9726	
2219	玡	51	51	1	99.9727	
2220	颤	51	51	53	99.9727	HSK7-9
2221	抄	51	51	95	99.9728	HSK4
2222	捏	51	51	38	99.9728	HSK7-9
2223	疤	51	51	40	99.9729	
2224	呈	51	51	50	99.9730	HSK7-9
2225	俗	51	51	144	99.9730	HSK4
2226	狩	50	50	21	99.9731	
2227	饵	50	50	21	99.9732	HSK7-9
2228	洒	50	50	107	99.9732	HSK5
2229	韦	50	50	391	99.9733	
2230	栏	50	50	137	99.9733	HSK6
2231	胶	50	50	198	99.9734	HSK5
2232	嘱	49	49	17	99.9735	HSK7-9
2233	旨	49	49	68	99.9735	HSK7-9
2234	翔	49	49	81	99.9736	HSK7-9
2235	橄	49	49	14	99.9737	
2236	榄	49	49	23	99.9737	
2237	狙	49	49	15	99.9738	
2238	垫	49	49	108	99.9738	HSK7-9
2239	顽	49	49	36	99.9739	HSK6
2240	乞	49	49	33	99.9740	HSK7-9
2241	筋	49	49	80	99.9740	HSK7-9
2242	盼	49	49	62	99.9741	HSK6
2243	帘	48	48	52	99.9741	HSK5
2244	贿	48	48	33	99.9742	HSK7-9
2245	粘	48	48	108	99.9743	HSK7-9
2246	寡	48	48	56	99.9743	HSK7-9
2247	棕	48	48	63	99.9744	
2248	笆	48	48	58	99.9744	
2249	映	48	48	108	99.9745	HSK4
2250	鸦	48	48	45	99.9746	HSK7-9
2251	歹	48	48	38	99.9746	HSK7-9
2252	侍	48	48	61	99.9747	HSK7-9
2253	锻	47	47	20	99.9747	HSK4
2254	稲	47	47	70	99.9748	
2255	拟	47	47	81	99.9749	HSK7-9
2256	润	47	47	118	99.9749	HSK5
2257	虏	47	47	30	99.9750	HSK7-9
2258	搁	47	47	42	99.9750	HSK7-9
2259	臣	47	47	186	99.9751	HSK7-9
2260	漆	47	46	144	99.9752	HSK7-9
2261	储	47	47	134	99.9752	HSK6
2262	趾	46	46	30	99.9753	
2263	扳	46	46	40	99.9753	HSK7-9
2264	柴	46	46	172	99.9754	HSK5
2265	赣	46	46	144	99.9754	
2266	勿	46	46	47	99.9755	HSK7-9
2267	匆	46	38	27	99.9756	HSK7-9
2268	腾	46	45	154	99.9756	HSK7-9
2269	谜	46	46	30	99.9757	HSK7-9
2270	宅	46	46	164	99.9757	HSK6
2271	赂	45	45	10	99.9758	HSK7-9
2272	杨	45	45	306	99.9758	HSK7-9
2273	炫	45	45	73	99.9759	HSK7-9
2274	鲸	45	45	72	99.9760	
2275	扑	45	45	81	99.9760	HSK6
2276	仙	45	45	363	99.9761	HSK7-9
2277	榴	44	44	28	99.9761	
2278	狸	44	44	51	99.9762	
2279	崔	44	44	341	99.9762	
2280	臀	44	44	39	99.9763	
2281	娅	44	44	226	99.9763	
2282	跃	44	44	74	99.9764	HSK6
2283	浮	44	44	187	99.9765	HSK6
2284	厄	44	44	157	99.9765	HSK7-9
2285	篮	44	44	108	99.9766	HSK2
2286	奈	44	44	613	99.9766	HSK5
2287	炉	44	44	137	99.9767	HSK6
2288	砆	43	43	1	99.9767	
2289	窒	43	43	39	99.9768	HSK7-9
2290	徽	43	43	60	99.9768	HSK7-9
2291	腹	43	43	203	99.9769	HSK7-9
2292	熄	43	43	27	99.9769	HSK7-9
2293	殖	43	43	54	99.9770	HSK6
2294	耗	43	43	126	99.9771	HSK6
2295	疭	42	42	1	99.9771	
2296	狟	42	42	1	99.9772	
2297	猭	42	42	2	99.9772	
2298	缚	42	42	23	99.9773	HSK7-9
2299	蔬	42	42	28	99.9773	HSK5
2300	蛙	42	42	54	99.9774	HSK7-9
2301	狐	42	42	109	99.9774	
2302	瓣	42	42	117	99.9775	HSK7-9
2303	坑	42	42	125	99.9775	HSK7-9
2304	摊	42	42	110	99.9776	HSK7-9
2305	嫂	42	42	64	99.9776	HSK7-9
2306	屏	42	42	85	99.9777	HSK6
2307	兆	42	42	108	99.9777	HSK7-9
2308	鉴	42	42	72	99.9778	HSK6
2309	筹	42	42	97	99.9778	HSK7-9
2310	晃	42	39	100	99.9779	HSK7-9
2311	眖	41	41	1	99.9779	
2312	岗	41	41	90	99.9780	HSK6
2313	粮	41	41	122	99.9781	HSK4
2314	逞	41	41	29	99.9781	HSK7-9
2315	磁	41	41	120	99.9782	HSK7-9
2316	喻	41	41	37	99.9782	HSK7-9
2317	淘	41	41	42	99.9783	HSK7-9
2318	塌	41	41	72	99.9783	HSK7-9
2319	甘	41	41	346	99.9784	HSK7-9
2320	籼	40	40	33	99.9784	
2321	煌	40	40	30	99.9785	HSK7-9
2322	禽	40	40	38	99.9785	HSK7-9
2323	绰	40	39	35	99.9786	HSK7-9
2324	醋	40	40	52	99.9786	HSK6
2325	孽	40	40	68	99.9787	
2326	凑	40	40	79	99.9787	HSK7-9
2327	黛	40	40	455	99.9788	
2328	婶	40	26	38	99.9788	
2329	锋	40	40	120	99.9789	HSK6
2330	矿	40	40	190	99.9789	HSK4
2331	獭	39	39	36	99.9790	
2332	虔	39	39	14	99.9790	HSK7-9
2333	吾	39	39	147	99.9791	
2334	履	39	39	71	99.9791	HSK7-9
2335	捧	39	39	36	99.9792	HSK7-9
2336	昧	39	39	65	99.9792	HSK7-9
2337	柠	39	39	43	99.9793	
2338	檬	39	39	19	99.9793	
2339	歪	39	36	83	99.9794	HSK7-9
2340	挚	39	39	18	99.9794	HSK7-9
2341	淫	39	39	157	99.9794	
2342	诈	39	39	74	99.9795	HSK7-9
2343	赫	39	39	642	99.9795	HSK7-9
2344	瞪	38	38	44	99.9796	HSK7-9
2345	葱	38	38	62	99.9796	HSK7-9
2346	叨	38	36	37	99.9797	HSK7-9
2347	恳	38	38	24	99.9797	HSK7-9
2348	垒	38	38	82	99.9798	HSK7-9
2349	郊	38	38	39	99.9798	HSK5
2350	窥	38	38	93	99.9799	HSK7-9
2351	税	38	38	188	99.9799	HSK6
2352	禗	37	37	1	99.9800	
2353	岿	37	37	37	99.9800	
2354	涴	37	37	1	99.9801	
2355	崖	37	37	50	99.9801	HSK7-9
2356	嗦	37	37	22	99.9802	HSK7-9
2357	崽	37	37	41	99.9802	
2358	刘	37	37	284	99.9803	
2359	览	37	37	52	99.9803	HSK5
2360	叹	37	37	67	99.9803	HSK6
2361	挪	37	37	78	99.9804	HSK7-9
2362	捷	37	37	154	99.9804	HSK7-9
2363	匪	37	37	67	99.9805	HSK7-9
2364	搂	36	36	11	99.9805	HSK7-9
2365	髦	36	36	10	99.9806	HSK7-9
2366	筿	36	36	1	99.9806	
2367	舧	36	36	3	99.9807	
2368	皂	36	36	26	99.9807	HSK7-9
2369	枝	36	36	204	99.9808	HSK6
2370	菌	36	36	123	99.9808	HSK6
2371	契	36	36	235	99.9808	HSK7-9
2372	绘	36	36	119	99.9809	HSK6
2373	鹅	36	36	148	99.9809	HSK7-9
2374	穆	36	36	265	99.9810	HSK7-9
2375	壳	36	36	126	99.9810	HSK7-9
2376	扬	36	36	217	99.9811	HSK4
2377	稰	35	35	1	99.9811	
2378	牠	35	35	1	99.9812	
2379	茎	35	35	24	99.9812	HSK7-9
2380	紫	35	35	174	99.9812	HSK5
2381	江	35	35	398	99.9813	HSK4
2382	躁	35	35	51	99.9813	HSK7-9
2383	嘉	35	35	659	99.9814	HSK6
2384	桃	35	35	231	99.9814	HSK5
2385	祭	35	35	82	99.9815	HSK7-9
2386	泉	35	35	169	99.9815	HSK4
2387	狥	34	34	1	99.9815	
2388	礚	34	34	2	99.9816	
2389	嗽	34	34	10	99.9816	HSK7-9
2390	粄	34	34	1	99.9817	
2391	羽	34	34	142	99.9817	HSK5
2392	唠	34	33	15	99.9818	HSK7-9
2393	蝙	34	34	6	99.9818	
2394	蝠	34	34	22	99.9818	
2395	哑	34	34	71	99.9819	HSK7-9
2396	蔽	34	34	30	99.9819	HSK7-9
2397	赴	34	34	34	99.9820	HSK7-9
2398	辅	34	34	110	99.9820	HSK5
2399	隆	34	33	497	99.9821	HSK7-9
2400	歧	34	34	26	99.9821	HSK7-9
2401	瘟	33	33	18	99.9821	HSK7-9
2402	曝	33	33	11	99.9822	HSK7-9
2403	瀑	33	33	14	99.9822	HSK7-9
2404	珨	33	33	3	99.9823	
2405	瘫	33	33	33	99.9823	HSK7-9
2406	痪	33	33	9	99.9824	HSK7-9
2407	冤	33	33	74	99.9824	HSK7-9
2408	枉	33	33	29	99.9824	HSK7-9
2409	沼	33	33	49	99.9825	HSK7-9
2410	爪	33	33	88	99.9825	HSK7-9
2411	痒	33	30	65	99.9826	HSK7-9
2412	槽	33	33	69	99.9826	HSK7-9
2413	铲	33	33	46	99.9826	HSK7-9
2414	竭	33	33	124	99.9827	HSK7-9
2415	寿	33	33	179	99.9827	HSK5
2416	灌	33	33	104	99.9828	HSK7-9
2417	拐	33	33	74	99.9828	HSK6
2418	萝	33	33	509	99.9828	HSK7-9
2419	谐	32	32	26	99.9829	HSK6
2420	吟	32	32	40	99.9829	
2421	榜	32	32	54	99.9830	HSK6
2422	蔓	32	32	75	99.9830	HSK7-9
2423	届	32	32	89	99.9830	HSK5
2424	洱	32	27	80	99.9831	
2425	遮	32	31	113	99.9831	HSK7-9
2426	筒	32	32	127	99.9832	HSK7-9
2427	膛	32	32	30	99.9832	HSK7-9
2428	碟	32	32	80	99.9832	HSK7-9
2429	盿	31	31	1	99.9833	
2430	稦	31	31	1	99.9833	
2431	炳	31	31	157	99.9834	
2432	噬	31	31	31	99.9834	
2433	呻	31	31	7	99.9834	
2434	螂	31	31	13	99.9835	
2435	嚼	31	31	42	99.9835	HSK7-9
2436	哮	31	31	11	99.9836	
2437	悼	31	31	33	99.9836	HSK7-9
2438	勤	31	31	212	99.9836	HSK5
2439	虹	30	30	36	99.9837	HSK7-9
2440	痊	30	30	4	99.9837	
2441	聆	30	30	5	99.9837	
2442	蟑	30	30	6	99.9838	
2443	崭	30	30	6	99.9838	HSK7-9
2444	惫	30	30	14	99.9839	HSK7-9
2445	撼	30	30	25	99.9839	HSK7-9
2446	楷	30	30	49	99.9839	HSK7-9
2447	蔼	30	30	65	99.9840	HSK7-9
2448	莽	30	30	29	99.9840	HSK7-9
2449	谦	30	30	60	99.9840	HSK6
2450	匿	30	30	36	99.9841	HSK7-9
2451	赤	30	30	186	99.9841	HSK7-9
2452	橱	30	30	21	99.9842	HSK7-9
2453	犬	30	30	181	99.9842	HSK7-9
2454	翼	30	26	194	99.9842	HSK7-9
2455	拽	29	29	5	99.9843	HSK7-9
2456	婓	29	29	2	99.9843	
2457	瞆	29	29	1	99.9843	
2458	骤	29	29	27	99.9844	HSK7-9
2459	淑	29	29	104	99.9844	
2460	剔	29	29	34	99.9845	HSK7-9
2461	蚁	29	29	45	99.9845	
2462	宪	29	29	61	99.9845	HSK7-9
2463	谴	29	29	16	99.9846	HSK7-9
2464	跤	29	29	40	99.9846	HSK7-9
2465	闽	29	29	61	99.9846	
2466	宋	29	29	184	99.9847	
2467	酸	29	29	305	99.9847	HSK4
2468	晶	29	28	143	99.9847	HSK7-9
2469	庇	29	29	45	99.9848	
2470	宵	29	29	38	99.9848	HSK7-9
2471	翁	29	29	134	99.9849	HSK7-9
2472	眨	29	29	11	99.9849	HSK7-9
2473	桩	29	29	50	99.9849	HSK7-9
2474	肝	29	29	102	99.9850	HSK6
2475	衷	29	29	36	99.9850	HSK7-9
2476	皑	28	28	133	99.9850	
2477	衄	28	28	1	99.9851	
2478	咆	28	28	7	99.9851	
2479	鱿	28	28	6	99.9851	
2480	棋	28	28	156	99.9852	HSK7-9
2481	颠	28	28	83	99.9852	HSK7-9
2482	丐	27	27	2	99.9852	HSK7-9
2483	讼	27	27	25	99.9853	HSK7-9
2484	抉	27	27	12	99.9853	
2485	酋	27	27	10	99.9853	
2486	徘	27	27	7	99.9854	HSK7-9
2487	徊	27	27	11	99.9854	HSK7-9
2488	蚂	27	27	15	99.9854	
2489	澄	27	27	44	99.9855	HSK7-9
2490	鳄	27	27	11	99.9855	HSK7-9
2491	捞	27	27	83	99.9855	HSK7-9
2492	菇	27	27	43	99.9856	HSK7-9
2493	籍	27	27	97	99.9856	HSK5
2494	兑	27	27	48	99.9856	HSK7-9
2495	峡	27	27	38	99.9857	HSK7-9
2496	剃	27	27	31	99.9857	HSK7-9
2497	幢	27	27	33	99.9857	HSK7-9
2498	斥	27	27	47	99.9858	HSK7-9
2499	咨	26	26	20	99.9858	HSK6
2500	渊	26	26	54	99.9858	HSK7-9
2501	嗷	26	26	9	99.9859	
2502	碌	26	26	27	99.9859	HSK7-9
2503	砛	26	26	1	99.9859	
2504	坪	26	26	32	99.9860	HSK7-9
2505	焊	26	26	119	99.9860	HSK7-9
2506	铅	26	26	57	99.9860	HSK6
2507	绷	26	26	21	99.9861	HSK7-9
2508	娩	26	26	31	99.9861	
2509	棉	26	26	109	99.9861	HSK6
2510	斩	26	26	81	99.9862	HSK7-9
2511	翘	26	23	56	99.9862	HSK7-9
2512	逢	26	26	85	99.9862	HSK7-9
2513	聘	26	26	79	99.9863	HSK6
2514	鹿	26	26	209	99.9863	HSK7-9
2515	驳	26	26	52	99.9863	HSK7-9
2516	削	26	26	101	99.9864	HSK7-9
2517	串	26	26	108	99.9864	HSK6
2518	驻	26	26	84	99.9864	HSK6
2519	拷	26	26	33	99.9865	
2520	衰	26	26	157	99.9865	HSK7-9
2521	辐	25	25	33	99.9865	HSK7-9
2522	穝	25	25	2	99.9866	
2523	玂	25	25	2	99.9866	
2524	捍	25	25	11	99.9866	HSK7-9
2525	殴	25	25	18	99.9867	HSK7-9
2526	纨	25	25	9	99.9867	
2527	伺	25	25	23	99.9867	HSK7-9
2528	赦	25	25	29	99.9867	
2529	厩	25	25	68	99.9868	
2530	赠	25	25	81	99.9868	HSK5
2531	掏	25	25	42	99.9868	HSK6
2532	绞	25	25	81	99.9869	HSK7-9
2533	悟	25	25	73	99.9869	HSK6
2534	蓄	25	25	78	99.9869	HSK7-9
2535	奢	25	25	26	99.9870	HSK7-9
2536	稀	25	25	89	99.9870	HSK7-9
2537	钡	24	24	17	99.9870	
2538	墟	24	24	10	99.9871	HSK7-9
2539	蘑	24	24	14	99.9871	HSK7-9
2540	肈	24	24	1	99.9871	
2541	吁	24	23	12	99.9872	HSK7-9
2542	钝	24	24	33	99.9872	
2543	劈	24	24	49	99.9872	HSK7-9
2544	骸	24	24	65	99.9872	
2545	泊	24	24	183	99.9873	HSK7-9
2546	粒	24	24	115	99.9873	HSK7-9
2547	秃	24	24	37	99.9873	HSK7-9
2548	浓	24	24	110	99.9874	HSK4
2549	橡	24	24	93	99.9874	HSK7-9
2550	坡	24	24	113	99.9874	HSK6
2551	哨	24	24	71	99.9875	HSK7-9
2552	横	24	24	217	99.9875	HSK6
2553	盽	23	23	1	99.9875	
2554	糗	23	23	1	99.9875	
2555	卦	23	23	25	99.9876	HSK7-9
2556	扒	23	23	24	99.9876	HSK7-9
2557	揪	23	23	10	99.9876	HSK7-9
2558	灿	23	23	124	99.9877	HSK7-9
2559	牡	23	23	59	99.9877	HSK7-9
2560	惕	23	23	15	99.9877	HSK7-9
2561	椒	23	23	37	99.9877	HSK7-9
2562	蟹	23	23	73	99.9878	
2563	践	23	23	26	99.9878	HSK6
2564	肿	23	23	110	99.9878	HSK6
2565	鞭	23	23	77	99.9879	HSK7-9
2566	嚷	23	13	34	99.9879	HSK7-9
2567	佐	23	22	452	99.9879	HSK7-9
2568	促	23	23	55	99.9879	HSK4
2569	稿	23	23	106	99.9880	HSK6
2570	俺	22	22	15	99.9880	
2571	瓳	22	22	1	99.9880	
2572	飓	22	22	5	99.9881	
2573	瑸	22	22	1	99.9881	
2574	窖	22	22	12	99.9881	
2575	疠	22	22	39	99.9881	
2576	驼	22	22	44	99.9882	
2577	贸	22	22	73	99.9882	HSK5
2578	烹	22	22	19	99.9882	HSK7-9
2579	嚣	22	22	19	99.9882	
2580	募	22	22	32	99.9883	HSK7-9
2581	潘	22	22	300	99.9883	
2582	锤	22	22	70	99.9883	HSK7-9
2583	憋	22	22	13	99.9884	HSK7-9
2584	涨	22	22	143	99.9884	HSK5
2585	躯	22	22	45	99.9884	HSK7-9
2586	眉	22	22	136	99.9884	HSK7-9
2587	井	22	21	362	99.9885	HSK6
2588	蹭	22	21	16	99.9885	HSK7-9
2589	纱	22	22	116	99.9885	HSK7-9
2590	肆	22	22	42	99.9885	HSK7-9
2591	柄	22	22	42	99.9886	HSK7-9
2592	茫	22	20	45	99.9886	HSK7-9
2593	垮	22	22	34	99.9886	HSK7-9
2594	茱	22	22	172	99.9887	
2595	纷	22	15	60	99.9887	HSK4
2596	秆	21	21	37	99.9887	
2597	汰	21	21	36	99.9887	HSK7-9
2598	坻	21	21	128	99.9888	
2599	盢	21	21	2	99.9888	
2600	哗	21	21	29	99.9888	HSK7-9
2601	骆	21	21	49	99.9888	
2602	侏	21	21	7	99.9889	
2603	亵	21	21	16	99.9889	
2604	综	21	21	36	99.9889	HSK4
2605	甸	21	21	34	99.9889	HSK7-9
2606	浸	21	21	72	99.9890	HSK7-9
2607	渺	21	21	26	99.9890	HSK7-9
2608	嗜	21	21	31	99.9890	HSK7-9
2609	洪	21	21	303	99.9891	HSK6
2610	逍	21	21	7	99.9891	
2611	滥	21	21	66	99.9891	HSK7-9
2612	颈	21	21	101	99.9891	HSK7-9
2613	橙	21	21	61	99.9892	HSK7-9
2614	肾	21	21	57	99.9892	HSK7-9
2615	夕	21	21	103	99.9892	HSK5
2616	馨	20	20	32	99.9892	HSK7-9
2617	屿	20	20	9	99.9893	HSK7-9
2618	儒	20	20	49	99.9893	HSK7-9
2619	饪	20	20	3	99.9893	
2620	衅	20	20	8	99.9893	HSK7-9
2621	昆	20	20	193	99.9894	HSK7-9
2622	挫	20	20	48	99.9894	HSK7-9
2623	铭	20	20	56	99.9894	HSK7-9
2624	掷	20	20	25	99.9894	
2625	锐	20	20	74	99.9895	HSK7-9
2626	逆	20	20	120	99.9895	HSK7-9
2627	飘	20	17	144	99.9895	HSK7-9
2628	浅	20	20	125	99.9895	HSK4
2629	杖	20	20	36	99.9896	HSK7-9
2630	泼	20	20	104	99.9896	HSK5
2631	祟	20	11	15	99.9896	
2632	廷	20	20	135	99.9896	HSK7-9
2633	梳	20	20	64	99.9897	HSK7-9
2634	豚	19	19	22	99.9897	
2635	甡	19	19	1	99.9897	
2636	氨	19	19	49	99.9897	
2637	惭	19	19	8	99.9898	HSK7-9
2638	喵	19	19	1	99.9898	
2639	琩	19	19	1	99.9898	
2640	婿	19	19	19	99.9898	HSK7-9
2641	菊	19	19	109	99.9899	HSK7-9
2642	浩	19	19	350	99.9899	HSK7-9
2643	朽	19	19	25	99.9899	HSK7-9
2644	脂	19	19	95	99.9899	HSK7-9
2645	掰	19	18	16	99.9899	HSK7-9
2646	珀	19	19	133	99.9900	
2647	掀	19	19	41	99.9900	HSK7-9
2648	瘤	19	19	50	99.9900	HSK7-9
2649	邓	19	19	137	99.9900	
2650	柱	19	19	175	99.9901	HSK6
2651	寺	19	19	139	99.9901	HSK6
2652	掐	19	19	23	99.9901	HSK7-9
2653	粪	19	19	69	99.9901	HSK7-9
2654	蒜	19	19	29	99.9902	HSK7-9
2655	侠	19	19	113	99.9902	HSK7-9
2656	沦	19	19	20	99.9902	
2657	兮	19	10	28	99.9902	
2658	矪	18	18	1	99.9903	
2659	颊	18	18	20	99.9903	HSK7-9
2660	傍	18	18	26	99.9903	HSK6
2661	烁	18	18	12	99.9903	HSK7-9
2662	矗	18	18	27	99.9903	
2663	衔	18	18	33	99.9904	HSK7-9
2664	樱	18	18	89	99.9904	
2665	县	18	18	204	99.9904	HSK4
2666	斧	18	18	39	99.9904	HSK7-9
2667	拇	18	18	16	99.9905	
2668	巢	18	18	77	99.9905	HSK7-9
2669	狄	18	18	434	99.9905	
2670	刊	18	18	96	99.9905	HSK6
2671	侈	18	18	13	99.9905	HSK7-9
2672	伐	18	18	100	99.9906	HSK7-9
2673	嗅	18	18	23	99.9906	HSK7-9
2674	卜	18	18	226	99.9906	HSK7-9
2675	锅	18	18	192	99.9906	HSK5
2676	卸	18	18	72	99.9907	HSK7-9
2677	畅	18	18	58	99.9907	HSK6
2678	斑	18	18	116	99.9907	HSK7-9
2679	颁	18	18	29	99.9907	HSK7-9
2680	峰	18	18	215	99.9908	HSK6
2681	悠	18	18	80	99.9908	HSK7-9
2682	獶	17	17	1	99.9908	
2683	硄	17	17	1	99.9908	
2684	渎	17	17	19	99.9908	
2685	跺	17	17	30	99.9909	
2686	絋	17	17	1	99.9909	
2687	呸	17	17	1	99.9909	
2688	驹	17	17	88	99.9909	
2689	靡	17	17	65	99.9909	
2690	躬	17	17	35	99.9910	HSK7-9
2691	剖	17	17	36	99.9910	HSK7-9
2692	盏	17	17	33	99.9910	HSK7-9
2693	裕	17	17	76	99.9910	HSK7-9
2694	蚀	17	17	47	99.9911	HSK7-9
2695	丘	17	17	203	99.9911	HSK7-9
2696	雀	17	17	122	99.9911	HSK7-9
2697	裔	17	17	38	99.9911	HSK7-9
2698	氏	17	17	294	99.9911	HSK7-9
2699	莲	17	17	343	99.9912	HSK7-9
2700	巷	17	17	93	99.9912	HSK7-9
2701	绊	17	17	43	99.9912	
2702	券	17	17	78	99.9912	HSK6
2703	垂	17	17	153	99.9912	HSK7-9
2704	蒸	17	17	82	99.9913	HSK7-9
2705	砀	16	16	27	99.9913	
2706	肪	16	16	13	99.9913	HSK7-9
2707	螟	16	16	42	99.9913	
2708	糑	16	16	1	99.9913	
2709	矹	16	16	1	99.9914	
2710	睲	16	16	1	99.9914	
2711	蚊	16	16	41	99.9914	HSK7-9
2712	肋	16	16	28	99.9914	
2713	媳	16	16	34	99.9914	HSK7-9
2714	痉	16	16	19	99.9915	
2715	坨	16	16	10	99.9915	
2716	渗	16	16	43	99.9915	HSK7-9
2717	仑	16	16	45	99.9915	
2718	苗	16	16	93	99.9915	HSK7-9
2719	嗓	16	16	27	99.9916	HSK7-9
2720	弓	16	16	121	99.9916	HSK7-9
2721	辰	16	16	78	99.9916	HSK7-9
2722	曹	16	16	135	99.9916	
2723	渔	16	16	54	99.9916	HSK7-9
2724	溺	16	16	30	99.9917	
2725	囊	16	16	96	99.9917	HSK7-9
2726	陶	16	16	216	99.9917	HSK7-9
2727	茨	16	16	301	99.9917	
2728	煤	16	16	117	99.9917	HSK5
2729	绵	16	15	81	99.9918	HSK7-9
2730	庙	16	16	82	99.9918	HSK7-9
2731	愁	16	16	91	99.9918	HSK5
2732	坛	16	16	93	99.9918	HSK7-9
2733	癫	16	13	70	99.9918	
2734	窍	16	16	28	99.9919	HSK7-9
2735	膏	16	16	77	99.9919	HSK7-9
2736	浆	16	16	86	99.9919	HSK7-9
2737	朕	15	15	1	99.9919	
2738	冯	15	15	111	99.9919	
2739	帜	15	15	6	99.9920	HSK7-9
2740	鞠	15	15	21	99.9920	HSK7-9
2741	啃	15	15	20	99.9920	HSK7-9
2742	罴	15	15	1	99.9920	
2743	弦	15	15	88	99.9920	HSK7-9
2744	扛	15	15	19	99.9921	HSK7-9
2745	沫	15	15	53	99.9921	HSK7-9
2746	朴	15	15	344	99.9921	HSK7-9
2747	梭	15	15	80	99.9921	
2748	轿	15	15	31	99.9921	HSK7-9
2749	掠	15	15	49	99.9921	HSK7-9
2750	啪	15	13	19	99.9922	
2751	胀	15	15	57	99.9922	HSK7-9
2752	豹	15	15	93	99.9922	HSK7-9
2753	姬	15	15	322	99.9922	
2754	晋	15	15	49	99.9922	HSK7-9
2755	梁	15	15	214	99.9923	HSK6
2756	匠	15	15	89	99.9923	HSK7-9
2757	碑	15	15	47	99.9923	HSK7-9
2758	肢	15	15	58	99.9923	HSK7-9
2759	螺	15	15	67	99.9923	HSK7-9
2760	叮	15	14	63	99.9924	HSK7-9
2761	琪	15	14	327	99.9924	
2762	凝	15	15	76	99.9924	HSK7-9
2763	咕	15	11	85	99.9924	
2764	镯	14	14	12	99.9924	
2765	酚	14	14	71	99.9924	
2766	寐	14	14	18	99.9925	
2767	箦	14	14	1	99.9925	
2768	栅	14	14	35	99.9925	
2769	狝	14	14	1	99.9925	
2770	吴	14	14	242	99.9925	
2771	烊	14	14	1	99.9926	
2772	螃	14	14	4	99.9926	
2773	琍	14	14	1	99.9926	
2774	芯	14	14	42	99.9926	HSK7-9
2775	悚	14	14	9	99.9926	
2776	踹	14	14	2	99.9926	HSK7-9
2777	烬	14	14	8	99.9927	
2778	悍	14	14	43	99.9927	
2779	颅	14	14	32	99.9927	
2780	碧	14	14	291	99.9927	HSK7-9
2781	厘	14	14	53	99.9927	HSK4
2782	拚	14	14	17	99.9927	
2783	凤	14	14	238	99.9928	HSK7-9
2784	绽	14	14	18	99.9928	HSK7-9
2785	辖	14	14	21	99.9928	HSK7-9
2786	芥	14	14	36	99.9928	
2787	褐	14	14	73	99.9928	
2788	岳	14	14	49	99.9929	HSK7-9
2789	脊	14	14	59	99.9929	HSK7-9
2790	簿	14	14	46	99.9929	
2791	贯	14	14	73	99.9929	HSK6
2792	喋	14	7	7	99.9929	
2793	斜	14	14	91	99.9929	HSK5
2794	阔	14	14	83	99.9930	HSK6
2795	呛	14	14	9	99.9930	HSK7-9
2796	捆	14	14	45	99.9930	HSK7-9
2797	坎	14	14	256	99.9930	
2798	昔	14	14	32	99.9930	HSK7-9
2799	炎	14	14	156	99.9930	HSK6
2800	霸	14	14	190	99.9931	HSK7-9
2801	柑	13	13	59	99.9931	
2802	踝	13	13	8	99.9931	
2803	蹋	13	13	11	99.9931	
2804	睾	13	13	20	99.9931	
2805	铬	13	13	22	99.9931	
2806	揉	13	13	17	99.9932	HSK7-9
2807	羘	13	13	2	99.9932	
2808	笲	13	13	1	99.9932	
2809	禲	13	13	1	99.9932	
2810	歼	13	13	22	99.9932	HSK7-9
2811	癳	13	13	1	99.9932	
2812	傀	13	13	8	99.9933	
2813	儡	13	13	97	99.9933	
2814	孬	13	13	7	99.9933	
2815	塘	13	13	43	99.9933	HSK7-9
2816	拧	13	13	14	99.9933	HSK7-9
2817	茉	13	13	38	99.9933	
2818	咸	13	13	139	99.9934	HSK4
2819	窟	13	13	51	99.9934	HSK7-9
2820	哔	13	13	17	99.9934	
2821	吨	13	13	64	99.9934	HSK5
2822	驰	13	13	73	99.9934	HSK7-9
2823	熏	13	13	66	99.9934	HSK7-9
2824	僚	13	13	20	99.9935	HSK7-9
2825	叙	13	12	52	99.9935	HSK7-9
2826	庸	13	13	44	99.9935	HSK7-9
2827	帆	13	13	135	99.9935	HSK7-9
2828	狭	13	13	57	99.9935	HSK7-9
2829	茜	13	13	335	99.9935	
2830	赵	12	12	175	99.9935	
2831	沐	12	12	21	99.9936	HSK7-9
2832	瞅	12	12	9	99.9936	HSK7-9
2833	镉	12	12	9	99.9936	
2834	溅	12	12	32	99.9936	HSK7-9
2835	拎	12	12	3	99.9936	HSK7-9
2836	簆	12	12	1	99.9936	
2837	凰	12	12	15	99.9937	HSK7-9
2838	祂	12	12	1	99.9937	
2839	哒	12	12	11	99.9937	
2840	囱	12	12	4	99.9937	HSK7-9
2841	垛	12	12	10	99.9937	
2842	伎	12	12	19	99.9937	
2843	匈	12	12	14	99.9937	
2844	秽	12	12	27	99.9938	HSK7-9
2845	淌	12	12	14	99.9938	HSK7-9
2846	驯	12	12	48	99.9938	HSK7-9
2847	涡	12	12	29	99.9938	HSK7-9
2848	飙	12	12	55	99.9938	HSK7-9
2849	癖	12	12	30	99.9938	
2850	逸	12	12	63	99.9938	HSK7-9
2851	卓	12	12	416	99.9939	HSK7-9
2852	酵	12	10	60	99.9939	HSK7-9
2853	津	12	12	170	99.9939	HSK7-9
2854	袍	12	12	67	99.9939	HSK7-9
2855	铜	12	12	140	99.9939	HSK6
2856	枯	12	12	69	99.9939	HSK7-9
2857	藤	12	12	334	99.9940	HSK7-9
2858	糙	11	11	18	99.9940	HSK7-9
2859	瓁	11	11	1	99.9940	
2860	讪	11	11	4	99.9940	
2861	淆	11	11	6	99.9940	HSK7-9
2862	珂	11	11	16	99.9940	
2863	阑	11	11	50	99.9940	
2864	笷	11	11	2	99.9941	
2865	醚	11	11	11	99.9941	
2866	眎	11	11	2	99.9941	
2867	窾	11	11	1	99.9941	
2868	玷	11	11	3	99.9941	
2869	扉	11	11	7	99.9941	
2870	瞴	11	11	1	99.9941	
2871	苛	11	11	20	99.9941	HSK7-9
2872	潇	11	11	14	99.9942	HSK7-9
2873	膨	11	11	19	99.9942	HSK7-9
2874	甥	11	11	9	99.9942	
2875	煽	11	11	19	99.9942	HSK7-9
2876	羔	11	11	15	99.9942	
2877	挟	11	11	16	99.9942	HSK7-9
2878	僻	11	11	35	99.9942	HSK7-9
2879	凳	11	11	31	99.9943	HSK7-9
2880	缆	11	11	37	99.9943	HSK7-9
2881	嫩	11	11	79	99.9943	HSK7-9
2882	卒	11	11	21	99.9943	HSK7-9
2883	郑	11	11	189	99.9943	HSK7-9
2884	锯	11	11	70	99.9943	HSK7-9
2885	竖	11	11	36	99.9943	HSK7-9
2886	伽	11	11	92	99.9944	
2887	奎	11	11	268	99.9944	
2888	沸	11	11	47	99.9944	HSK7-9
2889	衍	11	11	22	99.9944	HSK7-9
2890	撇	11	11	32	99.9944	HSK7-9
2891	迁	11	11	87	99.9944	HSK6
2892	吋	10	10	1	99.9944	
2893	惰	10	10	15	99.9944	HSK7-9
2894	臔	10	10	1	99.9945	
2895	妦	10	10	1	99.9945	
2896	膻	10	10	20	99.9945	
2897	烩	10	10	10	99.9945	
2898	蜥	10	10	11	99.9945	
2899	蜴	10	10	6	99.9945	
2900	膥	10	10	1	99.9945	
2901	皊	10	10	1	99.9945	
2902	缲	10	10	1	99.9946	
2903	猁	10	10	51	99.9946	
2904	粥	10	10	25	99.9946	HSK6
2905	嘞	10	10	1	99.9946	
2906	拙	10	10	44	99.9946	HSK7-9
2907	拭	10	10	12	99.9946	
2908	姜	10	10	165	99.9946	HSK7-9
2909	陨	10	10	11	99.9946	HSK7-9
2910	矣	10	10	16	99.9947	HSK7-9
2911	锦	10	10	118	99.9947	HSK7-9
2912	钦	10	10	78	99.9947	HSK7-9
2913	剁	10	10	4	99.9947	
2914	恙	10	10	13	99.9947	
2915	亥	10	10	61	99.9947	
2916	氮	10	10	49	99.9947	
2917	蹦	10	10	34	99.9947	HSK7-9
2918	泛	10	10	85	99.9948	HSK5
2919	纤	10	10	68	99.9948	HSK7-9
2920	炖	10	10	49	99.9948	HSK7-9
2921	黏	10	10	63	99.9948	HSK7-9
2922	勺	10	10	67	99.9948	HSK6
2923	浇	10	10	58	99.9948	HSK7-9
2924	魁	10	10	96	99.9948	HSK7-9
2925	挠	10	10	54	99.9948	HSK7-9
2926	锚	10	10	53	99.9949	
2927	栽	10	10	54	99.9949	HSK7-9
2928	萧	10	10	125	99.9949	HSK7-9
2929	砖	10	10	92	99.9949	HSK7-9
2930	壶	10	10	73	99.9949	HSK6
2931	晴	10	10	80	99.9949	HSK2
2932	侯	10	10	160	99.9949	
2933	涌	10	10	81	99.9949	HSK7-9
2934	贞	10	10	131	99.9950	HSK7-9
2935	胊	9	9	2	99.9950	
2936	匕	9	9	25	99.9950	
2937	玑	9	9	26	99.9950	
2938	痹	9	9	12	99.9950	HSK7-9
2939	殃	9	9	15	99.9950	HSK7-9
2940	筷	9	9	11	99.9950	HSK2
2941	睼	9	9	1	99.9950	
2942	畍	9	9	1	99.9951	
2943	踞	9	9	25	99.9951	
2944	贰	9	9	5	99.9951	
2945	腀	9	9	1	99.9951	
2946	锣	9	9	70	99.9951	
2947	眷	9	9	29	99.9951	
2948	愣	9	9	12	99.9951	HSK7-9
2949	曙	9	9	3	99.9951	HSK7-9
2950	瑈	9	9	2	99.9951	
2951	眏	9	9	1	99.9952	
2952	絬	9	9	1	99.9952	
2953	猵	9	9	1	99.9952	
2954	繦	9	9	1	99.9952	
2955	锈	9	9	81	99.9952	HSK7-9
2956	腺	9	9	53	99.9952	HSK7-9
2957	燥	9	9	46	99.9952	HSK7-9
2958	匡	9	9	65	99.9952	
2959	蔑	9	9	12	99.9952	HSK7-9
2960	宏	9	9	130	99.9953	HSK6
2961	舷	9	9	31	99.9953	
2962	矫	9	9	45	99.9953	HSK7-9
2963	琐	9	9	18	99.9953	
2964	犀	9	9	12	99.9953	
2965	孟	9	9	137	99.9953	
2966	焚	9	9	48	99.9953	HSK7-9
2967	拌	9	9	35	99.9953	HSK7-9
2968	阀	9	9	56	99.9953	HSK7-9
2969	缅	9	9	27	99.9954	HSK7-9
2970	藉	9	9	20	99.9954	
2971	跋	9	9	47	99.9954	
2972	坝	9	9	54	99.9954	HSK7-9
2973	艳	9	9	127	99.9954	HSK5
2974	冈	9	9	248	99.9954	HSK7-9
2975	芳	9	9	196	99.9954	HSK7-9
2976	咽	9	9	48	99.9954	HSK7-9
2977	嬷	9	6	32	99.9954	
2978	邋	8	8	6	99.9955	
2979	遢	8	8	6	99.9955	
2980	椎	8	8	40	99.9955	
2981	漩	8	8	3	99.9955	
2982	橇	8	8	14	99.9955	
2983	粜	8	8	1	99.9955	
2984	獽	8	8	1	99.9955	
2985	欸	8	8	1	99.9955	
2986	绸	8	8	28	99.9955	HSK7-9
2987	獹	8	8	1	99.9955	
2988	䉤	8	8	1	99.9956	
2989	筽	8	8	1	99.9956	
2990	佽	8	8	1	99.9956	
2991	纡	8	8	9	99.9956	
2992	繧	8	8	4	99.9956	
2993	糒	8	8	1	99.9956	
2994	琢	8	8	17	99.9956	HSK7-9
2995	盉	8	8	1	99.9956	
2996	殆	8	8	7	99.9956	
2997	硈	8	8	1	99.9956	
2998	秖	8	8	1	99.9957	
2999	霹	8	8	18	99.9957	
3000	雳	8	8	13	99.9957	
3001	禣	8	8	2	99.9957	
3002	奻	8	8	1	99.9957	
3003	驭	8	8	7	99.9957	HSK7-9
3004	袱	8	8	5	99.9957	HSK7-9
3005	晾	8	8	15	99.9957	
3006	壤	8	8	20	99.9957	HSK7-9
3007	肛	8	8	33	99.9957	
3008	骰	8	8	15	99.9958	
3009	瑜	8	8	23	99.9958	
3010	辽	8	8	57	99.9958	HSK7-9
3011	皱	8	8	46	99.9958	HSK7-9
3012	溪	8	8	112	99.9958	HSK7-9
3013	橘	8	8	55	99.9958	HSK7-9
3014	辙	8	8	18	99.9958	HSK7-9
3015	觅	8	8	21	99.9958	HSK7-9
3016	嚎	8	8	45	99.9958	
3017	川	8	8	469	99.9958	HSK7-9
3018	敷	8	8	52	99.9959	HSK7-9
3019	掺	8	8	28	99.9959	HSK7-9
3020	奄	8	4	6	99.9959	
3021	茸	8	4	12	99.9959	
3022	瘸	8	8	10	99.9959	
3023	饲	8	8	21	99.9959	HSK7-9
3024	攀	8	8	80	99.9959	HSK7-9
3025	鸣	8	8	194	99.9959	HSK7-9
3026	笛	8	8	80	99.9959	HSK7-9
3027	舵	8	8	49	99.9959	HSK7-9
3028	嬉	8	8	15	99.9960	HSK7-9
3029	俯	8	8	41	99.9960	HSK7-9
3030	叠	8	8	90	99.9960	HSK7-9
3031	耿	8	4	46	99.9960	HSK7-9
3032	盆	8	8	132	99.9960	HSK5
3033	焉	7	7	30	99.9960	
3034	篊	7	7	1	99.9960	
3035	畉	7	7	1	99.9960	
3036	玱	7	7	1	99.9960	
3037	椰	7	7	37	99.9960	HSK7-9
3038	痜	7	7	1	99.9960	
3039	猔	7	7	1	99.9961	
3040	鹦	7	7	8	99.9961	
3041	鹉	7	7	4	99.9961	
3042	玒	7	7	14	99.9961	
3043	菩	7	7	18	99.9961	HSK7-9
3044	蜗	7	7	17	99.9961	
3045	忒	7	7	20	99.9961	
3046	荧	7	7	10	99.9961	HSK7-9
3047	綼	7	7	1	99.9961	
3048	眤	7	7	1	99.9961	
3049	罺	7	7	1	99.9961	
3050	眶	7	7	28	99.9962	
3051	硑	7	7	1	99.9962	
3052	蹊	7	7	10	99.9962	
3053	跷	7	7	24	99.9962	
3054	瘆	7	7	1	99.9962	
3055	峈	7	7	1	99.9962	
3056	珇	7	7	1	99.9962	
3057	骷	7	7	5	99.9962	
3058	髅	7	7	5	99.9962	
3059	篱	7	7	28	99.9962	
3060	篓	7	7	70	99.9962	
3061	鲑	7	7	4	99.9963	
3062	涕	7	7	15	99.9963	HSK7-9
3063	譬	7	7	6	99.9963	HSK7-9
3064	洽	7	7	25	99.9963	HSK7-9
3065	侥	7	7	16	99.9963	
3066	昵	7	7	27	99.9963	
3067	谤	7	7	24	99.9963	HSK7-9
3068	甭	7	7	16	99.9963	
3069	疙	7	7	10	99.9963	
3070	瘩	7	7	12	99.9963	
3071	肘	7	7	49	99.9963	
3072	瑕	7	7	12	99.9963	
3073	框	7	7	95	99.9964	HSK7-9
3074	瘪	7	7	21	99.9964	
3075	凄	7	7	27	99.9964	HSK7-9
3076	亭	7	7	79	99.9964	HSK7-9
3077	舟	7	7	88	99.9964	HSK7-9
3078	窄	7	7	56	99.9964	HSK7-9
3079	噜	7	7	32	99.9964	
3080	旺	7	7	187	99.9964	HSK6
3081	棚	7	7	83	99.9964	HSK7-9
3082	嘟	7	5	67	99.9964	
3083	屑	7	7	52	99.9964	HSK7-9
3084	腻	7	7	60	99.9965	HSK7-9
3085	砃	6	6	1	99.9965	
3086	虱	6	6	16	99.9965	
3087	噗	6	6	14	99.9965	
3088	祘	6	6	1	99.9965	
3089	淮	6	6	63	99.9965	
3090	珿	6	6	1	99.9965	
3091	痞	6	6	27	99.9965	
3092	簘	6	6	2	99.9965	
3093	羛	6	6	1	99.9965	
3094	捎	6	6	9	99.9965	HSK7-9
3095	揽	6	6	51	99.9965	HSK7-9
3096	函	6	6	60	99.9965	HSK7-9
3097	痁	6	6	1	99.9965	
3098	碉	6	6	5	99.9966	
3099	倘	6	6	12	99.9966	HSK7-9
3100	腞	6	6	2	99.9966	
3101	楣	6	6	11	99.9966	
3102	蚤	6	6	19	99.9966	
3103	喱	6	6	12	99.9966	
3104	痫	6	6	7	99.9966	
3105	箫	6	6	11	99.9966	
3106	邂	6	6	5	99.9966	
3107	逅	6	6	2	99.9966	
3108	硉	6	6	1	99.9966	
3109	癶	6	6	1	99.9966	
3110	憩	6	6	111	99.9966	
3111	扼	6	6	23	99.9967	
3112	诽	6	6	11	99.9967	HSK7-9
3113	禬	6	6	4	99.9967	
3114	獀	6	6	1	99.9967	
3115	秤	6	6	33	99.9967	HSK7-9
3116	羪	6	6	1	99.9967	
3117	谛	6	6	14	99.9967	
3118	藐	6	6	7	99.9967	
3119	憧	6	6	5	99.9967	
3120	憬	6	6	5	99.9967	
3121	発	6	6	1	99.9967	
3122	浣	6	6	2	99.9967	
3123	鸥	6	6	19	99.9967	
3124	帚	6	6	7	99.9968	
3125	纥	6	6	23	99.9968	
3126	刽	6	6	2	99.9968	
3127	殡	6	6	12	99.9968	
3128	穨	6	6	1	99.9968	
3129	瓆	6	6	2	99.9968	
3130	娥	6	6	48	99.9968	HSK7-9
3131	磕	6	6	39	99.9968	HSK7-9
3132	耙	6	6	10	99.9968	
3133	萎	6	6	35	99.9968	HSK7-9
3134	拴	6	6	12	99.9968	HSK7-9
3135	毅	6	6	50	99.9968	HSK7-9
3136	滤	6	6	43	99.9968	HSK7-9
3137	搐	6	6	16	99.9968	
3138	迄	6	6	5	99.9969	HSK7-9
3139	贬	6	6	42	99.9969	HSK7-9
3140	阉	6	6	18	99.9969	
3141	壕	6	6	14	99.9969	
3142	韵	6	6	62	99.9969	HSK7-9
3143	盈	6	6	49	99.9969	HSK7-9
3144	辫	6	6	25	99.9969	HSK7-9
3145	豁	6	6	23	99.9969	HSK7-9
3146	咻	6	6	27	99.9969	
3147	澈	6	6	21	99.9969	
3148	陀	6	6	88	99.9969	
3149	孝	6	6	153	99.9969	HSK7-9
3150	怯	6	6	22	99.9969	HSK7-9
3151	厮	6	6	16	99.9970	
3152	焕	6	6	52	99.9970	HSK7-9
3153	闸	6	6	50	99.9970	HSK7-9
3154	撬	6	6	32	99.9970	HSK7-9
3155	睿	6	6	39	99.9970	
3156	赃	6	6	54	99.9970	HSK7-9
3157	斐	6	6	101	99.9970	
3158	竹	6	6	169	99.9970	HSK5
3159	睦	6	6	35	99.9970	HSK7-9
3160	醺	6	3	5	99.9970	
3161	啼	6	3	32	99.9970	
3162	鼎	6	3	51	99.9970	HSK7-9
3163	惦	6	6	11	99.9970	HSK7-9
3164	懈	6	6	18	99.9971	HSK7-9
3165	醇	6	6	79	99.9971	HSK7-9
3166	梨	6	6	102	99.9971	HSK5
3167	燕	6	6	152	99.9971	HSK7-9
3168	彭	5	5	114	99.9971	
3169	礹	5	5	1	99.9971	
3170	腌	5	5	17	99.9971	
3171	龌	5	5	4	99.9971	
3172	龊	5	5	5	99.9971	
3173	汜	5	5	23	99.9971	
3174	筝	5	5	4	99.9971	HSK7-9
3175	砑	5	5	1	99.9971	
3176	夔	5	5	6	99.9971	
3177	叼	5	5	1	99.9971	HSK7-9
3178	町	5	5	30	99.9971	
3179	皘	5	5	1	99.9972	
3180	蹩	5	5	4	99.9972	
3181	珃	5	5	1	99.9972	
3182	禫	5	5	1	99.9972	
3183	甧	5	5	1	99.9972	
3184	疵	5	5	7	99.9972	
3185	骡	5	5	13	99.9972	
3186	骼	5	5	10	99.9972	
3187	嗒	5	5	15	99.9972	
3188	箉	5	5	1	99.9972	
3189	莅	5	5	3	99.9972	
3190	奀	5	5	1	99.9972	
3191	枷	5	5	5	99.9972	
3192	赽	5	5	1	99.9972	
3193	禜	5	5	1	99.9972	
3194	柿	5	5	11	99.9972	HSK5
3195	臮	5	5	1	99.9973	
3196	簈	5	5	1	99.9973	
3197	沧	5	5	44	99.9973	HSK7-9
3198	耞	5	5	2	99.9973	
3199	碿	5	5	1	99.9973	
3200	嘣	5	5	2	99.9973	
3201	甮	5	5	1	99.9973	
3202	狶	5	5	1	99.9973	
3203	砫	5	5	1	99.9973	
3204	憔	5	5	3	99.9973	
3205	悴	5	5	6	99.9973	
3206	汝	5	5	141	99.9973	
3207	趋	5	5	45	99.9973	HSK4
3208	弘	5	5	107	99.9973	HSK7-9
3209	豌	5	5	17	99.9973	
3210	畸	5	5	18	99.9973	HSK7-9
3211	廓	5	5	19	99.9974	HSK7-9
3212	菠	5	5	30	99.9974	
3213	昼	5	5	40	99.9974	HSK7-9
3214	刁	5	5	52	99.9974	HSK7-9
3215	烙	5	5	28	99.9974	
3216	啄	5	5	15	99.9974	
3217	啸	5	5	32	99.9974	HSK7-9
3218	泵	5	5	80	99.9974	
3219	吝	5	5	14	99.9974	
3220	啬	5	5	5	99.9974	
3221	妃	5	5	68	99.9974	
3222	寇	5	5	204	99.9974	
3223	栓	5	5	88	99.9974	HSK7-9
3224	瑚	5	5	13	99.9974	
3225	滨	5	5	70	99.9974	HSK7-9
3226	勘	5	5	56	99.9974	HSK7-9
3227	猥	5	5	10	99.9975	
3228	昭	5	5	80	99.9975	
3229	霜	5	5	102	99.9975	HSK7-9
3230	靶	5	5	35	99.9975	HSK7-9
3231	颂	5	5	89	99.9975	HSK7-9
3232	碳	5	5	63	99.9975	HSK7-9
3233	拓	5	5	88	99.9975	HSK7-9
3234	涵	5	5	25	99.9975	HSK7-9
3235	媚	5	5	92	99.9975	HSK7-9
3236	锡	5	5	230	99.9975	HSK7-9
3237	闺	5	5	32	99.9975	HSK7-9
3238	咚	5	4	24	99.9975	
3239	膜	5	5	80	99.9975	HSK6
3240	诵	5	5	39	99.9975	HSK7-9
3241	嚏	5	5	10	99.9975	
3242	柬	5	5	13	99.9975	HSK7-9
3243	酿	5	5	71	99.9976	HSK7-9
3244	溶	5	5	67	99.9976	HSK7-9
3245	唆	5	5	15	99.9976	
3246	嘎	5	4	73	99.9976	
3247	芽	5	5	65	99.9976	HSK7-9
3248	嘻	5	4	35	99.9976	
3249	煞	5	5	61	99.9976	
3250	唾	5	5	16	99.9976	HSK7-9
3251	髓	5	5	22	99.9976	HSK7-9
3252	瓷	5	5	67	99.9976	HSK7-9
3253	魄	5	5	47	99.9976	HSK7-9
3254	岔	5	5	30	99.9976	HSK7-9
3255	熔	5	5	49	99.9976	
3256	刃	5	5	62	99.9976	
3257	骇	5	5	35	99.9976	HSK7-9
3258	疹	5	5	40	99.9976	
3259	狈	4	4	17	99.9976	HSK7-9
3260	芠	4	4	1	99.9977	
3261	癚	4	4	1	99.9977	
3262	艶	4	4	1	99.9977	
3263	馋	4	4	17	99.9977	HSK7-9
3264	筐	4	4	22	99.9977	HSK7-9
3265	崛	4	4	5	99.9977	HSK7-9
3266	拣	4	4	20	99.9977	HSK7-9
3267	秸	4	4	35	99.9977	
3268	簸	4	4	6	99.9977	
3269	乙	4	4	99	99.9977	HSK5
3270	沌	4	4	4	99.9977	
3271	镍	4	4	7	99.9977	
3272	猳	4	4	1	99.9977	
3273	繺	4	4	1	99.9977	
3274	癠	4	4	1	99.9977	
3275	砞	4	4	2	99.9977	
3276	瞦	4	4	1	99.9977	
3277	嗬	4	4	1	99.9977	
3278	窱	4	4	1	99.9977	
3279	魇	4	4	7	99.9978	
3280	栈	4	4	22	99.9978	
3281	萤	4	4	27	99.9978	
3282	堤	4	4	155	99.9978	HSK7-9
3283	搓	4	4	15	99.9978	HSK7-9
3284	簧	4	4	29	99.9978	
3285	岈	4	4	1	99.9978	
3286	蹂	4	4	4	99.9978	
3287	躏	4	4	2	99.9978	
3288	斌	4	4	52	99.9978	
3289	続	4	4	6	99.9978	
3290	瞏	4	4	1	99.9978	
3291	蛎	4	4	7	99.9978	
3292	竜	4	4	1	99.9978	
3293	籐	4	4	1	99.9978	
3294	涅	4	4	172	99.9978	
3295	縀	4	4	1	99.9978	
3296	梗	4	4	61	99.9978	
3297	峻	4	4	25	99.9978	HSK7-9
3298	翱	4	4	3	99.9978	
3299	罙	4	4	2	99.9979	
3300	浏	4	4	8	99.9979	HSK7-9
3301	縒	4	4	2	99.9979	
3302	惬	4	4	2	99.9979	
3303	毞	4	4	1	99.9979	
3304	杏	4	4	68	99.9979	
3305	缇	4	4	3	99.9979	
3306	籖	4	4	1	99.9979	
3307	笴	4	4	1	99.9979	
3308	粂	4	4	1	99.9979	
3309	毖	4	4	2	99.9979	
3310	宛	4	4	25	99.9979	
3311	氟	4	4	41	99.9979	
3312	琎	4	4	1	99.9979	
3313	馊	4	4	6	99.9979	
3314	瑿	4	4	1	99.9979	
3315	砯	4	4	1	99.9979	
3316	竡	4	4	1	99.9979	
3317	僊	4	4	1	99.9979	
3318	癵	4	4	1	99.9979	
3319	眕	4	4	1	99.9980	
3320	痣	4	4	16	99.9980	
3321	珲	4	4	18	99.9980	
3322	猧	4	4	1	99.9980	
3323	篝	4	4	1	99.9980	
3324	谚	4	4	8	99.9980	
3325	裳	4	4	12	99.9980	
3326	嘭	4	4	1	99.9980	
3327	嗝	4	4	17	99.9980	
3328	缕	4	4	26	99.9980	HSK7-9
3329	绣	4	4	36	99.9980	HSK7-9
3330	裘	4	4	73	99.9980	
3331	濒	4	4	16	99.9980	
3332	娼	4	4	30	99.9980	
3333	稼	4	4	17	99.9980	HSK7-9
3334	攒	4	4	32	99.9980	HSK7-9
3335	鞍	4	4	35	99.9980	
3336	缴	4	4	69	99.9980	HSK7-9
3337	钳	4	4	35	99.9980	HSK7-9
3338	渠	4	4	37	99.9980	HSK6
3339	吮	4	4	11	99.9981	
3340	稻	4	4	58	99.9981	HSK7-9
3341	诫	4	4	20	99.9981	HSK7-9
3342	湮	4	4	46	99.9981	
3343	亩	4	4	40	99.9981	HSK7-9
3344	咎	4	4	24	99.9981	
3345	榨	4	4	39	99.9981	HSK7-9
3346	硕	4	4	72	99.9981	HSK5
3347	懊	4	4	9	99.9981	
3348	葵	4	4	66	99.9981	
3349	溯	4	4	21	99.9981	HSK7-9
3350	寝	4	4	36	99.9981	HSK7-9
3351	遏	4	4	42	99.9981	HSK7-9
3352	褪	4	4	15	99.9981	
3353	冥	4	4	45	99.9981	
3354	晦	4	4	16	99.9981	
3355	旷	4	4	28	99.9981	HSK7-9
3356	瞳	4	4	55	99.9981	
3357	桨	4	4	54	99.9981	HSK7-9
3358	窜	4	4	30	99.9981	HSK7-9
3359	咀	4	4	22	99.9982	
3360	靓	4	4	80	99.9982	
3361	倔	4	4	16	99.9982	HSK7-9
3362	耕	4	4	82	99.9982	HSK7-9
3363	凿	4	4	42	99.9982	HSK7-9
3364	夭	4	2	25	99.9982	
3365	殉	4	4	23	99.9982	
3366	蛊	4	4	12	99.9982	
3367	隙	4	4	50	99.9982	HSK7-9
3368	姥	4	2	9	99.9982	HSK7-9
3369	跛	4	4	9	99.9982	
3370	汪	4	3	70	99.9982	HSK7-9
3371	溢	4	4	40	99.9982	HSK7-9
3372	岌	4	2	15	99.9982	
3373	馒	4	4	20	99.9982	HSK6
3374	榈	4	4	9	99.9982	
3375	寨	4	4	34	99.9982	HSK7-9
3376	瘀	4	4	8	99.9982	
3377	缪	4	4	82	99.9982	
3378	猿	4	4	50	99.9982	
3379	翠	4	4	240	99.9983	HSK7-9
3380	擒	4	4	34	99.9983	
3381	栗	4	4	52	99.9983	
3382	遛	4	4	9	99.9983	HSK7-9
3383	睫	4	4	38	99.9983	
3384	喧	4	4	29	99.9983	HSK7-9
3385	嫖	4	4	23	99.9983	
3386	颖	4	4	45	99.9983	HSK7-9
3387	栖	4	4	61	99.9983	HSK7-9
3388	嗡	4	2	10	99.9983	
3389	卵	4	4	87	99.9983	HSK7-9
3390	禀	4	4	20	99.9983	
3391	吱	4	3	26	99.9983	
3392	琜	3	3	1	99.9983	
3393	钵	3	3	27	99.9983	
3394	琏	3	3	15	99.9983	
3395	幌	3	3	8	99.9983	
3396	圭	3	3	199	99.9983	
3397	盎	3	3	31	99.9983	
3398	腇	3	3	1	99.9983	
3399	挛	3	3	18	99.9983	
3400	赘	3	3	16	99.9983	
3401	璚	3	3	1	99.9983	
3402	滇	3	3	10	99.9984	
3403	巅	3	3	13	99.9984	HSK7-9
3404	攫	3	3	25	99.9984	
3405	呎	3	3	1	99.9984	
3406	铛	3	3	9	99.9984	
3407	徐	3	3	145	99.9984	HSK7-9
3408	絏	3	3	1	99.9984	
3409	玥	3	3	8	99.9984	
3410	惘	3	3	8	99.9984	
3411	瑀	3	3	1	99.9984	
3412	裆	3	3	14	99.9984	
3413	笿	3	3	1	99.9984	
3414	蝎	3	3	24	99.9984	
3415	撂	3	3	7	99.9984	
3416	崋	3	3	1	99.9984	
3417	僧	3	3	89	99.9984	HSK7-9
3418	祅	3	3	1	99.9984	
3419	舦	3	3	1	99.9984	
3420	阎	3	3	15	99.9984	HSK7-9
3421	侬	3	3	41	99.9984	
3422	籇	3	3	1	99.9984	
3423	肞	3	3	1	99.9984	
3424	玺	3	3	33	99.9984	
3425	桂	3	3	133	99.9984	HSK7-9
3426	朦	3	3	13	99.9984	HSK7-9
3427	胧	3	3	12	99.9984	HSK7-9
3428	欴	3	3	1	99.9985	
3429	簎	3	3	1	99.9985	
3430	竲	3	3	1	99.9985	
3431	胔	3	3	1	99.9985	
3432	诠	3	3	4	99.9985	
3433	蔡	3	3	85	99.9985	
3434	馁	3	3	4	99.9985	HSK7-9
3435	瑍	3	3	1	99.9985	
3436	猡	3	3	6	99.9985	
3437	礶	3	3	1	99.9985	
3438	褫	3	3	21	99.9985	
3439	苤	3	3	4	99.9985	
3440	釜	3	3	4	99.9985	
3441	阪	3	3	53	99.9985	
3442	缄	3	3	8	99.9985	
3443	枭	3	3	6	99.9985	
3444	锢	3	3	3	99.9985	
3445	眒	3	3	1	99.9985	
3446	赡	3	3	7	99.9985	HSK7-9
3447	臊	3	3	9	99.9985	HSK7-9
3448	竧	3	3	1	99.9985	
3449	琘	3	3	1	99.9985	
3450	荆	3	3	26	99.9985	HSK7-9
3451	祀	3	3	9	99.9985	HSK7-9
3452	炊	3	3	46	99.9985	HSK7-9
3453	饺	3	3	18	99.9985	HSK2
3454	筛	3	3	18	99.9985	HSK7-9
3455	颓	3	3	40	99.9986	HSK7-9
3456	怂	3	3	12	99.9986	
3457	恿	3	3	8	99.9986	
3458	硓	3	3	1	99.9986	
3459	炬	3	3	11	99.9986	HSK7-9
3460	砏	3	3	1	99.9986	
3461	芜	3	3	13	99.9986	
3462	甉	3	3	1	99.9986	
3463	苌	3	3	34	99.9986	
3464	珩	3	3	20	99.9986	
3465	絤	3	3	1	99.9986	
3466	潢	3	3	4	99.9986	
3467	玙	3	3	5	99.9986	
3468	尹	3	3	116	99.9986	
3469	纞	3	3	1	99.9986	
3470	粇	3	3	1	99.9986	
3471	罖	3	3	1	99.9986	
3472	坴	3	3	1	99.9986	
3473	脯	3	3	17	99.9986	
3474	睬	3	3	14	99.9986	HSK7-9
3475	蟋	3	3	4	99.9986	
3476	蟀	3	3	12	99.9986	
3477	彗	3	3	24	99.9986	
3478	撸	3	3	1	99.9986	
3479	玭	3	3	14	99.9986	
3480	辍	3	3	8	99.9986	
3481	甅	3	3	1	99.9986	
3482	锭	3	3	26	99.9987	
3483	吠	3	3	14	99.9987	
3484	敛	3	3	13	99.9987	HSK7-9
3485	耋	3	3	69	99.9987	
3486	畒	3	3	1	99.9987	
3487	泌	3	3	20	99.9987	HSK7-9
3488	佰	3	3	71	99.9987	
3489	檐	3	3	16	99.9987	
3490	孵	3	3	22	99.9987	HSK7-9
3491	甶	3	3	1	99.9987	
3492	卿	3	3	62	99.9987	
3493	峙	3	3	6	99.9987	HSK7-9
3494	曰	3	3	7	99.9987	HSK7-9
3495	魏	3	3	154	99.9987	
3496	犁	3	3	53	99.9987	
3497	舆	3	3	23	99.9987	HSK7-9
3498	芦	3	3	46	99.9987	HSK7-9
3499	捂	3	3	13	99.9987	HSK7-9
3500	梵	3	3	42	99.9987	
3501	揣	3	3	31	99.9987	HSK7-9
3502	霆	3	3	20	99.9987	
3503	蠕	3	3	11	99.9987	
3504	坊	3	3	54	99.9987	
3505	镳	3	3	9	99.9987	
3506	碾	3	3	23	99.9987	
3507	笋	3	3	50	99.9987	
3508	柳	3	3	211	99.9988	HSK7-9
3509	撰	3	3	21	99.9988	HSK7-9
3510	谭	3	3	93	99.9988	
3511	浦	3	3	214	99.9988	
3512	邸	3	3	15	99.9988	
3513	帖	3	3	56	99.9988	HSK7-9
3514	蛆	3	3	8	99.9988	
3515	暇	3	3	19	99.9988	
3516	骋	3	3	14	99.9988	
3517	缀	3	3	25	99.9988	HSK7-9
3518	鸿	3	3	61	99.9988	
3519	彰	3	3	27	99.9988	HSK7-9
3520	屡	3	3	37	99.9988	HSK7-9
3521	迭	3	3	50	99.9988	HSK7-9
3522	攸	3	3	11	99.9988	
3523	彷	3	3	6	99.9988	
3524	拢	3	3	40	99.9988	HSK7-9
3525	脐	3	3	13	99.9988	
3526	嗣	3	3	66	99.9988	
3527	苔	3	3	34	99.9988	
3528	硫	3	3	41	99.9988	
3529	诧	3	3	37	99.9988	HSK7-9
3530	渍	3	3	37	99.9988	
3531	羁	3	3	16	99.9988	
3532	啧	3	2	16	99.9988	
3533	绒	3	3	57	99.9988	HSK5
3534	烘	3	3	29	99.9988	HSK7-9
3535	俏	3	3	32	99.9989	HSK7-9
3536	泻	3	3	47	99.9989	HSK7-9
3537	滞	3	3	32	99.9989	HSK7-9
3538	惶	3	2	23	99.9989	
3539	翩	3	2	43	99.9989	
3540	礁	3	3	32	99.9989	HSK7-9
3541	呱	3	2	11	99.9989	
3542	胚	3	3	13	99.9989	HSK7-9
3543	喳	3	2	27	99.9989	
3544	腨	2	2	1	99.9989	
3545	酝	2	2	6	99.9989	HSK7-9
3546	葫	2	2	14	99.9989	
3547	吕	2	2	127	99.9989	
3548	搽	2	2	3	99.9989	
3549	诲	2	2	7	99.9989	
3550	粿	2	2	1	99.9989	
3551	瞌	2	2	8	99.9989	
3552	呣	2	2	1	99.9989	
3553	羚	2	2	24	99.9989	
3554	氪	2	2	1	99.9989	
3555	冕	2	2	23	99.9989	
3556	敖	2	2	41	99.9989	
3557	酕	2	2	1	99.9989	
3558	脄	2	2	1	99.9989	
3559	滓	2	2	3	99.9989	
3560	艹	2	2	1	99.9989	
3561	匣	2	2	22	99.9989	
3562	沛	2	2	52	99.9989	HSK7-9
3563	诋	2	2	2	99.9989	
3564	绲	2	2	1	99.9989	
3565	砌	2	2	14	99.9989	HSK7-9
3566	珋	2	2	1	99.9989	
3567	羲	2	2	47	99.9989	
3568	叁	2	2	64	99.9989	
3569	蕃	2	2	15	99.9989	
3570	唏	2	2	6	99.9989	
3571	掸	2	2	16	99.9990	
3572	捶	2	2	12	99.9990	HSK7-9
3573	毋	2	2	17	99.9990	
3574	绎	2	2	6	99.9990	HSK7-9
3575	岭	2	2	101	99.9990	HSK7-9
3576	萦	2	2	10	99.9990	
3577	篈	2	2	1	99.9990	
3578	羭	2	2	1	99.9990	
3579	耑	2	2	1	99.9990	
3580	擂	2	2	27	99.9990	
3581	睐	2	2	7	99.9990	
3582	札	2	2	71	99.9990	
3583	铸	2	2	48	99.9990	HSK7-9
3584	缃	2	2	1	99.9990	
3585	禥	2	2	3	99.9990	
3586	惋	2	2	5	99.9990	HSK7-9
3587	圳	2	2	7	99.9990	
3588	紊	2	2	5	99.9990	HSK7-9
3589	镶	2	2	45	99.9990	HSK7-9
3590	眃	2	2	1	99.9990	
3591	峨	2	2	43	99.9990	
3592	臩	2	2	1	99.9990	
3593	倪	2	2	46	99.9990	
3594	裴	2	2	78	99.9990	
3595	暧	2	2	18	99.9990	
3596	驮	2	2	9	99.9990	HSK7-9
3597	熨	2	2	21	99.9990	
3598	孞	2	2	1	99.9990	
3599	筂	2	2	1	99.9990	
3600	碝	2	2	1	99.9990	
3601	杭	2	2	59	99.9990	
3602	砋	2	2	1	99.9990	
3603	肇	2	2	19	99.9990	HSK7-9
3604	凹	2	2	33	99.9990	HSK7-9
3605	诬	2	2	15	99.9990	
3606	屹	2	2	10	99.9990	HSK7-9
3607	巩	2	2	17	99.9990	HSK6
3608	眭	2	2	55	99.9990	
3609	踌	2	2	10	99.9990	
3610	絚	2	2	1	99.9990	
3611	痔	2	2	8	99.9991	
3612	疮	2	2	42	99.9991	
3613	甫	2	2	64	99.9991	
3614	鸳	2	2	17	99.9991	
3615	鸯	2	2	12	99.9991	
3616	婉	2	2	66	99.9991	HSK7-9
3617	鳗	2	2	17	99.9991	
3618	郭	2	2	118	99.9991	
3619	磷	2	2	37	99.9991	
3620	硐	2	2	1	99.9991	
3621	皗	2	2	1	99.9991	
3622	掳	2	2	13	99.9991	
3623	抨	2	2	3	99.9991	HSK7-9
3624	篡	2	2	12	99.9991	
3625	喏	2	2	3	99.9991	
3626	覂	2	2	1	99.9991	
3627	徙	2	2	7	99.9991	
3628	雌	2	2	50	99.9991	
3629	冢	2	2	53	99.9991	
3630	纒	2	2	1	99.9991	
3631	涸	2	2	2	99.9991	
3632	沽	2	2	42	99.9991	HSK7-9
3633	蒋	2	2	55	99.9991	
3634	汹	2	2	12	99.9991	HSK7-9
3635	篴	2	2	1	99.9991	
3636	揩	2	2	7	99.9991	
3637	弛	2	2	18	99.9991	HSK7-9
3638	睪	2	2	1	99.9991	
3639	蜚	2	2	7	99.9991	
3640	绉	2	2	14	99.9991	
3641	粽	2	2	7	99.9991	HSK7-9
3642	狾	2	2	1	99.9991	
3643	绮	2	2	39	99.9991	
3644	翡	2	2	10	99.9991	
3645	扪	2	2	5	99.9991	
3646	赝	2	2	5	99.9991	
3647	剐	2	2	5	99.9991	
3648	羬	2	2	1	99.9991	
3649	薰	2	2	18	99.9991	
3650	缙	2	2	29	99.9991	
3651	遂	2	2	16	99.9992	HSK7-9
3652	薛	2	2	100	99.9992	
3653	衙	2	2	15	99.9992	
3654	憨	2	2	19	99.9992	
3655	茧	2	2	31	99.9992	
3656	皌	2	2	1	99.9992	
3657	簙	2	2	1	99.9992	
3658	犸	2	2	48	99.9992	
3659	摁	2	2	1	99.9992	
3660	垢	2	2	22	99.9992	
3661	箨	2	2	1	99.9992	
3662	甊	2	2	1	99.9992	
3663	臫	2	2	1	99.9992	
3664	孀	2	2	5	99.9992	
3665	铝	2	2	43	99.9992	HSK7-9
3666	倡	2	2	15	99.9992	HSK5
3667	湛	2	2	35	99.9992	
3668	盋	2	2	1	99.9992	
3669	夯	2	2	27	99.9992	
3670	蘸	2	2	2	99.9992	HSK7-9
3671	臸	2	2	1	99.9992	
3672	羙	2	2	1	99.9992	
3673	杵	2	2	7	99.9992	
3674	韧	2	2	26	99.9992	HSK7-9
3675	赻	2	2	1	99.9992	
3676	玦	2	2	1	99.9992	
3677	咫	2	2	9	99.9992	
3678	垀	2	2	1	99.9992	
3679	磺	2	2	16	99.9992	
3680	妾	2	2	21	99.9992	
3681	睇	2	2	9	99.9992	
3682	绫	2	2	36	99.9992	
3683	纫	2	2	6	99.9992	
3684	籹	2	2	1	99.9992	
3685	赁	2	2	7	99.9992	HSK7-9
3686	竤	2	2	2	99.9992	
3687	淏	2	2	1	99.9992	
3688	鼾	2	2	11	99.9992	
3689	坷	2	2	8	99.9992	
3690	恍	2	2	24	99.9993	HSK7-9
3691	惚	2	2	8	99.9993	
3692	瞰	2	2	5	99.9993	
3693	囧	2	2	1	99.9993	
3694	鹤	2	2	129	99.9993	HSK7-9
3695	掂	2	2	7	99.9993	
3696	稬	2	2	1	99.9993	
3697	萃	2	2	21	99.9993	
3698	鼹	2	2	9	99.9993	
3699	楞	2	2	12	99.9993	
3700	筏	2	2	32	99.9993	
3701	俐	2	2	19	99.9993	
3702	橾	2	2	1	99.9993	
3703	埔	2	2	14	99.9993	
3704	蜻	2	2	8	99.9993	
3705	蜓	2	2	7	99.9993	
3706	辟	2	2	37	99.9993	HSK7-9
3707	疱	2	2	9	99.9993	
3708	琥	2	2	6	99.9993	
3709	蓟	2	2	22	99.9993	
3710	抠	2	2	13	99.9993	HSK7-9
3711	阐	2	2	23	99.9993	HSK7-9
3712	獗	2	2	23	99.9993	
3713	酥	2	2	25	99.9993	HSK7-9
3714	馈	2	2	18	99.9993	HSK7-9
3715	绯	2	2	17	99.9993	HSK7-9
3716	撮	2	2	9	99.9993	
3717	灼	2	2	29	99.9993	HSK7-9
3718	碴	2	2	8	99.9993	
3719	旱	2	2	58	99.9993	HSK7-9
3720	纬	2	2	28	99.9993	HSK7-9
3721	茬	2	2	15	99.9993	
3722	炭	2	2	72	99.9993	HSK7-9
3723	滔	2	1	42	99.9993	HSK7-9
3724	吭	2	2	19	99.9993	HSK7-9
3725	蛀	2	2	11	99.9993	
3726	哆	2	2	10	99.9993	HSK7-9
3727	渝	2	2	16	99.9993	
3728	狒	2	1	2	99.9993	
3729	炙	2	2	13	99.9993	
3730	枢	2	2	25	99.9994	HSK7-9
3731	惺	2	1	10	99.9994	
3732	痰	2	2	18	99.9994	HSK7-9
3733	乒	2	2	18	99.9994	HSK7-9
3734	乓	2	2	20	99.9994	HSK7-9
3735	癞	2	2	23	99.9994	
3736	蝗	2	2	30	99.9994	
3737	畔	2	2	22	99.9994	HSK7-9
3738	崎	2	2	127	99.9994	
3739	拱	2	2	40	99.9994	HSK7-9
3740	脓	2	2	28	99.9994	
3741	蛾	2	2	17	99.9994	
3742	迢	2	1	5	99.9994	
3743	眩	2	2	24	99.9994	
3744	唧	2	1	19	99.9994	
3745	藩	2	2	66	99.9994	
3746	眈	2	1	18	99.9994	
3747	袒	2	2	13	99.9994	
3748	盹	2	2	5	99.9994	HSK7-9
3749	凋	2	2	13	99.9994	
3750	婷	2	1	103	99.9994	
3751	娇	2	2	126	99.9994	HSK7-9
3752	咄	2	1	4	99.9994	
3753	邱	2	2	42	99.9994	
3754	峭	2	2	9	99.9994	
3755	羹	2	2	26	99.9994	
3756	漱	2	2	27	99.9994	
3757	缔	2	2	28	99.9994	HSK7-9
3758	彬	2	1	55	99.9994	HSK7-9
3759	喃	2	1	18	99.9994	
3760	佼	2	1	11	99.9994	
3761	硝	2	2	27	99.9994	
3762	睽	2	1	6	99.9994	
3763	晤	2	2	19	99.9994	HSK7-9
3764	玲	2	1	217	99.9994	
3765	叽	2	1	44	99.9994	
3766	倩	2	2	51	99.9994	
3767	栩	2	1	3	99.9994	
3768	矢	1	1	78	99.9994	HSK7-9
3769	瞩	1	1	29	99.9994	HSK7-9
3770	侚	1	1	1	99.9994	
3771	嘀	1	1	17	99.9994	
3772	莺	1	1	25	99.9994	
3773	啵	1	1	1	99.9995	
3774	眺	1	1	6	99.9995	
3775	亢	1	1	22	99.9995	
3776	飚	1	1	6	99.9995	
3777	泞	1	1	8	99.9995	
3778	畴	1	1	14	99.9995	HSK7-9
3779	盥	1	1	3	99.9995	
3780	萌	1	1	86	99.9995	HSK7-9
3781	秏	1	1	1	99.9995	
3782	隘	1	1	10	99.9995	HSK7-9
3783	秅	1	1	1	99.9995	
3784	祏	1	1	1	99.9995	
3785	汲	1	1	12	99.9995	
3786	讬	1	1	1	99.9995	
3787	褓	1	1	47	99.9995	
3788	砲	1	1	1	99.9995	
3789	箧	1	1	2	99.9995	
3790	鳟	1	1	8	99.9995	
3791	萸	1	1	27	99.9995	
3792	蹿	1	1	8	99.9995	
3793	觊	1	1	8	99.9995	
3794	觎	1	1	3	99.9995	
3795	猠	1	1	1	99.9995	
3796	蛭	1	1	6	99.9995	
3797	搔	1	1	12	99.9995	
3798	蹬	1	1	12	99.9995	HSK7-9
3799	嘈	1	1	20	99.9995	
3800	绬	1	1	1	99.9995	
3801	獴	1	1	1	99.9995	
3802	蟒	1	1	12	99.9995	
3803	畐	1	1	1	99.9995	
3804	胺	1	1	40	99.9995	
3805	抡	1	1	1	99.9995	HSK7-9
3806	穛	1	1	1	99.9995	
3807	嬴	1	1	22	99.9995	
3808	痲	1	1	2	99.9995	
3809	灸	1	1	8	99.9995	HSK7-9
3810	蚝	1	1	4	99.9995	
3811	哉	1	1	51	99.9995	
3812	耴	1	1	1	99.9995	
3813	麋	1	1	4	99.9995	
3814	撩	1	1	22	99.9995	
3815	眸	1	1	21	99.9995	
3816	璀	1	1	5	99.9995	
3817	璨	1	1	9	99.9995	
3818	郴	1	1	14	99.9995	
3819	垄	1	1	17	99.9995	HSK7-9
3820	瑆	1	1	1	99.9995	
3821	穖	1	1	1	99.9995	
3822	匀	1	1	31	99.9995	HSK7-9
3823	琂	1	1	1	99.9995	
3824	穞	1	1	1	99.9995	
3825	磝	1	1	1	99.9995	
3826	焙	1	1	16	99.9995	
3827	碱	1	1	42	99.9995	
3828	蚬	1	1	5	99.9995	
3829	磀	1	1	1	99.9995	
3830	霾	1	1	6	99.9995	
3831	奠	1	1	24	99.9995	HSK7-9
3832	緅	1	1	1	99.9995	
3833	墩	1	1	32	99.9995	
3834	馀	1	1	5	99.9995	
3835	汐	1	1	29	99.9995	
3836	穓	1	1	1	99.9995	
3837	徨	1	1	6	99.9995	
3838	臼	1	1	11	99.9995	
3839	瞓	1	1	1	99.9995	
3840	睝	1	1	2	99.9995	
3841	蔚	1	1	44	99.9995	
3842	镰	1	1	15	99.9995	
3843	璓	1	1	1	99.9995	
3844	剽	1	1	5	99.9995	
3845	糯	1	1	6	99.9995	
3846	邃	1	1	3	99.9995	
3847	阂	1	1	8	99.9995	HSK7-9
3848	妲	1	1	82	99.9995	
3849	坍	1	1	10	99.9995	
3850	胱	1	1	5	99.9995	
3851	坤	1	1	71	99.9995	
3852	肕	1	1	1	99.9995	
3853	哝	1	1	4	99.9996	
3854	摒	1	1	14	99.9996	
3855	玪	1	1	1	99.9996	
3856	噎	1	1	17	99.9996	
3857	渤	1	1	18	99.9996	
3858	俴	1	1	1	99.9996	
3859	蚚	1	1	1	99.9996	
3860	掣	1	1	10	99.9996	
3861	偕	1	1	9	99.9996	
3862	撅	1	1	1	99.9996	
3863	陑	1	1	3	99.9996	
3864	笢	1	1	1	99.9996	
3865	槌	1	1	20	99.9996	
3866	郅	1	1	2	99.9996	
3867	芔	1	1	1	99.9996	
3868	郔	1	1	1	99.9996	
3869	嚯	1	1	1	99.9996	
3870	窰	1	1	1	99.9996	
3871	隅	1	1	27	99.9996	
3872	瞥	1	1	12	99.9996	
3873	碔	1	1	1	99.9996	
3874	踬	1	1	1	99.9996	
3875	気	1	1	1	99.9996	
3876	祔	1	1	1	99.9996	
3877	穐	1	1	1	99.9996	
3878	砩	1	1	1	99.9996	
3879	瞭	1	1	10	99.9996	
3880	讧	1	1	2	99.9996	
3881	涤	1	1	21	99.9996	HSK7-9
3882	杻	1	1	1	99.9996	
3883	迂	1	1	8	99.9996	
3884	泭	1	1	1	99.9996	
3885	藻	1	1	27	99.9996	HSK7-9
3886	辊	1	1	10	99.9996	
3887	葩	1	1	14	99.9996	
3888	纐	1	1	1	99.9996	
3889	鳕	1	1	6	99.9996	
3890	籁	1	1	10	99.9996	
3891	磖	1	1	1	99.9996	
3892	畓	1	1	1	99.9996	
3893	桔	1	1	25	99.9996	
3894	掴	1	1	2	99.9996	
3895	梢	1	1	24	99.9996	HSK7-9
3896	疨	1	1	1	99.9996	
3897	暮	1	1	53	99.9996	HSK7-9
3898	窽	1	1	1	99.9996	
3899	皈	1	1	3	99.9996	
3900	胰	1	1	8	99.9996	
3901	哺	1	1	15	99.9996	HSK7-9
3902	缢	1	1	16	99.9996	
3903	綤	1	1	1	99.9996	
3904	牒	1	1	7	99.9996	
3905	鲱	1	1	2	99.9996	
3906	嘶	1	1	22	99.9996	
3907	仨	1	1	4	99.9996	
3908	婬	1	1	1	99.9996	
3909	噱	1	1	5	99.9996	
3910	蚯	1	1	2	99.9996	
3911	蚓	1	1	3	99.9996	
3912	迺	1	1	2	99.9996	
3913	镀	1	1	25	99.9996	
3914	虳	1	1	1	99.9996	
3915	霄	1	1	21	99.9996	
3916	捌	1	1	2	99.9996	
3917	绔	1	1	3	99.9996	
3918	礟	1	1	1	99.9996	
3919	蜕	1	1	12	99.9996	
3920	馏	1	1	11	99.9996	
3921	鳍	1	1	27	99.9996	
3922	粆	1	1	7	99.9996	
3923	曦	1	1	13	99.9996	
3924	刨	1	1	23	99.9996	HSK7-9
3925	偎	1	1	8	99.9996	
3926	煲	1	1	22	99.9996	HSK7-9
3927	镕	1	1	6	99.9996	
3928	鼬	1	1	6	99.9996	
3929	芲	1	1	1	99.9996	
3930	悸	1	1	6	99.9996	
3931	霰	1	1	6	99.9996	
3932	糷	1	1	2	99.9996	
3933	竕	1	1	1	99.9997	
3934	窑	1	1	28	99.9997	HSK7-9
3935	铆	1	1	10	99.9997	
3936	鲤	1	1	15	99.9997	
3937	惮	1	1	18	99.9997	
3938	陵	1	1	63	99.9997	HSK7-9
3939	祉	1	1	4	99.9997	
3940	沈	1	1	108	99.9997	
3941	铀	1	1	10	99.9997	
3942	躇	1	1	18	99.9997	
3943	槛	1	1	5	99.9997	HSK7-9
3944	酩	1	1	3	99.9997	
3945	酊	1	1	10	99.9997	
3946	怮	1	1	2	99.9997	
3947	琠	1	1	1	99.9997	
3948	祑	1	1	1	99.9997	
3949	獠	1	1	2	99.9997	
3950	畑	1	1	26	99.9997	
3951	矜	1	1	11	99.9997	
3952	忱	1	1	12	99.9997	
3953	礩	1	1	1	99.9997	
3954	傣	1	1	17	99.9997	
3955	儆	1	1	7	99.9997	
3956	窿	1	1	14	99.9997	HSK7-9
3957	涩	1	1	32	99.9997	
3958	苟	1	1	35	99.9997	
3959	篏	1	1	1	99.9997	
3960	秪	1	1	2	99.9997	
3961	昹	1	1	1	99.9997	
3962	炽	1	1	15	99.9997	
3963	咩	1	1	2	99.9997	
3964	铠	1	1	7	99.9997	
3965	绢	1	1	13	99.9997	
3966	讣	1	1	4	99.9997	
3967	穘	1	1	2	99.9997	
3968	笃	1	1	20	99.9997	
3969	鸵	1	1	10	99.9997	
3970	耚	1	1	1	99.9997	
3971	祢	1	1	11	99.9997	
3972	舶	1	1	13	99.9997	HSK7-9
3973	畄	1	1	1	99.9997	
3974	変	1	1	1	99.9997	
3975	硚	1	1	6	99.9997	
3976	痿	1	1	6	99.9997	
3977	屄	1	1	2	99.9997	
3978	侗	1	1	7	99.9997	
3979	豢	1	1	4	99.9997	
3980	盚	1	1	1	99.9997	
3981	窘	1	1	17	99.9997	HSK7-9
3982	苯	1	1	59	99.9997	
3983	拂	1	1	34	99.9997	
3984	缁	1	1	1	99.9997	
3985	珆	1	1	1	99.9997	
3986	蔷	1	1	11	99.9997	
3987	坳	1	1	30	99.9997	
3988	瀚	1	1	13	99.9997	
3989	麾	1	1	4	99.9997	
3990	祍	1	1	1	99.9997	
3991	孺	1	1	7	99.9997	
3992	岱	1	1	22	99.9997	
3993	趸	1	1	3	99.9997	
3994	紁	1	1	1	99.9997	
3995	眳	1	1	1	99.9997	
3996	冀	1	1	37	99.9997	
3997	陡	1	1	16	99.9997	HSK7-9
3998	戛	1	1	6	99.9997	
3999	瑅	1	1	1	99.9997	
4000	幂	1	1	7	99.9997	
4001	蜷	1	1	13	99.9997	
4002	跆	1	1	4	99.9997	
4003	衾	1	1	2	99.9997	
4004	琁	1	1	1	99.9997	
4005	翧	1	1	1	99.9997	
4006	砐	1	1	1	99.9997	
4007	怠	1	1	31	99.9997	HSK7-9
4008	秦	1	1	105	99.9997	
4009	疟	1	1	7	99.9997	
4010	磋	1	1	6	99.9997	HSK7-9
4011	㑩	1	1	1	99.9997	
4012	畕	1	1	2	99.9997	
4013	雏	1	1	50	99.9998	
4014	珈	1	1	7	99.9998	
4015	溉	1	1	14	99.9998	HSK7-9
4016	咂	1	1	9	99.9998	
4017	瞯	1	1	1	99.9998	
4018	喀	1	1	79	99.9998	
4019	璍	1	1	1	99.9998	
4020	暹	1	1	4	99.9998	
4021	硼	1	1	14	99.9998	
4022	咔	1	1	10	99.9998	
4023	丞	1	1	15	99.9998	
4024	扞	1	1	2	99.9998	
4025	沥	1	1	14	99.9998	
4026	锺	1	1	6	99.9998	
4027	俚	1	1	3	99.9998	
4028	鲔	1	1	1	99.9998	
4029	砉	1	1	17	99.9998	
4030	繵	1	1	1	99.9998	
4031	啜	1	1	11	99.9998	
4032	噶	1	1	22	99.9998	
4033	穕	1	1	1	99.9998	
4034	陬	1	1	1	99.9998	
4035	钧	1	1	22	99.9998	HSK7-9
4036	鲶	1	1	7	99.9998	
4037	臆	1	1	17	99.9998	
4038	撵	1	1	7	99.9998	
4039	芛	1	1	1	99.9998	
4040	瑌	1	1	1	99.9998	
4041	籈	1	1	1	99.9998	
4042	呒	1	1	1	99.9998	
4043	甃	1	1	1	99.9998	
4044	禅	1	1	63	99.9998	HSK7-9
4045	蹄	1	1	66	99.9998	
4046	暍	1	1	1	99.9998	
4047	钛	1	1	4	99.9998	
4048	阰	1	1	1	99.9998	
4049	吏	1	1	50	99.9998	HSK7-9
4050	菏	1	1	22	99.9998	
4051	筳	1	1	1	99.9998	
4052	笹	1	1	17	99.9998	
4053	嗳	1	1	4	99.9998	
4054	蜈	1	1	1	99.9998	
4055	蚣	1	1	3	99.9998	
4056	瘠	1	1	5	99.9998	
4057	缰	1	1	11	99.9998	
4058	窦	1	1	24	99.9998	
4059	榔	1	1	5	99.9998	
4060	鹌	1	1	3	99.9998	
4061	鹑	1	1	8	99.9998	
4062	猬	1	1	1	99.9998	
4063	蜿	1	1	5	99.9998	
4064	蜒	1	1	2	99.9998	
4065	恪	1	1	5	99.9998	
4066	篗	1	1	1	99.9998	
4067	呯	1	1	1	99.9998	
4068	恤	1	1	14	99.9998	HSK7-9
4069	岖	1	1	5	99.9998	
4070	笾	1	1	1	99.9998	
4071	黯	1	1	15	99.9998	
4072	陇	1	1	20	99.9998	
4073	骏	1	1	22	99.9998	HSK7-9
4074	镭	1	1	3	99.9998	
4075	哞	1	1	1	99.9998	
4076	拸	1	1	1	99.9998	
4077	淤	1	1	14	99.9998	
4078	玵	1	1	1	99.9998	
4079	衱	1	1	2	99.9998	
4080	眀	1	1	1	99.9998	
4081	稴	1	1	1	99.9998	
4082	衭	1	1	1	99.9998	
4083	渥	1	1	48	99.9998	
4084	潭	1	1	27	99.9998	HSK7-9
4085	鲈	1	1	8	99.9998	
4086	秂	1	1	1	99.9998	
4087	辄	1	1	11	99.9998	
4088	谧	1	1	5	99.9998	
4089	叩	1	1	21	99.9998	
4090	跩	1	1	1	99.9998	
4091	瓢	1	1	18	99.9998	
4092	褂	1	1	15	99.9998	
4093	幺	1	1	25	99.9999	
4094	痢	1	1	12	99.9999	
4095	疶	1	1	1	99.9999	
4096	盠	1	1	1	99.9999	
4097	玜	1	1	1	99.9999	
4098	堋	1	1	2	99.9999	
4099	锹	1	1	4	99.9999	
4100	莴	1	1	6	99.9999	
4101	苣	1	1	4	99.9999	
4102	剌	1	1	11	99.9999	
4103	涛	1	1	63	99.9999	HSK7-9
4104	釬	1	1	36	99.9999	
4105	蕴	1	1	25	99.9999	HSK7-9
4106	桅	1	1	24	99.9999	
4107	蔗	1	1	21	99.9999	
4108	氢	1	1	49	99.9999	
4109	痖	1	1	1	99.9999	
4110	牟	1	1	23	99.9999	
4111	縤	1	1	1	99.9999	
4112	斋	1	1	76	99.9999	
4113	聂	1	1	45	99.9999	
4114	獾	1	1	6	99.9999	
4115	榭	1	1	31	99.9999	
4116	雹	1	1	8	99.9999	
4117	伧	1	1	8	99.9999	
4118	麒	1	1	7	99.9999	
4119	麟	1	1	21	99.9999	
4120	玨	1	1	1	99.9999	
4121	曳	1	1	17	99.9999	
4122	畊	1	1	2	99.9999	
4123	貂	1	1	18	99.9999	
4124	穹	1	1	14	99.9999	
4125	甁	1	1	1	99.9999	
4126	豺	1	1	7	99.9999	
4127	茂	1	1	111	99.9999	HSK7-9
4128	腋	1	1	10	99.9999	
4129	孖	1	1	1	99.9999	
4130	猖	1	1	6	99.9999	HSK7-9
4131	蟆	1	1	6	99.9999	
4132	恀	1	1	1	99.9999	
4133	涎	1	1	10	99.9999	
4134	澎	1	1	12	99.9999	
4135	湃	1	1	7	99.9999	
4136	鎗	1	1	8	99.9999	
4137	啾	1	1	4	99.9999	
4138	硁	1	1	1	99.9999	
4139	掖	1	1	4	99.9999	
4140	酦	1	1	1	99.9999	
4141	瞺	1	1	1	99.9999	
4142	吔	1	1	1	99.9999	
4143	菈	1	1	1	99.9999	
4144	逾	1	1	20	99.9999	HSK7-9
4145	舖	1	1	1	99.9999	
4146	惟	1	1	29	99.9999	
4147	钾	1	1	24	99.9999	
4148	猀	1	1	1	99.9999	
4149	眯	1	1	19	99.9999	
4150	稭	1	1	1	99.9999	
4151	伫	1	1	5	99.9999	
4152	藕	1	1	10	99.9999	
4153	禯	1	1	1	99.9999	
4154	徜	1	1	4	99.9999	
4155	徉	1	1	5	99.9999	
4156	殓	1	1	11	99.9999	
4157	箍	1	1	27	99.9999	
4158	痘	1	1	15	99.9999	
4159	讳	1	1	18	99.9999	HSK7-9
4160	焗	1	1	3	99.9999	
4161	甀	1	1	1	99.9999	
4162	酶	1	1	20	99.9999	
4163	妗	1	1	2	99.9999	
4164	蚱	1	1	3	99.9999	
4165	蜢	1	1	4	99.9999	
4166	乍	1	1	25	99.9999	
4167	玶	1	1	1	99.9999	
4168	恺	1	1	5	99.9999	
4169	蛹	1	1	6	99.9999	
4170	璹	1	1	1	99.9999	
4171	咡	1	1	1	99.9999	
4172	疆	1	1	39	99.9999	HSK7-9
4173	蓉	1	1	56	100.0000	
4174	殷	1	1	31	100.0000	HSK7-9
4175	梑	1	1	1	100.0000	
4176	竿	1	1	35	100.0000	HSK7-9
4177	簗	1	1	1	100.0000	
4178	疣	1	1	6	100.0000	
4179	禧	1	1	24	100.0000	
4180	趼	1	1	1	100.0000	
4181	眦	1	1	4	100.0000	
4182	疡	1	1	13	100.0000	
4183	笭	1	1	1	100.0000	
4184	膍	1	1	1	100.0000	
4185	枑	1	1	1	100.0000	
4186	琭	1	1	1	100.0000	
4187	胭	1	1	7	100.0000	
4188	缎	1	1	19	100.0000	
4189	蜇	1	1	8	100.0000	
4190	瑼	1	1	1	100.0000	
4191	钠	1	1	40	100.0000	
4192	瞑	1	1	10	100.0000	
4193	玐	1	1	1	100.0000	
4194	箴	1	1	2	100.0000	
4195	拮	1	1	5	100.0000	
4196	纉	1	1	1	100.0000	
4197	蓬	1	1	83	100.0000	HSK7-9
4198	浃	1	1	1	100.0000	
4199	蔻	1	1	21	100.0000	
4200	氰	1	1	16	100.0000	
4201	螳	1	1	8	100.0000	
4202	苺	1	1	1	100.0000	
4203	玸	1	1	1	100.0000	
4204	炰	1	1	1	100.0000	
4205	巳	1	1	14	100.0000	
4206	擤	1	1	1	100.0000	
4207	砾	1	1	13	100.0000	
4208	慑	1	1	14	100.0000	HSK7-9
4209	茅	1	1	79	100.0000	HSK7-9
4210	砂	1	1	91	100.0000	HSK7-9
4211	陓	1	1	3	100.0000	
4212	吖	1	1	1	100.0000	
4213	镣	0	0	8	100.0000	
4214	锄	0	0	17	100.0000	
4215	暨	0	0	5	100.0000	
4216	箂	0	0	1	100.0000	
4217	钚	0	0	1	100.0000	
4218	杞	0	0	5	100.0000	
4219	鳏	0	0	2	100.0000	
4220	囔	0	0	7	100.0000	
4221	毡	0	0	26	100.0000	
4222	鹫	0	0	12	100.0000	
4223	孪	0	0	9	100.0000	HSK7-9
4224	熙	0	0	166	100.0000	HSK7-9
4225	颚	0	0	14	100.0000	
4226	彦	0	0	82	100.0000	
4227	冗	0	0	8	100.0000	HSK7-9
4228	镊	0	0	2	100.0000	
4229	粑	0	0	6	100.0000	
4230	碪	0	0	1	100.0000	
4231	麓	0	0	5	100.0000	
4232	脋	0	0	1	100.0000	
4233	乾	0	0	13	100.0000	
4234	搪	0	0	9	100.0000	
4235	寮	0	0	3	100.0000	
4236	荫	0	0	35	100.0000	HSK7-9
4237	蕊	0	0	41	100.0000	
4238	瞨	0	0	1	100.0000	
4239	肴	0	0	14	100.0000	
4240	罹	0	0	6	100.0000	
4241	祠	0	0	15	100.0000	
4242	礢	0	0	1	100.0000	
4243	蚌	0	0	15	100.0000	
4244	糦	0	0	1	100.0000	
4245	辗	0	0	19	100.0000	
4246	梧	0	0	17	100.0000	
4247	枫	0	0	46	100.0000	
4248	笰	0	0	1	100.0000	
4249	鳞	0	0	19	100.0000	
4250	酮	0	0	23	100.0000	
4251	衵	0	0	1	100.0000	
4252	谕	0	0	23	100.0000	
4253	蜃	0	0	6	100.0000	
4254	蛂	0	0	1	100.0000	
4255	荤	0	0	10	100.0000	
4256	埼	0	0	1	100.0000	
4257	纺	0	0	55	100.0000	HSK7-9
4258	佻	0	0	4	100.0000	
4259	伶	0	0	30	100.0000	
4260	诩	0	0	2	100.0000	
4261	咿	0	0	10	100.0000	
4262	琕	0	0	1	100.0000	
4263	懵	0	0	16	100.0000	
4264	糵	0	0	1	100.0000	
4265	苞	0	0	14	100.0000	
4266	绦	0	0	5	100.0000	
4267	蚕	0	0	46	100.0000	
4268	铤	0	0	1	100.0000	
4269	磐	0	0	16	100.0000	
4270	玆	0	0	1	100.0000	
4271	锏	0	0	2	100.0000	
4272	侨	0	0	32	100.0000	HSK7-9
4273	捚	0	0	1	100.0000	
4274	垠	0	0	7	100.0000	
4275	廿	0	0	45	100.0000	
4276	锉	0	0	11	100.0000	
4277	砒	0	0	13	100.0000	
4278	吽	0	0	1	100.0000	
4279	聿	0	0	13	100.0000	
4280	寥	0	0	32	100.0000	HSK7-9
4281	垦	0	0	31	100.0000	HSK7-9
4282	瓀	0	0	1	100.0000	
4283	篶	0	0	1	100.0000	
4284	翌	0	0	12	100.0000	
4285	辘	0	0	9	100.0000	
4286	珺	0	0	2	100.0000	
4287	跶	0	0	1	100.0000	
4288	笻	0	0	1	100.0000	
4289	胯	0	0	5	100.0000	
4290	膘	0	0	6	100.0000	
4291	茴	0	0	11	100.0000	
4292	庵	0	0	11	100.0000	
4293	犊	0	0	12	100.0000	
4294	玄	0	0	114	100.0000	HSK7-9
4295	瞣	0	0	1	100.0000	
4296	柚	0	0	23	100.0000	
4297	腼	0	0	4	100.0000	
4298	腆	0	0	2	100.0000	
4299	襟	0	0	23	100.0000	
4300	咭	0	0	1	100.0000	
4301	俭	0	0	18	100.0000	HSK7-9
4302	氯	0	0	48	100.0000	
4303	遐	0	0	12	100.0000	
4304	瘁	0	0	14	100.0000	
4305	袁	0	0	42	100.0000	
4306	肓	0	0	11	100.0000	
4307	旯	0	0	16	100.0000	
4308	怡	0	0	77	100.0000	HSK7-9
4309	镁	0	0	16	100.0000	
4310	琦	0	0	78	100.0000	
4311	枙	0	0	1	100.0000	
4312	怅	0	0	21	100.0000	
4313	蹒	0	0	3	100.0000	
4314	跚	0	0	4	100.0000	
4315	淀	0	0	20	100.0000	HSK7-9
4316	缮	0	0	9	100.0000	
4317	涟	0	0	8	100.0000	
4318	漪	0	0	4	100.0000	
4319	挼	0	0	1	100.0000	
4320	蜊	0	0	9	100.0000	
4321	菁	0	0	30	100.0000	
4322	禄	0	0	78	100.0000	
4323	媲	0	0	2	100.0000	HSK7-9
4324	婌	0	0	1	100.0000	
4325	赊	0	0	18	100.0000	
4326	诌	0	0	7	100.0000	
4327	俸	0	0	5	100.0000	
4328	榆	0	0	12	100.0000	
4329	讥	0	0	15	100.0000	HSK7-9
4330	琗	0	0	1	100.0000	
4331	霓	0	0	10	100.0000	
4332	唁	0	0	7	100.0000	
4333	芞	0	0	1	100.0000	
4334	拄	0	0	3	100.0000	HSK7-9
4335	伀	0	0	1	100.0000	
4336	隼	0	0	5	100.0000	
4337	萍	0	0	89	100.0000	HSK7-9
4338	艮	0	0	40	100.0000	
4339	潸	0	0	7	100.0000	
4340	琄	0	0	2	100.0000	
4341	玼	0	0	1	100.0000	
4342	闩	0	0	9	100.0000	
4343	铰	0	0	5	100.0000	
4344	渲	0	0	2	100.0000	
4345	琛	0	0	15	100.0000	
4346	潦	0	0	19	100.0000	HSK7-9
4347	缭	0	0	19	100.0000	
4348	肂	0	0	1	100.0000	
4349	恁	0	0	7	100.0000	
4350	烷	0	0	21	100.0000	
4351	聐	0	0	1	100.0000	
4352	螫	0	0	4	100.0000	
4353	兢	0	0	13	100.0000	HSK7-9
4354	糤	0	0	1	100.0000	
4355	芅	0	0	1	100.0000	
4356	甤	0	0	1	100.0000	
4357	嗤	0	0	5	100.0000	
4358	矰	0	0	1	100.0000	
4359	覚	0	0	1	100.0000	
4360	蛰	0	0	17	100.0000	
4361	俑	0	0	8	100.0000	
4362	遨	0	0	6	100.0000	
4363	袤	0	0	4	100.0000	
4364	禟	0	0	1	100.0000	
4365	婢	0	0	7	100.0000	
4366	筵	0	0	10	100.0000	
4367	稯	0	0	1	100.0000	
4368	罂	0	0	5	100.0000	
4369	粟	0	0	30	100.0000	
4370	盌	0	0	1	100.0000	
4371	鳖	0	0	9	100.0000	
4372	皐	0	0	1	100.0000	
4373	匾	0	0	8	100.0000	
4374	迸	0	0	16	100.0000	
4375	嚓	0	0	9	100.0000	
4376	懧	0	0	1	100.0000	
4377	芹	0	0	27	100.0000	
4378	忳	0	0	1	100.0000	
4379	珹	0	0	2	100.0000	
4380	楝	0	0	4	100.0000	
4381	稧	0	0	1	100.0000	
4382	皙	0	0	3	100.0000	
4383	株	0	0	40	100.0000	HSK7-9
4384	砱	0	0	1	100.0000	
4385	樽	0	0	7	100.0000	
4386	疩	0	0	1	100.0000	
4387	煦	0	0	22	100.0000	
4388	湍	0	0	14	100.0000	
4389	娟	0	0	40	100.0000	
4390	攥	0	0	1	100.0000	
4391	陔	0	0	1	100.0000	
4392	瞡	0	0	1	100.0000	
4393	锥	0	0	51	100.0000	
4394	仲	0	0	88	100.0000	HSK7-9
4395	痥	0	0	1	100.0000	
4396	糃	0	0	1	100.0000	
4397	痸	0	0	1	100.0000	
4398	覜	0	0	1	100.0000	
4399	痻	0	0	1	100.0000	
4400	佴	0	0	46	100.0000	
4401	帧	0	0	11	100.0000	
4402	茁	0	0	5	100.0000	
4403	俀	0	0	1	100.0000	
4404	篑	0	0	4	100.0000	
4405	禔	0	0	1	100.0000	
4406	妍	0	0	66	100.0000	
4407	涮	0	0	9	100.0000	HSK7-9
4408	弇	0	0	2	100.0000	
4409	丶	0	0	1	100.0000	
4410	榻	0	0	9	100.0000	
4411	眻	0	0	1	100.0000	
4412	缜	0	0	1	100.0000	
4413	奚	0	0	3	100.0000	
4414	嵌	0	0	23	100.0000	HSK7-9
4415	硙	0	0	1	100.0000	
4416	斟	0	0	17	100.0000	
4417	酌	0	0	24	100.0000	HSK7-9
4418	珸	0	0	1	100.0000	
4419	戟	0	0	14	100.0000	
4420	糛	0	0	1	100.0000	
4421	硅	0	0	27	100.0000	
4422	踱	0	0	6	100.0000	
4423	粁	0	0	1	100.0000	
4424	噌	0	0	1	100.0000	
4425	芋	0	0	20	100.0000	
4426	翋	0	0	1	100.0000	
4427	忡	0	0	3	100.0000	
4428	蹶	0	0	4	100.0000	
4429	茵	0	0	77	100.0000	
4430	谄	0	0	5	100.0000	
4431	朸	0	0	1	100.0000	
4432	笞	0	0	5	100.0000	
4433	峦	0	0	7	100.0000	
4434	匮	0	0	4	100.0000	
4435	倚	0	0	18	100.0000	HSK7-9
4436	漾	0	0	10	100.0000	HSK7-9
4437	缟	0	0	4	100.0000	
4438	蟾	0	0	5	100.0000	
4439	蜍	0	0	2	100.0000	
4440	皿	0	0	9	100.0000	
4441	庶	0	0	11	100.0000	
4442	礿	0	0	1	100.0000	
4443	茼	0	0	11	100.0000	
4444	坢	0	0	1	100.0000	
4445	咏	0	0	38	100.0000	HSK7-9
4446	妊	0	0	6	100.0000	
4447	娠	0	0	2	100.0000	
4448	褒	0	0	13	100.0000	
4449	敝	0	0	17	100.0000	
4450	缊	0	0	1	100.0000	
4451	绐	0	0	1	100.0000	
4452	跸	0	0	11	100.0000	
4453	裱	0	0	16	100.0000	
4454	沏	0	0	7	100.0000	HSK7-9
4455	娣	0	0	19	100.0000	
4456	汞	0	0	6	100.0000	
4457	碘	0	0	7	100.0000	
4458	寰	0	0	14	100.0000	
4459	腑	0	0	16	100.0000	
4460	襁	0	0	4	100.0000	
4461	褴	0	0	3	100.0000	
4462	褛	0	0	10	100.0000	
4463	痌	0	0	1	100.0000	
4464	耸	0	0	25	100.0000	HSK7-9
4465	黝	0	0	4	100.0000	
4466	勀	0	0	1	100.0000	
4467	驿	0	0	15	100.0000	
4468	篟	0	0	1	100.0000	
4469	拈	0	0	10	100.0000	
4470	悖	0	0	12	100.0000	
4471	瘴	0	0	4	100.0000	
4472	踵	0	0	14	100.0000	
4473	岬	0	0	8	100.0000	
4474	籓	0	0	1	100.0000	
4475	厥	0	0	23	100.0000	
4476	纲	0	0	71	100.0000	HSK5
4477	凸	0	0	49	100.0000	HSK7-9
4478	麝	0	0	7	100.0000	
4479	絊	0	0	1	100.0000	
4480	荼	0	0	15	100.0000	
4481	舀	0	0	5	100.0000	
4482	谘	0	0	3	100.0000	
4483	秶	0	0	1	100.0000	
4484	缤	0	0	9	100.0000	HSK7-9
4485	眡	0	0	1	100.0000	
4486	糔	0	0	1	100.0000	
4487	畖	0	0	1	100.0000	
4488	盰	0	0	1	100.0000	
4489	龈	0	0	5	100.0000	
4490	阨	0	0	1	100.0000	
4491	禭	0	0	1	100.0000	
4492	囤	0	0	9	100.0000	
4493	侃	0	0	32	100.0000	HSK7-9
4494	劾	0	0	2	100.0000	
4495	觑	0	0	5	100.0000	
4496	尪	0	0	1	100.0000	
4497	俞	0	0	27	100.0000	
4498	羇	0	0	1	100.0000	
4499	媛	0	0	31	100.0000	
4500	鲭	0	0	3	100.0000	
4501	甝	0	0	1	100.0000	
4502	縩	0	0	1	100.0000	
4503	氦	0	0	5	100.0000	
4504	碆	0	0	1	100.0000	
4505	蓖	0	0	4	100.0000	
4506	洷	0	0	1	100.0000	
4507	竝	0	0	1	100.0000	
4508	旬	0	0	18	100.0000	HSK7-9
4509	饷	0	0	10	100.0000	
4510	葆	0	0	25	100.0000	
4511	捋	0	0	3	100.0000	
4512	笱	0	0	1	100.0000	
4513	剒	0	0	1	100.0000	
4514	醛	0	0	6	100.0000	
4515	藓	0	0	6	100.0000	
4516	椭	0	0	5	100.0000	
4517	耘	0	0	7	100.0000	
4518	涧	0	0	12	100.0000	
4519	猟	0	0	1	100.0000	
4520	笠	0	0	20	100.0000	
4521	遁	0	0	29	100.0000	
4522	瓮	0	0	13	100.0000	
4523	骁	0	0	4	100.0000	
4524	窈	0	0	3	100.0000	
4525	窕	0	0	5	100.0000	
4526	姘	0	0	4	100.0000	
4527	硌	0	0	1	100.0000	
4528	瞋	0	0	1	100.0000	
4529	膳	0	0	27	100.0000	HSK7-9
4530	璜	0	0	12	100.0000	
4531	脤	0	0	2	100.0000	
4532	镐	0	0	21	100.0000	
4533	帷	0	0	7	100.0000	
4534	罽	0	0	1	100.0000	
4535	觐	0	0	5	100.0000	
4536	彪	0	0	45	100.0000	
4537	娴	0	0	17	100.0000	
4538	绚	0	0	31	100.0000	
4539	呾	0	0	1	100.0000	
4540	鹈	0	0	3	100.0000	
4541	鹕	0	0	1	100.0000	
4542	舠	0	0	1	100.0000	
4543	篒	0	0	1	100.0000	
4544	鸠	0	0	14	100.0000	
4545	镬	0	0	1	100.0000	
4546	噫	0	0	1	100.0000	
4547	惆	0	0	17	100.0000	
4548	桵	0	0	1	100.0000	
4549	韬	0	0	13	100.0000	
4550	孑	0	0	15	100.0000	
4551	臃	0	0	3	100.0000	
4552	衩	0	0	3	100.0000	
4553	胫	0	0	4	100.0000	
4554	捻	0	0	9	100.0000	
4555	琶	0	0	12	100.0000	
4556	耫	0	0	1	100.0000	
4557	诿	0	0	11	100.0000	
4558	劂	0	0	1	100.0000	
4559	琅	0	0	23	100.0000	
4560	剿	0	0	22	100.0000	
4561	璏	0	0	1	100.0000	
4562	疽	0	0	15	100.0000	
4563	昙	0	0	6	100.0000	
4564	摹	0	0	9	100.0000	
4565	蚾	0	0	1	100.0000	
4566	焖	0	0	4	100.0000	
4567	宎	0	0	1	100.0000	
4568	谯	0	0	7	100.0000	
4569	珑	0	0	11	100.0000	
4570	褥	0	0	13	100.0000	
4571	穗	0	0	81	100.0000	
4572	忤	0	0	4	100.0000	
4573	砓	0	0	1	100.0000	
4574	猝	0	0	9	100.0000	
4575	俇	0	0	1	100.0000	
4576	炕	0	0	11	100.0000	
4577	淳	0	0	43	100.0000	
4578	埜	0	0	1	100.0000	
4579	顷	0	0	22	100.0000	HSK7-9
4580	莪	0	0	11	100.0000	
4581	琉	0	0	19	100.0000	
4582	屾	0	0	1	100.0000	
4583	羟	0	0	14	100.0000	
4584	慵	0	0	2	100.0000	
4585	蝌	0	0	3	100.0000	
4586	蚪	0	0	2	100.0000	
4587	挞	0	0	22	100.0000	
4588	锵	0	0	10	100.0000	
4589	喙	0	0	2	100.0000	
4590	冞	0	0	1	100.0000	
4591	棱	0	0	28	100.0000	HSK7-9
4592	轧	0	0	32	100.0000	
4593	啭	0	0	4	100.0000	
4594	磊	0	0	24	100.0000	HSK7-9
4595	贤	0	0	229	100.0000	HSK7-9
4596	袈	0	0	2	100.0000	
4597	裟	0	0	3	100.0000	
4598	壹	0	0	88	100.0000	
4599	痐	0	0	1	100.0000	
4600	锂	0	0	15	100.0000	
4601	榷	0	0	1	100.0000	
4602	娄	0	0	40	100.0000	
4603	抒	0	0	13	100.0000	HSK7-9
4604	镒	0	0	8	100.0000	
4605	椿	0	0	30	100.0000	
4606	嫒	0	0	2	100.0000	
4607	絮	0	0	19	100.0000	HSK7-9
4608	泯	0	0	13	100.0000	
4609	媪	0	0	1	100.0000	
4610	漉	0	0	3	100.0000	
4611	疍	0	0	1	100.0000	
4612	陲	0	0	25	100.0000	
4613	磞	0	0	1	100.0000	
4614	睑	0	0	17	100.0000	
4615	腮	0	0	20	100.0000	
4616	芸	0	0	20	100.0000	
4617	吆	0	0	5	100.0000	
4618	挝	0	0	2	100.0000	
4619	皎	0	0	8	100.0000	
4620	絴	0	0	1	100.0000	
4621	鹃	0	0	17	100.0000	
4622	篕	0	0	1	100.0000	
4623	胪	0	0	1	100.0000	
4624	䂵	0	0	1	100.0000	
4625	盝	0	0	1	100.0000	
4626	禤	0	0	1	100.0000	
4627	礥	0	0	1	100.0000	
4628	槃	0	0	2	100.0000	
4629	楠	0	0	41	100.0000	
4630	籥	0	0	1	100.0000	
4631	臱	0	0	1	100.0000	
4632	倭	0	0	13	100.0000	
4633	膙	0	0	1	100.0000	
4634	粤	0	0	19	100.0000	
4635	竣	0	0	10	100.0000	HSK7-9
4636	锲	0	0	4	100.0000	
4637	蒲	0	0	52	100.0000	
4638	笈	0	0	3	100.0000	
4639	诛	0	0	14	100.0000	
4640	瓃	0	0	1	100.0000	
4641	廖	0	0	38	100.0000	
4642	镙	0	0	2	100.0000	
4643	篖	0	0	1	100.0000	
4644	檀	0	0	25	100.0000	
4645	胓	0	0	1	100.0000	
4646	絘	0	0	1	100.0000	
4647	苇	0	0	17	100.0000	
4648	湎	0	0	2	100.0000	
4649	陎	0	0	1	100.0000	
4650	坋	0	0	1	100.0000	
4651	郞	0	0	2	100.0000	
4652	秎	0	0	1	100.0000	
4653	诣	0	0	3	100.0000	
4654	哽	0	0	9	100.0000	
4655	硒	0	0	1	100.0000	
4656	苝	0	0	1	100.0000	
4657	荚	0	0	16	100.0000	
4658	诏	0	0	15	100.0000	
4659	箩	0	0	19	100.0000	
4660	恅	0	0	1	100.0000	
4661	凛	0	0	22	100.0000	
4662	匍	0	0	5	100.0000	
4663	匐	0	0	9	100.0000	
4664	弩	0	0	24	100.0000	
4665	霞	0	0	97	100.0000	HSK7-9
4666	虞	0	0	20	100.0000	
4667	踊	0	0	7	100.0000	HSK7-9
4668	缛	0	0	4	100.0000	
4669	籴	0	0	1	100.0000	
4670	勍	0	0	4	100.0000	
4671	彶	0	0	1	100.0000	
4672	貊	0	0	1	100.0000	
4673	黒	0	0	1	100.0000	
4674	颧	0	0	4	100.0000	
4675	猂	0	0	1	100.0000	
4676	璂	0	0	1	100.0000	
4677	卉	0	0	5	100.0000	HSK7-9
4678	岍	0	0	1	100.0000	
4679	膓	0	0	1	100.0000	
4680	軞	0	0	1	100.0000	
4681	貍	0	0	2	100.0000	
4682	絫	0	0	2	100.0000	
4683	猘	0	0	1	100.0000	
4684	甠	0	0	1	100.0000	
4685	硋	0	0	1	100.0000	
4686	羱	0	0	1	100.0000	
4687	鲟	0	0	5	100.0000	
4688	弑	0	0	9	100.0000	
4689	谀	0	0	3	100.0000	
4690	堈	0	0	1	100.0000	
4691	汒	0	0	1	100.0000	
4692	籽	0	0	22	100.0000	
4693	闵	0	0	19	100.0000	
4694	鞘	0	0	13	100.0000	
4695	啮	0	0	12	100.0000	
4696	罠	0	0	1	100.0000	
4697	涙	0	0	1	100.0000	
4698	饯	0	0	11	100.0000	
4699	玴	0	0	1	100.0000	
4700	稠	0	0	30	100.0000	HSK7-9
4701	缈	0	0	4	100.0000	
4702	抿	0	0	2	100.0000	
4703	夙	0	0	5	100.0000	
4704	疦	0	0	1	100.0000	
4705	悝	0	0	14	100.0000	
4706	癹	0	0	1	100.0000	
4707	啷	0	0	9	100.0000	
4708	驸	0	0	3	100.0000	
4709	抶	0	0	1	100.0000	
4710	叻	0	0	2	100.0000	
4711	姗	0	0	39	100.0000	
4712	姪	0	0	1	100.0000	
4713	蝾	0	0	1	100.0000	
4714	螈	0	0	2	100.0000	
4715	壊	0	0	1	100.0000	
4716	芖	0	0	1	100.0000	
4717	篨	0	0	1	100.0000	
4718	碜	0	0	6	100.0000	
4719	昌	0	0	204	100.0000	HSK6
4720	钙	0	0	13	100.0000	HSK7-9
4721	褶	0	0	17	100.0000	
4722	铎	0	0	44	100.0000	
4723	竬	0	0	1	100.0000	
4724	忐	0	0	5	100.0000	
4725	忑	0	0	7	100.0000	
4726	鸢	0	0	16	100.0000	
4727	睭	0	0	1	100.0000	
4728	籵	0	0	1	100.0000	
4729	鹳	0	0	8	100.0000	
4730	硷	0	0	4	100.0000	
4731	讹	0	0	7	100.0000	HSK7-9
4732	轶	0	0	3	100.0000	
4733	佯	0	0	9	100.0000	
4734	穑	0	0	4	100.0000	
4735	砵	0	0	1	100.0000	
4736	鞑	0	0	6	100.0000	
4737	澜	0	0	28	100.0000	HSK7-9
4738	鬣	0	0	3	100.0000	
4739	佷	0	0	1	100.0000	
4740	胴	0	0	2	100.0000	
4741	昜	0	0	1	100.0000	
4742	仃	0	0	10	100.0000	
4743	呇	0	0	1	100.0000	
4744	俙	0	0	1	100.0000	
4745	雁	0	0	85	100.0000	HSK7-9
4746	嗖	0	0	5	100.0000	
4747	俋	0	0	1	100.0000	
4748	蒟	0	0	1	100.0000	
4749	忿	0	0	9	100.0000	
4750	颐	0	0	22	100.0000	
4751	壅	0	0	3	100.0000	
4752	靛	0	0	5	100.0000	
4753	鬓	0	0	14	100.0000	
4754	玊	0	0	1	100.0000	
4755	郝	0	0	55	100.0000	
4756	伝	0	0	1	100.0000	
4757	栳	0	0	6	100.0000	
4758	缨	0	0	12	100.0000	
4759	莞	0	0	15	100.0000	
4760	齁	0	0	1	100.0000	
4761	蝉	0	0	24	100.0000	
4762	桎	0	0	2	100.0000	
4763	梏	0	0	1	100.0000	
4764	芮	0	0	112	100.0000	
4765	暄	0	0	5	100.0000	
4766	苜	0	0	8	100.0000	
4767	蓿	0	0	4	100.0000	
4768	戾	0	0	6	100.0000	
4769	舐	0	0	1	100.0000	
4770	恣	0	0	7	100.0000	
4771	猓	0	0	1	100.0000	
4772	邑	0	0	23	100.0000	
4773	碒	0	0	1	100.0000	
4774	屯	0	0	39	100.0000	HSK7-9
4775	礘	0	0	1	100.0000	
4776	榎	0	0	1	100.0000	
4777	荔	0	0	10	100.0000	
4778	鹬	0	0	4	100.0000	
4779	彸	0	0	1	100.0000	
4780	拻	0	0	1	100.0000	
4781	棠	0	0	26	100.0000	
4782	绛	0	0	10	100.0000	
4783	睴	0	0	1	100.0000	
4784	祐	0	0	5	100.0000	
4785	耂	0	0	1	100.0000	
4786	貉	0	0	11	100.0000	
4787	滕	0	0	75	100.0000	
4788	晞	0	0	1	100.0000	
4789	砪	0	0	1	100.0000	
4790	稺	0	0	1	100.0000	
4791	炵	0	0	1	100.0000	
4792	笺	0	0	13	100.0000	
4793	孱	0	0	5	100.0000	
4794	衪	0	0	1	100.0000	
4795	鳃	0	0	5	100.0000	
4796	猋	0	0	1	100.0000	
4797	睤	0	0	1	100.0000	
4798	猽	0	0	1	100.0000	
4799	盅	0	0	14	100.0000	
4800	茍	0	0	1	100.0000	
4801	俶	0	0	1	100.0000	
4802	痨	0	0	8	100.0000	
4803	籊	0	0	1	100.0000	
4804	臕	0	0	1	100.0000	
4805	迦	0	0	76	100.0000	
4806	鳅	0	0	3	100.0000	
4807	浊	0	0	17	100.0000	HSK7-9
4808	贮	0	0	23	100.0000	HSK7-9
4809	髋	0	0	5	100.0000	
4810	瑙	0	0	17	100.0000	
4811	梆	0	0	10	100.0000	
4812	矼	0	0	1	100.0000	
4813	纰	0	0	3	100.0000	
4814	抜	0	0	1	100.0000	
4815	啕	0	0	4	100.0000	
4816	瞻	0	0	23	100.0000	HSK7-9
4817	谩	0	0	5	100.0000	
4818	湘	0	0	39	100.0000	
4819	苳	0	0	1	100.0000	
4820	逑	0	0	7	100.0000	
4821	狰	0	0	4	100.0000	
4822	狞	0	0	14	100.0000	
4823	紏	0	0	1	100.0000	
4824	夼	0	0	1	100.0000	
4825	峎	0	0	1	100.0000	
4826	骛	0	0	6	100.0000	
4827	冉	0	0	21	100.0000	
4828	妏	0	0	1	100.0000	
4829	庈	0	0	2	100.0000	
4830	跻	0	0	3	100.0000	
4831	雯	0	0	75	100.0000	
4832	璧	0	0	18	100.0000	
4833	疪	0	0	1	100.0000	
4834	笕	0	0	3	100.0000	
4835	猤	0	0	1	100.0000	
4836	疉	0	0	1	100.0000	
4837	囝	0	0	1	100.0000	
4838	斛	0	0	4	100.0000	
4839	诙	0	0	5	100.0000	
4840	耷	0	0	2	100.0000	
4841	舮	0	0	1	100.0000	
4842	禴	0	0	1	100.0000	
4843	圃	0	0	8	100.0000	
4844	搀	0	0	11	100.0000	HSK7-9
4845	庐	0	0	23	100.0000	
4846	盄	0	0	1	100.0000	
4847	韭	0	0	9	100.0000	
4848	稶	0	0	1	100.0000	
4849	琖	0	0	1	100.0000	
4850	虷	0	0	1	100.0000	
4851	兀	0	0	8	100.0000	
4852	亘	0	0	10	100.0000	
4853	慇	0	0	3	100.0000	
4854	掇	0	0	7	100.0000	
4855	秞	0	0	1	100.0000	
4856	胑	0	0	1	100.0000	
4857	桄	0	0	1	100.0000	
4858	詻	0	0	1	100.0000	
4859	钸	0	0	1	100.0000	
4860	钴	0	0	3	100.0000	
4861	玌	0	0	1	100.0000	
4862	覃	0	0	22	100.0000	
4863	腚	0	0	1	100.0000	
4864	祗	0	0	10	100.0000	
4865	愕	0	0	6	100.0000	
4866	稷	0	0	4	100.0000	
4867	礷	0	0	1	100.0000	
4868	鹊	0	0	16	100.0000	
4869	屙	0	0	1	100.0000	
4870	禾	0	0	54	100.0000	HSK7-9
4871	阖	0	0	10	100.0000	
4872	纣	0	0	5	100.0000	
4873	胐	0	0	1	100.0000	
4874	癪	0	0	2	100.0000	
4875	聒	0	0	7	100.0000	
4876	尕	0	0	8	100.0000	
4877	羮	0	0	1	100.0000	
4878	仕	0	0	62	100.0000	
4879	瓂	0	0	1	100.0000	
4880	帛	0	0	11	100.0000	
4881	荞	0	0	7	100.0000	
4882	蹑	0	0	6	100.0000	
4883	哏	0	0	7	100.0000	
4884	糸	0	0	1	100.0000	
4885	僭	0	0	1	100.0000	
4886	碯	0	0	1	100.0000	
4887	啖	0	0	1	100.0000	
4888	垩	0	0	8	100.0000	
4889	牦	0	0	1	100.0000	
4890	磂	0	0	1	100.0000	
4891	揺	0	0	1	100.0000	
4892	谏	0	0	18	100.0000	
4893	窲	0	0	1	100.0000	
4894	荎	0	0	1	100.0000	
4895	馄	0	0	6	100.0000	
4896	饨	0	0	2	100.0000	
4897	婕	0	0	17	100.0000	
4898	歩	0	0	5	100.0000	
4899	堍	0	0	1	100.0000	
4900	缥	0	0	8	100.0000	
4901	揶	0	0	2	100.0000	
4902	揄	0	0	3	100.0000	
4903	竛	0	0	1	100.0000	
4904	诨	0	0	5	100.0000	
4905	啐	0	0	1	100.0000	
4906	紌	0	0	1	100.0000	
4907	鸮	0	0	1	100.0000	
4908	沭	0	0	6	100.0000	
4909	矬	0	0	4	100.0000	
4910	饕	0	0	4	100.0000	
4911	餮	0	0	5	100.0000	
4912	滦	0	0	7	100.0000	
4913	璆	0	0	1	100.0000	
4914	荜	0	0	1	100.0000	
4915	斡	0	0	5	100.0000	
4916	嘢	0	0	2	100.0000	
4917	縡	0	0	1	100.0000	
4918	蓑	0	0	10	100.0000	
4919	楔	0	0	12	100.0000	
4920	埻	0	0	1	100.0000	
4921	缂	0	0	1	100.0000	
4922	臦	0	0	1	100.0000	
4923	皋	0	0	8	100.0000	
4924	砈	0	0	1	100.0000	
4925	碈	0	0	1	100.0000	
4926	奕	0	0	18	100.0000	
4927	耎	0	0	1	100.0000	
4928	羖	0	0	1	100.0000	
4929	瞈	0	0	1	100.0000	
4930	郲	0	0	1	100.0000	
4931	堎	0	0	1	100.0000	
4932	剜	0	0	1	100.0000	
4933	柩	0	0	6	100.0000	
4934	屐	0	0	3	100.0000	
4935	苂	0	0	1	100.0000	
4936	竮	0	0	1	100.0000	
4937	龛	0	0	5	100.0000	
4938	痚	0	0	1	100.0000	
4939	槲	0	0	1	100.0000	
4940	佃	0	0	4	100.0000	
4941	冇	0	0	1	100.0000	
4942	铢	0	0	6	100.0000	
4943	囮	0	0	1	100.0000	
4944	犷	0	0	2	100.0000	
4945	纭	0	0	2	100.0000	
4946	瓟	0	0	1	100.0000	
4947	碇	0	0	1	100.0000	
4948	痓	0	0	1	100.0000	
4949	珮	0	0	2	100.0000	
4950	轩	0	0	59	100.0000	
4951	呷	0	0	1	100.0000	
4952	礨	0	0	1	100.0000	
4953	祫	0	0	1	100.0000	
4954	囹	0	0	5	100.0000	
4955	圄	0	0	5	100.0000	
4956	洼	0	0	35	100.0000	
4957	靼	0	0	4	100.0000	
4958	穃	0	0	1	100.0000	
4959	枱	0	0	6	100.0000	
4960	礜	0	0	1	100.0000	
4961	鸨	0	0	5	100.0000	
4962	樵	0	0	9	100.0000	
4963	怢	0	0	1	100.0000	
4964	岚	0	0	33	100.0000	
4965	璖	0	0	1	100.0000	
4966	噙	0	0	1	100.0000	
4967	髻	0	0	5	100.0000	
4968	崴	0	0	10	100.0000	
4969	籸	0	0	1	100.0000	
4970	桽	0	0	1	100.0000	
4971	洘	0	0	1	100.0000	
4972	笙	0	0	18	100.0000	
4973	谙	0	0	20	100.0000	
4974	馥	0	0	9	100.0000	
4975	蔫	0	0	7	100.0000	
4976	瞟	0	0	3	100.0000	
4977	阮	0	0	32	100.0000	
4978	弈	0	0	7	100.0000	HSK7-9
4979	呡	0	0	1	100.0000	
4980	媾	0	0	6	100.0000	
4981	衒	0	0	1	100.0000	
4982	珛	0	0	1	100.0000	
4983	噘	0	0	2	100.0000	
4984	蘼	0	0	1	100.0000	
4985	潺	0	0	6	100.0000	
4986	盺	0	0	1	100.0000	
4987	跦	0	0	1	100.0000	
4988	眢	0	0	1	100.0000	
4989	蜀	0	0	16	100.0000	
4990	陕	0	0	29	100.0000	
4991	漓	0	0	11	100.0000	
4992	咣	0	0	4	100.0000	
4993	圉	0	0	3	100.0000	
4994	膺	0	0	6	100.0000	
4995	壬	0	0	9	100.0000	
4996	掮	0	0	2	100.0000	
4997	迖	0	0	1	100.0000	
4998	肏	0	0	1	100.0000	
4999	钨	0	0	6	100.0000	
5000	秙	0	0	1	100.0000	
5001	衹	0	0	1	100.0000	
5002	酣	0	0	18	100.0000	HSK7-9
5003	俨	0	0	1	100.0000	
5004	秝	0	0	1	100.0000	
5005	淉	0	0	1	100.0000	
5006	腓	0	0	15	100.0000	
5007	緿	0	0	1	100.0000	
5008	実	0	0	1	100.0000	
5009	桴	0	0	1	100.0000	
5010	荌	0	0	1	100.0000	
5011	秉	0	0	59	100.0000	HSK7-9
5012	舽	0	0	1	100.0000	
5013	罿	0	0	1	100.0000	
5014	唛	0	0	1	100.0000	
5015	埮	0	0	1	100.0000	
5016	腢	0	0	1	100.0000	
5017	阙	0	0	11	100.0000	
5018	玮	0	0	6	100.0000	
5019	臛	0	0	1	100.0000	
5020	靳	0	0	11	100.0000	
5021	卤	0	0	21	100.0000	HSK7-9
5022	砦	0	0	2	100.0000	
5023	菱	0	0	43	100.0000	
5024	溥	0	0	14	100.0000	
5025	泐	0	0	5	100.0000	
5026	笝	0	0	1	100.0000	
5027	蚐	0	0	1	100.0000	
5028	蕨	0	0	8	100.0000	
5029	锌	0	0	8	100.0000	
5030	膌	0	0	1	100.0000	
5031	絩	0	0	1	100.0000	
5032	螯	0	0	3	100.0000	
5033	桉	0	0	13	100.0000	
5034	犒	0	0	3	100.0000	
5035	弝	0	0	1	100.0000	
5036	袄	0	0	10	100.0000	
5037	芩	0	0	7	100.0000	
5038	篅	0	0	1	100.0000	
5039	祡	0	0	1	100.0000	
5040	恃	0	0	15	100.0000	
5041	钜	0	0	9	100.0000	
5042	搥	0	0	1	100.0000	
5043	桒	0	0	1	100.0000	
5044	糜	0	0	12	100.0000	
5045	锒	0	0	3	100.0000	
5046	鲷	0	0	5	100.0000	
5047	絯	0	0	1	100.0000	
5048	茩	0	0	1	100.0000	
5049	蛔	0	0	3	100.0000	
5050	迵	0	0	6	100.0000	
5051	咲	0	0	27	100.0000	
5052	铂	0	0	7	100.0000	
5053	姚	0	0	29	100.0000	
5054	侩	0	0	5	100.0000	
5055	伬	0	0	3	100.0000	
5056	挲	0	0	5	100.0000	
5057	啣	0	0	1	100.0000	
5058	呲	0	0	1	100.0000	
5059	淰	0	0	1	100.0000	
5060	袧	0	0	1	100.0000	
5061	罔	0	0	5	100.0000	
5062	桲	0	0	1	100.0000	
5063	痝	0	0	1	100.0000	
5064	妩	0	0	5	100.0000	
5065	遴	0	0	4	100.0000	
5066	淸	0	0	1	100.0000	
5067	搡	0	0	4	100.0000	
5068	窣	0	0	2	100.0000	
5069	氖	0	0	2	100.0000	
5070	亟	0	0	8	100.0000	
5071	嫔	0	0	25	100.0000	
5072	苆	0	0	1	100.0000	
5073	孰	0	0	22	100.0000	
5074	砧	0	0	6	100.0000	
5075	昴	0	0	1	100.0000	
5076	桦	0	0	14	100.0000	
5077	釭	0	0	1	100.0000	
5078	蛞	0	0	2	100.0000	
5079	蝓	0	0	2	100.0000	
5080	犟	0	0	8	100.0000	
5081	尻	0	0	5	100.0000	
5082	栠	0	0	1	100.0000	
5083	萱	0	0	11	100.0000	
5084	荟	0	0	8	100.0000	
5085	莳	0	0	2	100.0000	
5086	翑	0	0	1	100.0000	
5087	舜	0	0	29	100.0000	
5088	嶙	0	0	2	100.0000	
5089	峋	0	0	2	100.0000	
5090	刓	0	0	1	100.0000	
5091	腣	0	0	1	100.0000	
5092	笚	0	0	1	100.0000	
5093	绶	0	0	9	100.0000	
5094	烽	0	0	12	100.0000	
5095	卍	0	0	1	100.0000	
5096	囡	0	0	8	100.0000	
5097	碮	0	0	1	100.0000	
5098	畃	0	0	1	100.0000	
5099	腶	0	0	1	100.0000	
5100	睰	0	0	1	100.0000	
5101	侘	0	0	1	100.0000	
5102	堇	0	0	5	100.0000	
5103	炷	0	0	2	100.0000	
5104	噼	0	0	7	100.0000	
5105	嘹	0	0	6	100.0000	
5106	弅	0	0	1	100.0000	
5107	庣	0	0	1	100.0000	
5108	抻	0	0	1	100.0000	
5109	褊	0	0	2	100.0000	
5110	荳	0	0	1	100.0000	
5111	偌	0	0	9	100.0000	
5112	敕	0	0	4	100.0000	
5113	襞	0	0	2	100.0000	
5114	綛	0	0	1	100.0000	
5115	洄	0	0	4	100.0000	
5116	竘	0	0	1	100.0000	
5117	膒	0	0	1	100.0000	
5118	黐	0	0	1	100.0000	
5119	籡	0	0	1	100.0000	
5120	瞇	0	0	6	100.0000	
5121	佗	0	0	7	100.0000	
5122	刎	0	0	2	100.0000	
5123	蝼	0	0	3	100.0000	
5124	舗	0	0	1	100.0000	
5125	魉	0	0	5	100.0000	
5126	傧	0	0	8	100.0000	
5127	蚔	0	0	1	100.0000	
5128	蚗	0	0	2	100.0000	
5129	瞉	0	0	1	100.0000	
5130	宦	0	0	6	100.0000	
5131	糐	0	0	1	100.0000	
5132	灶	0	0	26	100.0000	HSK7-9
5133	擘	0	0	6	100.0000	
5134	肣	0	0	1	100.0000	
5135	疝	0	0	2	100.0000	
5136	禸	0	0	1	100.0000	
5137	込	0	0	1	100.0000	
5138	淕	0	0	1	100.0000	
5139	埣	0	0	1	100.0000	
5140	疸	0	0	4	100.0000	
5141	俾	0	0	9	100.0000	
5142	芚	0	0	1	100.0000	
5143	甄	0	0	12	100.0000	
5144	皏	0	0	1	100.0000	
5145	瞠	0	0	12	100.0000	
5146	胛	0	0	3	100.0000	
5147	犄	0	0	3	100.0000	
5148	侐	0	0	1	100.0000	
5149	咁	0	0	1	100.0000	
5150	薙	0	0	1	100.0000	
5151	呴	0	0	1	100.0000	
5152	筎	0	0	1	100.0000	
5153	谵	0	0	5	100.0000	
5154	荃	0	0	5	100.0000	
5155	罄	0	0	4	100.0000	
5156	揾	0	0	3	100.0000	
5157	荇	0	0	2	100.0000	
5158	様	0	0	1	100.0000	
5159	眣	0	0	1	100.0000	
5160	恓	0	0	1	100.0000	
5161	觕	0	0	1	100.0000	
5162	毗	0	0	9	100.0000	
5163	紾	0	0	1	100.0000	
5164	瑁	0	0	6	100.0000	
5165	硆	0	0	1	100.0000	
5166	枣	0	0	29	100.0000	HSK7-9
5167	嗄	0	0	1	100.0000	
5168	濂	0	0	3	100.0000	
5169	祜	0	0	7	100.0000	
5170	甐	0	0	1	100.0000	
5171	葭	0	0	1	100.0000	
5172	翺	0	0	1	100.0000	
5173	嚒	0	0	1	100.0000	
5174	楂	0	0	5	100.0000	
5175	槙	0	0	23	100.0000	
5176	轭	0	0	3	100.0000	
5177	蒿	0	0	6	100.0000	
5178	雉	0	0	7	100.0000	
5179	耦	0	0	2	100.0000	
5180	飨	0	0	4	100.0000	
5181	溷	0	0	3	100.0000	
5182	逋	0	0	2	100.0000	
5183	弁	0	0	3	100.0000	
5184	晟	0	0	14	100.0000	
5185	婖	0	0	1	100.0000	
5186	瞿	0	0	4	100.0000	
5187	戆	0	0	2	100.0000	
5188	肨	0	0	1	100.0000	
5189	鬃	0	0	8	100.0000	
5190	祩	0	0	1	100.0000	
5191	鹧	0	0	14	100.0000	
5192	枸	0	0	2	100.0000	
5193	荻	0	0	38	100.0000	
5194	笥	0	0	1	100.0000	
5195	蚰	0	0	3	100.0000	
5196	祙	0	0	1	100.0000	
5197	噻	0	0	5	100.0000	
5198	珁	0	0	1	100.0000	
5199	妎	0	0	1	100.0000	
5200	浒	0	0	1	100.0000	
5201	搾	0	0	1	100.0000	
5202	骠	0	0	8	100.0000	
5203	貮	0	0	1	100.0000	
5204	翮	0	0	4	100.0000	
5205	醴	0	0	7	100.0000	
5206	寤	0	0	3	100.0000	
5207	鹭	0	0	15	100.0000	
5208	竺	0	0	9	100.0000	
5209	璛	0	0	1	100.0000	
5210	孜	0	0	14	100.0000	
5211	矾	0	0	8	100.0000	
5212	眅	0	0	1	100.0000	
5213	蹼	0	0	4	100.0000	
5214	翷	0	0	1	100.0000	
5215	膁	0	0	1	100.0000	
5216	埏	0	0	3	100.0000	
5217	襄	0	0	39	100.0000	
5218	樰	0	0	1	100.0000	
5219	埕	0	0	2	100.0000	
5220	恫	0	0	4	100.0000	
5221	咛	0	0	3	100.0000	
5222	穒	0	0	1	100.0000	
5223	鹜	0	0	4	100.0000	
5224	恵	0	0	1	100.0000	
5225	毓	0	0	9	100.0000	
5226	砺	0	0	5	100.0000	
5227	奂	0	0	4	100.0000	
5228	妢	0	0	1	100.0000	
5229	盂	0	0	10	100.0000	
5230	迕	0	0	1	100.0000	
5231	旻	0	0	7	100.0000	
5232	楹	0	0	2	100.0000	
5233	耜	0	0	5	100.0000	
5234	敃	0	0	1	100.0000	
5235	迥	0	0	12	100.0000	
5236	絵	0	0	21	100.0000	
5237	隠	0	0	1	100.0000	
5238	腩	0	0	11	100.0000	
5239	丙	0	0	61	100.0000	HSK7-9
5240	倜	0	0	8	100.0000	
5241	傥	0	0	2	100.0000	
5242	砕	0	0	1	100.0000	
5243	倗	0	0	1	100.0000	
5244	恻	0	0	6	100.0000	
5245	帤	0	0	1	100.0000	
5246	禘	0	0	1	100.0000	
5247	勦	0	0	1	100.0000	
5248	癨	0	0	1	100.0000	
5249	霖	0	0	27	100.0000	
5250	埂	0	0	5	100.0000	
5251	拗	0	0	20	100.0000	
5252	聼	0	0	1	100.0000	
5253	旍	0	0	1	100.0000	
5254	卟	0	0	1	100.0000	
5255	胕	0	0	1	100.0000	
5256	椛	0	0	1	100.0000	
5257	珗	0	0	1	100.0000	
5258	桡	0	0	6	100.0000	
5259	簔	0	0	1	100.0000	
5260	柲	0	0	1	100.0000	
5261	嗲	0	0	5	100.0000	
5262	竳	0	0	1	100.0000	
5263	佪	0	0	1	100.0000	
5264	鞣	0	0	8	100.0000	
5265	颞	0	0	3	100.0000	
5266	羯	0	0	9	100.0000	
5267	邵	0	0	30	100.0000	
5268	惇	0	0	1	100.0000	
5269	宥	0	0	12	100.0000	
5270	髡	0	0	1	100.0000	
5271	叵	0	0	5	100.0000	
5272	砥	0	0	3	100.0000	
5273	葺	0	0	10	100.0000	
5274	筥	0	0	1	100.0000	
5275	撷	0	0	4	100.0000	
5276	纾	0	0	3	100.0000	
5277	哿	0	0	5	100.0000	
5278	稸	0	0	1	100.0000	
5279	綷	0	0	1	100.0000	
5280	妀	0	0	1	100.0000	
5281	沢	0	0	1	100.0000	
5282	捈	0	0	1	100.0000	
5283	腱	0	0	10	100.0000	
5284	旭	0	0	61	100.0000	HSK7-9
5285	燎	0	0	12	100.0000	
5286	怦	0	0	11	100.0000	
5287	枒	0	0	1	100.0000	
5288	缍	0	0	1	100.0000	
5289	衂	0	0	1	100.0000	
5290	樟	0	0	16	100.0000	
5291	笘	0	0	1	100.0000	
5292	繥	0	0	1	100.0000	
5293	觹	0	0	1	100.0000	
5294	璐	0	0	17	100.0000	
5295	舢	0	0	3	100.0000	
5296	钖	0	0	1	100.0000	
5297	谑	0	0	4	100.0000	
5298	悪	0	0	1	100.0000	
5299	郸	0	0	14	100.0000	
5300	贽	0	0	4	100.0000	
5301	睵	0	0	1	100.0000	
5302	玍	0	0	1	100.0000	
5303	籕	0	0	1	100.0000	
5304	怹	0	0	1	100.0000	
5305	伉	0	0	6	100.0000	
5306	俪	0	0	6	100.0000	
5307	倓	0	0	1	100.0000	
5308	龅	0	0	1	100.0000	
5309	踡	0	0	1	100.0000	
5310	驷	0	0	6	100.0000	
5311	琻	0	0	1	100.0000	
5312	敔	0	0	1	100.0000	
5313	芢	0	0	1	100.0000	
5314	芉	0	0	1	100.0000	
5315	濑	0	0	128	100.0000	
5316	郫	0	0	9	100.0000	
5317	婼	0	0	1	100.0000	
5318	逄	0	0	2	100.0000	
5319	蕞	0	0	1	100.0000	
5320	膑	0	0	6	100.0000	
5321	宒	0	0	1	100.0000	
5322	矽	0	0	21	100.0000	
5323	篽	0	0	1	100.0000	
5324	唰	0	0	1	100.0000	
5325	硊	0	0	1	100.0000	
5326	耨	0	0	1	100.0000	
5327	茹	0	0	51	100.0000	
5328	卼	0	0	1	100.0000	
5329	蟠	0	0	7	100.0000	
5330	卯	0	0	20	100.0000	
5331	祎	0	0	4	100.0000	
5332	庚	0	0	19	100.0000	
5333	篫	0	0	1	100.0000	
5334	崠	0	0	1	100.0000	
5335	俳	0	0	6	100.0000	
5336	怏	0	0	21	100.0000	
5337	畟	0	0	1	100.0000	
5338	踮	0	0	4	100.0000	
5339	诃	0	0	7	100.0000	
5340	耰	0	0	1	100.0000	
5341	媎	0	0	1	100.0000	
5342	伈	0	0	1	100.0000	
5343	肬	0	0	1	100.0000	
5344	濮	0	0	3	100.0000	
5345	讷	0	0	27	100.0000	
5346	誧	0	0	1	100.0000	
5347	熺	0	0	1	100.0000	
5348	孢	0	0	13	100.0000	
5349	喰	0	0	1	100.0000	
5350	泾	0	0	6	100.0000	
5351	钆	0	0	1	100.0000	
5352	涣	0	0	5	100.0000	
5353	蛌	0	0	1	100.0000	
5354	孚	0	0	29	100.0000	
5355	仟	0	0	34	100.0000	
5356	啋	0	0	1	100.0000	
5357	镗	0	0	3	100.0000	
5358	猒	0	0	1	100.0000	
5359	啁	0	0	2	100.0000	
5360	腁	0	0	1	100.0000	
5361	捺	0	0	4	100.0000	
5362	珖	0	0	15	100.0000	
5363	茔	0	0	12	100.0000	
5364	痍	0	0	6	100.0000	
5365	殁	0	0	2	100.0000	
5366	剕	0	0	1	100.0000	
5367	濬	0	0	1	100.0000	
5368	弼	0	0	26	100.0000	
5369	恬	0	0	12	100.0000	
5370	畛	0	0	4	100.0000	
5371	篯	0	0	1	100.0000	
5372	悛	0	0	8	100.0000	
5373	円	0	0	18	100.0000	
5374	哋	0	0	1	100.0000	
5375	煨	0	0	1	100.0000	
5376	毚	0	0	1	100.0000	
5377	赈	0	0	9	100.0000	
5378	倷	0	0	2	100.0000	
5379	黍	0	0	3	100.0000	
5380	旮	0	0	6	100.0000	
5381	弋	0	0	9	100.0000	
5382	碻	0	0	1	100.0000	
5383	旰	0	0	4	100.0000	
5384	觞	0	0	3	100.0000	
5385	腍	0	0	1	100.0000	
5386	睱	0	0	1	100.0000	
5387	摞	0	0	5	100.0000	
5388	硔	0	0	1	100.0000	
5389	砷	0	0	5	100.0000	
5390	吤	0	0	1	100.0000	
5391	挎	0	0	3	100.0000	HSK7-9
5392	瓸	0	0	1	100.0000	
5393	邈	0	0	6	100.0000	
5394	侪	0	0	7	100.0000	
5395	劓	0	0	1	100.0000	
5396	杳	0	0	10	100.0000	
5397	豖	0	0	1	100.0000	
5398	蚋	0	0	1	100.0000	
5399	颌	0	0	13	100.0000	
5400	杓	0	0	2	100.0000	
5401	绾	0	0	1	100.0000	
5402	笤	0	0	1	100.0000	
5403	叱	0	0	7	100.0000	
5404	瑛	0	0	20	100.0000	
5405	唵	0	0	1	100.0000	
5406	乂	0	0	2	100.0000	
5407	谒	0	0	7	100.0000	
5408	殇	0	0	6	100.0000	
5409	瘙	0	0	3	100.0000	
5410	澹	0	0	3	100.0000	
5411	箔	0	0	11	100.0000	
5412	锷	0	0	11	100.0000	
5413	繋	0	0	1	100.0000	
5414	雍	0	0	16	100.0000	
5415	黜	0	0	5	100.0000	
5416	摈	0	0	4	100.0000	
5417	鹏	0	0	61	100.0000	HSK7-9
5418	阯	0	0	1	100.0000	
5419	帰	0	0	1	100.0000	
5420	砊	0	0	1	100.0000	
5421	僩	0	0	1	100.0000	
5422	郣	0	0	1	100.0000	
5423	谔	0	0	4	100.0000	
5424	杅	0	0	1	100.0000	
5425	尧	0	0	20	100.0000	
5426	玖	0	0	11	100.0000	
5427	捩	0	0	4	100.0000	
5428	磃	0	0	1	100.0000	
5429	锃	0	0	3	100.0000	
5430	糅	0	0	2	100.0000	
5431	猍	0	0	1	100.0000	
5432	桀	0	0	7	100.0000	
5433	骜	0	0	3	100.0000	
5434	匝	0	0	6	100.0000	
5435	桐	0	0	58	100.0000	
5436	腉	0	0	1	100.0000	
5437	剉	0	0	1	100.0000	
5438	麸	0	0	13	100.0000	
5439	汔	0	0	1	100.0000	
5440	迡	0	0	1	100.0000	
5441	绌	0	0	4	100.0000	
5442	晔	0	0	8	100.0000	
5443	揤	0	0	1	100.0000	
5444	玅	0	0	1	100.0000	
5445	縨	0	0	1	100.0000	
5446	焼	0	0	1	100.0000	
5447	駆	0	0	1	100.0000	
5448	嶋	0	0	1	100.0000	
5449	峇	0	0	1	100.0000	
5450	郪	0	0	1	100.0000	
5451	耣	0	0	1	100.0000	
5452	蓓	0	0	42	100.0000	
5453	芵	0	0	1	100.0000	
5454	栀	0	0	3	100.0000	
5455	袂	0	0	5	100.0000	
5456	疎	0	0	1	100.0000	
5457	蓼	0	0	1	100.0000	
5458	伕	0	0	1	100.0000	
5459	侳	0	0	1	100.0000	
5460	劵	0	0	1	100.0000	
5461	榉	0	0	4	100.0000	
5462	藿	0	0	3	100.0000	
5463	栉	0	0	10	100.0000	
5464	苀	0	0	1	100.0000	
5465	恸	0	0	4	100.0000	
5466	睳	0	0	1	100.0000	
5467	倳	0	0	1	100.0000	
5468	绺	0	0	1	100.0000	
5469	艸	0	0	1	100.0000	
5470	沓	0	0	13	100.0000	
5471	忾	0	0	3	100.0000	
5472	掬	0	0	5	100.0000	
5473	抯	0	0	1	100.0000	
5474	鳀	0	0	1	100.0000	
5475	鲫	0	0	4	100.0000	
5476	壑	0	0	9	100.0000	
5477	榕	0	0	6	100.0000	
5478	䏝	0	0	1	100.0000	
5479	邧	0	0	1	100.0000	
5480	畦	0	0	3	100.0000	
5481	臓	0	0	1	100.0000	
5482	跫	0	0	1	100.0000	
5483	瓯	0	0	5	100.0000	
5484	簇	0	0	19	100.0000	HSK7-9
5485	狵	0	0	1	100.0000	
5486	偈	0	0	1	100.0000	
5487	垣	0	0	30	100.0000	
5488	薏	0	0	8	100.0000	
5489	邢	0	0	13	100.0000	
5490	瑶	0	0	30	100.0000	
5491	绻	0	0	2	100.0000	
5492	牁	0	0	1	100.0000	
5493	鳎	0	0	2	100.0000	
5494	枅	0	0	1	100.0000	
5495	崮	0	0	2	100.0000	
5496	昢	0	0	1	100.0000	
5497	缒	0	0	1	100.0000	
5498	莹	0	0	28	100.0000	HSK7-9
5499	蔆	0	0	1	100.0000	
5500	怓	0	0	1	100.0000	
5501	狻	0	0	1	100.0000	
5502	淙	0	0	1	100.0000	
5503	洙	0	0	51	100.0000	
5504	淼	0	0	9	100.0000	
5505	彳	0	0	1	100.0000	
5506	欱	0	0	1	100.0000	
5507	魑	0	0	2	100.0000	
5508	魍	0	0	2	100.0000	
5509	腃	0	0	1	100.0000	
5510	羸	0	0	5	100.0000	
5511	蹉	0	0	5	100.0000	
5512	跎	0	0	5	100.0000	
5513	睥	0	0	8	100.0000	
5514	蛁	0	0	1	100.0000	
5515	裒	0	0	1	100.0000	
5516	絔	0	0	1	100.0000	
5517	瑠	0	0	23	100.0000	
5518	誸	0	0	1	100.0000	
5519	盳	0	0	1	100.0000	
5520	箕	0	0	4	100.0000	
5521	铍	0	0	2	100.0000	
5522	擢	0	0	5	100.0000	
5523	馕	0	0	1	100.0000	
5524	倎	0	0	1	100.0000	
5525	骝	0	0	3	100.0000	
5526	赳	0	0	3	100.0000	
5527	巿	0	0	1	100.0000	
5528	廻	0	0	1	100.0000	
5529	吥	0	0	1	100.0000	
5530	嘚	0	0	1	100.0000	
5531	盓	0	0	1	100.0000	
5532	吒	0	0	2	100.0000	
5533	睨	0	0	6	100.0000	
5534	愫	0	0	2	100.0000	
5535	膟	0	0	1	100.0000	
5536	絑	0	0	2	100.0000	
5537	鏖	0	0	2	100.0000	
5538	椄	0	0	1	100.0000	
5539	旆	0	0	1	100.0000	
5540	苐	0	0	1	100.0000	
5541	筱	0	0	31	100.0000	
5542	潠	0	0	1	100.0000	
5543	倰	0	0	1	100.0000	
5544	粕	0	0	4	100.0000	
5545	觼	0	0	1	100.0000	
5546	癔	0	0	2	100.0000	
5547	叟	0	0	30	100.0000	
5548	咤	0	0	4	100.0000	
5549	穻	0	0	1	100.0000	
5550	铿	0	0	8	100.0000	
5551	狤	0	0	1	100.0000	
5552	朔	0	0	20	100.0000	
5553	擡	0	0	1	100.0000	
5554	坩	0	0	2	100.0000	
5555	埚	0	0	1	100.0000	
5556	蔨	0	0	1	100.0000	
5557	肽	0	0	5	100.0000	
5558	玿	0	0	1	100.0000	
5559	瑢	0	0	18	100.0000	
5560	菅	0	0	19	100.0000	
5561	徇	0	0	8	100.0000	
5562	衲	0	0	4	100.0000	
5563	榛	0	0	5	100.0000	
5564	诳	0	0	6	100.0000	
5565	砮	0	0	1	100.0000	
5566	浜	0	0	4	100.0000	
5567	纶	0	0	31	100.0000	
5568	噤	0	0	7	100.0000	
5569	芄	0	0	1	100.0000	
5570	钒	0	0	1	100.0000	
5571	奌	0	0	1	100.0000	
5572	锾	0	0	1	100.0000	
5573	猑	0	0	1	100.0000	
5574	釆	0	0	1	100.0000	
5575	芕	0	0	1	100.0000	
5576	糥	0	0	1	100.0000	
5577	醍	0	0	5	100.0000	
5578	醐	0	0	4	100.0000	
5579	扢	0	0	1	100.0000	
5580	幵	0	0	1	100.0000	
5581	冼	0	0	10	100.0000	
5582	鲛	0	0	2	100.0000	
5583	頬	0	0	1	100.0000	
5584	栁	0	0	1	100.0000	
5585	纂	0	0	5	100.0000	
5586	茛	0	0	1	100.0000	
5587	霎	0	0	10	100.0000	
5588	扈	0	0	22	100.0000	
5589	嫣	0	0	13	100.0000	
5590	嵋	0	0	5	100.0000	
5591	箄	0	0	1	100.0000	
5592	锰	0	0	7	100.0000	
5593	靖	0	0	51	100.0000	
5594	埠	0	0	19	100.0000	
5595	尨	0	0	1	100.0000	
5596	殄	0	0	1	100.0000	
5597	鬲	0	0	4	100.0000	
5598	绁	0	0	1	100.0000	
5599	钹	0	0	5	100.0000	
5600	诰	0	0	2	100.0000	
5601	龒	0	0	1	100.0000	
5602	卞	0	0	5	100.0000	
5603	擞	0	0	4	100.0000	
5604	痟	0	0	1	100.0000	
5605	疖	0	0	2	100.0000	
5606	毎	0	0	1	100.0000	
5607	葹	0	0	1	100.0000	
5608	捇	0	0	1	100.0000	
5609	抎	0	0	1	100.0000	
5610	剀	0	0	6	100.0000	
5611	弭	0	0	5	100.0000	
5612	黔	0	0	3	100.0000	
5613	竂	0	0	1	100.0000	
5614	癴	0	0	1	100.0000	
5615	渭	0	0	11	100.0000	
5616	芺	0	0	1	100.0000	
5617	倌	0	0	8	100.0000	
5618	蚵	0	0	1	100.0000	
5619	浬	0	0	2	100.0000	
5620	耏	0	0	1	100.0000	
5621	冶	0	0	25	100.0000	HSK7-9
5622	冽	0	0	8	100.0000	
5623	遑	0	0	2	100.0000	
5624	禩	0	0	1	100.0000	
5625	稵	0	0	1	100.0000	
5626	猅	0	0	1	100.0000	
5627	侔	0	0	3	100.0000	
5628	睚	0	0	8	100.0000	
5629	渚	0	0	5	100.0000	
5630	嘤	0	0	1	100.0000	
5631	衮	0	0	6	100.0000	
5632	郳	0	0	1	100.0000	
5633	馗	0	0	4	100.0000	
5634	羉	0	0	1	100.0000	
5635	泚	0	0	1	100.0000	
5636	泷	0	0	15	100.0000	
5637	娈	0	0	4	100.0000	
5638	挌	0	0	1	100.0000	
5639	婄	0	0	1	100.0000	
5640	绱	0	0	1	100.0000	
5641	隍	0	0	9	100.0000	
5642	绂	0	0	1	100.0000	
5643	婀	0	0	5	100.0000	
5644	蒡	0	0	2	100.0000	
5645	篙	0	0	5	100.0000	
5646	鳌	0	0	5	100.0000	
5647	诓	0	0	2	100.0000	
5648	籏	0	0	1	100.0000	
5649	縇	0	0	1	100.0000	
5650	癑	0	0	1	100.0000	
5651	纄	0	0	1	100.0000	
5652	瓒	0	0	4	100.0000	
5653	撃	0	0	1	100.0000	
5654	袚	0	0	1	100.0000	
5655	妤	0	0	4	100.0000	
5656	丨	0	0	1	100.0000	
5657	蒳	0	0	1	100.0000	
5658	瞊	0	0	1	100.0000	
5659	胦	0	0	1	100.0000	
5660	竀	0	0	1	100.0000	
5661	暝	0	0	1	100.0000	
5662	踫	0	0	1	100.0000	
5663	袅	0	0	5	100.0000	
5664	铉	0	0	22	100.0000	
5665	蚜	0	0	3	100.0000	
5666	瞽	0	0	1	100.0000	
5667	痂	0	0	4	100.0000	
5668	厒	0	0	1	100.0000	
5669	獿	0	0	1	100.0000	
5670	趿	0	0	3	100.0000	
5671	谟	0	0	5	100.0000	
5672	婵	0	0	19	100.0000	
5673	脍	0	0	5	100.0000	
5674	宸	0	0	4	100.0000	
5675	拊	0	0	2	100.0000	
5676	滂	0	0	4	100.0000	
5677	沱	0	0	7	100.0000	
5678	裨	0	0	3	100.0000	
5679	泠	0	0	7	100.0000	
5680	帼	0	0	9	100.0000	
5681	秧	0	0	11	100.0000	HSK7-9
5682	辇	0	0	2	100.0000	
5683	湄	0	0	11	100.0000	
5684	豝	0	0	1	100.0000	
5685	豭	0	0	1	100.0000	
5686	蝬	0	0	1	100.0000	
5687	櫈	0	0	1	100.0000	
5688	揹	0	0	1	100.0000	
5689	宕	0	0	7	100.0000	
5690	舥	0	0	1	100.0000	
5691	縥	0	0	1	100.0000	
5692	闘	0	0	1	100.0000	
5693	淲	0	0	1	100.0000	
5694	蓁	0	0	3	100.0000	
5695	踉	0	0	8	100.0000	
5696	跄	0	0	3	100.0000	
5697	琈	0	0	1	100.0000	
5698	堿	0	0	1	100.0000	
5699	摀	0	0	2	100.0000	
5700	蒩	0	0	1	100.0000	
5701	暸	0	0	2	100.0000	
5702	胄	0	0	15	100.0000	
5703	阄	0	0	4	100.0000	
5704	岘	0	0	2	100.0000	
5705	铡	0	0	2	100.0000	
5706	毂	0	0	6	100.0000	
5707	蒹	0	0	1	100.0000	
5708	辺	0	0	1	100.0000	
5709	龃	0	0	3	100.0000	
5710	酴	0	0	1	100.0000	
5711	緈	0	0	1	100.0000	
5712	瘢	0	0	2	100.0000	
5713	哌	0	0	7	100.0000	
5714	啶	0	0	8	100.0000	
5715	僇	0	0	1	100.0000	
5716	嗪	0	0	5	100.0000	
5717	泮	0	0	5	100.0000	
5718	儚	0	0	1	100.0000	
5719	蓙	0	0	1	100.0000	
5720	脺	0	0	1	100.0000	
5721	膐	0	0	1	100.0000	
5722	琝	0	0	1	100.0000	
5723	疻	0	0	1	100.0000	
5724	怆	0	0	7	100.0000	
5725	靥	0	0	5	100.0000	
5726	猕	0	0	5	100.0000	
5727	璇	0	0	6	100.0000	
5728	暱	0	0	12	100.0000	
5729	酖	0	0	1	100.0000	
5730	沁	0	0	14	100.0000	
5731	炴	0	0	1	100.0000	
5732	㭴	0	0	1	100.0000	
5733	矍	0	0	7	100.0000	
5734	磗	0	0	1	100.0000	
5735	鳐	0	0	1	100.0000	
5736	祒	0	0	1	100.0000	
5737	舩	0	0	1	100.0000	
5738	罯	0	0	1	100.0000	
5739	柀	0	0	1	100.0000	
5740	痺	0	0	8	100.0000	
5741	鸫	0	0	1	100.0000	
5742	纟	0	0	1	100.0000	
5743	瞁	0	0	1	100.0000	
5744	穙	0	0	1	100.0000	
5745	芫	0	0	9	100.0000	
5746	斻	0	0	1	100.0000	
5747	戎	0	0	29	100.0000	
5748	殒	0	0	9	100.0000	
5749	釱	0	0	1	100.0000	
5750	薨	0	0	1	100.0000	
5751	犰	0	0	1	100.0000	
5752	狳	0	0	1	100.0000	
5753	朼	0	0	1	100.0000	
5754	浙	0	0	8	100.0000	
5755	晖	0	0	17	100.0000	
5756	婃	0	0	1	100.0000	
5757	肸	0	0	1	100.0000	
5758	禺	0	0	4	100.0000	
5759	箸	0	0	1	100.0000	
5760	疴	0	0	7	100.0000	
5761	盕	0	0	1	100.0000	
5762	辿	0	0	1	100.0000	
5763	孮	0	0	1	100.0000	
5764	桠	0	0	3	100.0000	
5765	呓	0	0	7	100.0000	
5766	冚	0	0	1	100.0000	
5767	枰	0	0	1	100.0000	
5768	椽	0	0	6	100.0000	
5769	髪	0	0	1	100.0000	
5770	両	0	0	1	100.0000	
5771	窐	0	0	2	100.0000	
5772	枻	0	0	1	100.0000	
5773	翊	0	0	4	100.0000	
5774	龚	0	0	16	100.0000	
5775	缶	0	0	1	100.0000	
5776	梛	0	0	1	100.0000	
5777	蝰	0	0	2	100.0000	
5778	坂	0	0	82	100.0000	
5779	铳	0	0	5	100.0000	
5780	杸	0	0	1	100.0000	
5781	砣	0	0	5	100.0000	
5782	嫦	0	0	4	100.0000	HSK7-9
5783	偆	0	0	1	100.0000	
5784	蓦	0	0	3	100.0000	
5785	鄂	0	0	18	100.0000	
5786	鹞	0	0	7	100.0000	
5787	鲣	0	0	4	100.0000	
5788	惴	0	0	4	100.0000	
5789	镫	0	0	3	100.0000	
5790	诘	0	0	5	100.0000	
5791	飕	0	0	4	100.0000	
5792	铯	0	0	1	100.0000	
5793	緉	0	0	1	100.0000	
5794	眬	0	0	4	100.0000	
5795	湔	0	0	1	100.0000	
5796	谲	0	0	5	100.0000	
5797	窸	0	0	1	100.0000	
5798	狣	0	0	1	100.0000	
5799	傚	0	0	1	100.0000	
5800	蹴	0	0	8	100.0000	
5801	箈	0	0	1	100.0000	
5802	缵	0	0	5	100.0000	
5803	蚳	0	0	1	100.0000	
5804	琋	0	0	1	100.0000	
5805	峔	0	0	1	100.0000	
5806	鸾	0	0	12	100.0000	
5807	瀬	0	0	1	100.0000	
5808	泔	0	0	6	100.0000	
5809	蛅	0	0	1	100.0000	
5810	檄	0	0	5	100.0000	
5811	坰	0	0	1	100.0000	
5812	挴	0	0	1	100.0000	
5813	巠	0	0	1	100.0000	
5814	螨	0	0	3	100.0000	
5815	幔	0	0	13	100.0000	
5816	炟	0	0	1	100.0000	
5817	桢	0	0	11	100.0000	
5818	坌	0	0	1	100.0000	
5819	畿	0	0	10	100.0000	
5820	処	0	0	1	100.0000	
5821	穸	0	0	1	100.0000	
5822	蹓	0	0	1	100.0000	
5823	敁	0	0	1	100.0000	
5824	塾	0	0	7	100.0000	
5825	痤	0	0	2	100.0000	
5826	餍	0	0	1	100.0000	
5827	柘	0	0	9	100.0000	
5828	沬	0	0	1	100.0000	
5829	邨	0	0	1	100.0000	
5830	訧	0	0	1	100.0000	
5831	碵	0	0	1	100.0000	
5832	逡	0	0	2	100.0000	
5833	芘	0	0	7	100.0000	
5834	娸	0	0	1	100.0000	
5835	璢	0	0	1	100.0000	
5836	哢	0	0	1	100.0000	
5837	醡	0	0	1	100.0000	
5838	誊	0	0	9	100.0000	
5839	萼	0	0	7	100.0000	
5840	橆	0	0	1	100.0000	
5841	㖊	0	0	1	100.0000	
5842	纃	0	0	1	100.0000	
5843	僮	0	0	7	100.0000	
5844	馍	0	0	11	100.0000	
5845	嘬	0	0	1	100.0000	
5846	凪	0	0	1	100.0000	
5847	洸	0	0	1	100.0000	
5848	扲	0	0	1	100.0000	
5849	磏	0	0	1	100.0000	
5850	攘	0	0	9	100.0000	HSK7-9
5851	庤	0	0	1	100.0000	
5852	驩	0	0	1	100.0000	
5853	缱	0	0	2	100.0000	
5854	赅	0	0	3	100.0000	
5855	簪	0	0	11	100.0000	
5856	尥	0	0	3	100.0000	
5857	堀	0	0	17	100.0000	
5858	濡	0	0	6	100.0000	
5859	攷	0	0	1	100.0000	
5860	髭	0	0	2	100.0000	
5861	瑄	0	0	6	100.0000	
5862	炯	0	0	17	100.0000	
5863	缷	0	0	1	100.0000	
5864	谗	0	0	7	100.0000	
5865	呤	0	0	7	100.0000	
5866	涖	0	0	1	100.0000	
5867	玞	0	0	1	100.0000	
5868	嘁	0	0	2	100.0000	
5869	琇	0	0	1	100.0000	
5870	闰	0	0	11	100.0000	
5871	沪	0	0	7	100.0000	
5872	涓	0	0	5	100.0000	
5873	猢	0	0	2	100.0000	
5874	狲	0	0	3	100.0000	
5875	瑇	0	0	1	100.0000	
5876	鲳	0	0	3	100.0000	
5877	媞	0	0	19	100.0000	
5878	趺	0	0	4	100.0000	
5879	呔	0	0	1	100.0000	
5880	熠	0	0	3	100.0000	
5881	峉	0	0	1	100.0000	
5882	汩	0	0	4	100.0000	
5883	寁	0	0	1	100.0000	
5884	蠹	0	0	4	100.0000	
5885	迾	0	0	1	100.0000	
5886	遽	0	0	5	100.0000	
5887	飜	0	0	1	100.0000	
5888	芶	0	0	1	100.0000	
5889	铱	0	0	2	100.0000	
5890	芼	0	0	1	100.0000	
5891	仄	0	0	6	100.0000	
5892	蝮	0	0	2	100.0000	
5893	刍	0	0	6	100.0000	
5894	臖	0	0	1	100.0000	
5895	淜	0	0	1	100.0000	
5896	嗱	0	0	1	100.0000	
5897	饬	0	0	3	100.0000	
5898	隋	0	0	8	100.0000	
5899	皓	0	0	13	100.0000	
5900	铏	0	0	1	100.0000	
5901	猦	0	0	1	100.0000	
5902	唑	0	0	12	100.0000	
5903	坒	0	0	1	100.0000	
5904	贻	0	0	16	100.0000	
5905	阡	0	0	6	100.0000	
5906	樊	0	0	23	100.0000	
5907	満	0	0	1	100.0000	
5908	瀛	0	0	4	100.0000	
5909	玝	0	0	1	100.0000	
5910	衿	0	0	2	100.0000	
5911	夤	0	0	5	100.0000	
5912	酎	0	0	1	100.0000	
5913	亳	0	0	5	100.0000	
5914	涪	0	0	2	100.0000	
5915	甴	0	0	2	100.0000	
5916	竰	0	0	1	100.0000	
5917	糓	0	0	1	100.0000	
5918	笫	0	0	1	100.0000	
5919	糽	0	0	1	100.0000	
5920	岐	0	0	33	100.0000	
5921	舛	0	0	4	100.0000	
5922	柊	0	0	1	100.0000	
5923	萪	0	0	1	100.0000	
5924	磘	0	0	1	100.0000	
5925	翳	0	0	5	100.0000	
5926	痧	0	0	2	100.0000	
5927	毽	0	0	6	100.0000	
5928	郬	0	0	1	100.0000	
5929	泬	0	0	1	100.0000	
5930	荏	0	0	4	100.0000	
5931	苒	0	0	4	100.0000	
5932	婥	0	0	1	100.0000	
5933	姣	0	0	9	100.0000	
5934	嗙	0	0	1	100.0000	
5935	徬	0	0	1	100.0000	
5936	藜	0	0	4	100.0000	
5937	锔	0	0	1	100.0000	
5938	厝	0	0	1	100.0000	
5939	鉖	0	0	1	100.0000	
5940	荨	0	0	5	100.0000	
5941	牉	0	0	1	100.0000	
5942	稨	0	0	1	100.0000	
5943	竨	0	0	1	100.0000	
5944	睺	0	0	1	100.0000	
5945	磡	0	0	1	100.0000	
5946	桁	0	0	7	100.0000	
5947	吡	0	0	8	100.0000	
5948	咘	0	0	1	100.0000	
5949	氿	0	0	1	100.0000	
5950	箐	0	0	1	100.0000	
5951	倛	0	0	1	100.0000	
5952	赭	0	0	6	100.0000	
5953	珞	0	0	6	100.0000	
5954	阺	0	0	1	100.0000	
5955	跂	0	0	1	100.0000	
5956	畚	0	0	2	100.0000	
5957	厖	0	0	1	100.0000	
5958	珥	0	0	6	100.0000	
5959	沷	0	0	1	100.0000	
5960	桯	0	0	1	100.0000	
5961	哧	0	0	10	100.0000	
5962	痱	0	0	3	100.0000	
5963	稔	0	0	10	100.0000	
5964	愆	0	0	2	100.0000	
5965	瞚	0	0	1	100.0000	
5966	镛	0	0	6	100.0000	
5967	撘	0	0	1	100.0000	
5968	衶	0	0	1	100.0000	
5969	籷	0	0	1	100.0000	
5970	乜	0	0	3	100.0000	
5971	眪	0	0	1	100.0000	
5972	袨	0	0	1	100.0000	
5973	倯	0	0	1	100.0000	
5974	倠	0	0	1	100.0000	
5975	逌	0	0	1	100.0000	
5976	镧	0	0	1	100.0000	
5977	蘃	0	0	1	100.0000	
5978	芴	0	0	1	100.0000	
5979	泫	0	0	1	100.0000	
5980	祁	0	0	13	100.0000	
5981	磎	0	0	1	100.0000	
5982	荂	0	0	1	100.0000	
5983	厗	0	0	1	100.0000	
5984	懿	0	0	4	100.0000	
5985	誁	0	0	1	100.0000	
5986	肱	0	0	4	100.0000	
5987	佟	0	0	8	100.0000	
5988	晩	0	0	1	100.0000	
5989	烃	0	0	5	100.0000	
5990	舻	0	0	2	100.0000	
5991	聅	0	0	1	100.0000	
5992	呠	0	0	1	100.0000	
5993	笶	0	0	1	100.0000	
5994	枓	0	0	1	100.0000	
5995	腲	0	0	1	100.0000	
5996	酘	0	0	1	100.0000	
5997	竢	0	0	1	100.0000	
5998	猐	0	0	2	100.0000	
5999	桸	0	0	1	100.0000	
6000	饫	0	0	1	100.0000	
6001	囥	0	0	1	100.0000	
6002	坯	0	0	13	100.0000	
6003	丕	0	0	12	100.0000	
6004	霤	0	0	1	100.0000	
6005	戗	0	0	2	100.0000	
6006	甽	0	0	1	100.0000	
6007	噔	0	0	2	100.0000	
6008	埭	0	0	1	100.0000	
6009	挕	0	0	1	100.0000	
6010	呁	0	0	1	100.0000	
6011	怍	0	0	2	100.0000	
6012	閟	0	0	1	100.0000	
6013	幛	0	0	4	100.0000	
6014	恹	0	0	1	100.0000	
6015	钍	0	0	1	100.0000	
6016	馐	0	0	3	100.0000	
6017	埘	0	0	1	100.0000	
6018	妘	0	0	3	100.0000	
6019	龉	0	0	4	100.0000	
6020	璱	0	0	1	100.0000	
6021	琡	0	0	1	100.0000	
6022	哂	0	0	3	100.0000	
6023	袛	0	0	3	100.0000	
6024	棹	0	0	1	100.0000	
6025	呶	0	0	1	100.0000	
6026	蚻	0	0	1	100.0000	
6027	槿	0	0	4	100.0000	
6028	俷	0	0	1	100.0000	
6029	栎	0	0	5	100.0000	
6030	缣	0	0	1	100.0000	
6031	唻	0	0	1	100.0000	
6032	霏	0	0	2	100.0000	
6033	蒾	0	0	1	100.0000	
6034	粱	0	0	12	100.0000	
6035	汕	0	0	7	100.0000	
6036	耾	0	0	1	100.0000	
6037	咝	0	0	3	100.0000	
6038	燄	0	0	1	100.0000	
6039	浚	0	0	4	100.0000	
6040	杈	0	0	5	100.0000	
6041	閚	0	0	1	100.0000	
6042	秷	0	0	1	100.0000	
6043	婈	0	0	1	100.0000	
6044	黥	0	0	1	100.0000	
6045	椁	0	0	2	100.0000	
6046	矨	0	0	1	100.0000	
6047	訾	0	0	2	100.0000	
6048	鲼	0	0	1	100.0000	
6049	酉	0	0	13	100.0000	
6050	舂	0	0	1	100.0000	
6051	箝	0	0	4	100.0000	
6052	劦	0	0	1	100.0000	
6053	磛	0	0	1	100.0000	
6054	戌	0	0	13	100.0000	
6055	擭	0	0	1	100.0000	
6056	窅	0	0	1	100.0000	
6057	麂	0	0	1	100.0000	
6058	龇	0	0	3	100.0000	
6059	韶	0	0	12	100.0000	
6060	劄	0	0	1	100.0000	
6061	厍	0	0	1	100.0000	
6062	痽	0	0	1	100.0000	
6063	埗	0	0	1	100.0000	
6064	轲	0	0	4	100.0000	
6065	猲	0	0	1	100.0000	
6066	耊	0	0	1	100.0000	
6067	辋	0	0	1	100.0000	
6068	筠	0	0	6	100.0000	
6069	醩	0	0	1	100.0000	
6070	隣	0	0	1	100.0000	
6071	炤	0	0	2	100.0000	
6072	牯	0	0	2	100.0000	
6073	糂	0	0	1	100.0000	
6074	膈	0	0	4	100.0000	
6075	讴	0	0	2	100.0000	
6076	鳝	0	0	10	100.0000	
6077	堑	0	0	4	100.0000	
6078	呑	0	0	1	100.0000	
6079	袉	0	0	1	100.0000	
6080	卅	0	0	14	100.0000	
6081	埶	0	0	1	100.0000	
6082	瑾	0	0	13	100.0000	
6083	辕	0	0	8	100.0000	
6084	隹	0	0	1	100.0000	
6085	珔	0	0	1	100.0000	
6086	嗐	0	0	1	100.0000	
6087	蟥	0	0	1	100.0000	
6088	嬝	0	0	1	100.0000	
6089	镓	0	0	3	100.0000	
6090	哫	0	0	1	100.0000	
6091	侂	0	0	1	100.0000	
6092	郰	0	0	1	100.0000	
6093	韒	0	0	1	100.0000	
6094	鉣	0	0	1	100.0000	
6095	沆	0	0	3	100.0000	
6096	瀣	0	0	1	100.0000	
6097	豉	0	0	11	100.0000	
6098	玃	0	0	1	100.0000	
6099	莩	0	0	1	100.0000	
6100	竩	0	0	1	100.0000	
6101	讦	0	0	6	100.0000	
6102	繴	0	0	1	100.0000	
6103	忖	0	0	4	100.0000	
6104	娆	0	0	3	100.0000	
6105	碅	0	0	1	100.0000	
6106	酯	0	0	15	100.0000	
6107	黠	0	0	3	100.0000	
6108	秇	0	0	1	100.0000	
6109	疥	0	0	4	100.0000	
6110	庋	0	0	1	100.0000	
6111	廸	0	0	1	100.0000	
6112	抸	0	0	2	100.0000	
6113	砅	0	0	1	100.0000	
6114	玠	0	0	1	100.0000	
6115	葳	0	0	10	100.0000	
6116	嚆	0	0	2	100.0000	
6117	舨	0	0	1	100.0000	
6118	岑	0	0	25	100.0000	
6119	寅	0	0	12	100.0000	
6120	熵	0	0	2	100.0000	
6121	孓	0	0	4	100.0000	
6122	鲗	0	0	1	100.0000	
6123	淬	0	0	6	100.0000	
6124	帡	0	0	1	100.0000	
6125	礡	0	0	1	100.0000	
6126	阞	0	0	1	100.0000	
6127	扦	0	0	6	100.0000	
6128	墬	0	0	1	100.0000	
6129	谆	0	0	3	100.0000	
6130	簒	0	0	1	100.0000	
6131	埥	0	0	1	100.0000	
6132	蚧	0	0	2	100.0000	
6133	戦	0	0	1	100.0000	
6134	図	0	0	1	100.0000	
6135	楽	0	0	1	100.0000	
6136	珉	0	0	10	100.0000	
6137	萺	0	0	1	100.0000	
6138	嗥	0	0	5	100.0000	
6139	晌	0	0	16	100.0000	
6140	鬈	0	0	1	100.0000	
6141	蛟	0	0	7	100.0000	
6142	怄	0	0	2	100.0000	
6143	劼	0	0	1	100.0000	
6144	茌	0	0	1	100.0000	
6145	閙	0	0	1	100.0000	
6146	啎	0	0	1	100.0000	
6147	贲	0	0	10	100.0000	
6148	鸱	0	0	1	100.0000	
6149	砜	0	0	3	100.0000	
6150	锗	0	0	1	100.0000	
6151	潼	0	0	11	100.0000	
6152	泱	0	0	3	100.0000	
6153	梠	0	0	1	100.0000	
6154	歃	0	0	3	100.0000	
6155	绀	0	0	5	100.0000	
6156	眐	0	0	1	100.0000	
6157	汃	0	0	1	100.0000	
6158	耒	0	0	4	100.0000	
6159	櫢	0	0	1	100.0000	
6160	盻	0	0	1	100.0000	
6161	眙	0	0	4	100.0000	
6162	徕	0	0	8	100.0000	
6163	郗	0	0	8	100.0000	
6164	娓	0	0	3	100.0000	
6165	蚥	0	0	1	100.0000	
6166	邹	0	0	14	100.0000	
6167	籣	0	0	1	100.0000	
6168	乗	0	0	1	100.0000	
6169	葮	0	0	1	100.0000	
6170	檫	0	0	1	100.0000	
6171	蕈	0	0	4	100.0000	
6172	湴	0	0	1	100.0000	
6173	饴	0	0	5	100.0000	
6174	糠	0	0	10	100.0000	
6175	蹚	0	0	1	100.0000	
6176	羦	0	0	1	100.0000	
6177	芧	0	0	1	100.0000	
6178	腴	0	0	4	100.0000	
6179	蚩	0	0	9	100.0000	
6180	讫	0	0	5	100.0000	
6181	籄	0	0	1	100.0000	
6182	璞	0	0	6	100.0000	
6183	嗔	0	0	2	100.0000	
6184	菖	0	0	4	100.0000	
6185	翭	0	0	1	100.0000	
6186	烯	0	0	19	100.0000	
6187	秗	0	0	1	100.0000	
6188	胣	0	0	1	100.0000	
6189	絓	0	0	1	100.0000	
6190	轪	0	0	1	100.0000	
6191	蚽	0	0	1	100.0000	
6192	皛	0	0	4	100.0000	
6193	呥	0	0	1	100.0000	
6194	婝	0	0	1	100.0000	
6195	胥	0	0	11	100.0000	
6196	虻	0	0	2	100.0000	
6197	铒	0	0	1	100.0000	
6198	継	0	0	1	100.0000	
6199	荦	0	0	5	100.0000	
6200	耄	0	0	3	100.0000	
6201	渧	0	0	1	100.0000	
6202	瘜	0	0	1	100.0000	
6203	忸	0	0	3	100.0000	
6204	怩	0	0	2	100.0000	
6205	晷	0	0	4	100.0000	
6206	愎	0	0	2	100.0000	
6207	霭	0	0	10	100.0000	
6208	槐	0	0	10	100.0000	HSK7-9
6209	罥	0	0	1	100.0000	
6210	戊	0	0	14	100.0000	
6211	鬟	0	0	3	100.0000	
6212	睢	0	0	2	100.0000	
6213	赀	0	0	3	100.0000	
6214	裃	0	0	1	100.0000	
6215	燮	0	0	17	100.0000	
6216	婞	0	0	1	100.0000	
6217	玹	0	0	1	100.0000	
6218	燔	0	0	1	100.0000	
6219	呖	0	0	3	100.0000	
6220	爰	0	0	1	100.0000	
6221	眘	0	0	1	100.0000	
6222	碊	0	0	1	100.0000	
6223	蛐	0	0	3	100.0000	
6224	玾	0	0	1	100.0000	
6225	镘	0	0	2	100.0000	
6226	虴	0	0	1	100.0000	
6227	昊	0	0	18	100.0000	
6228	汨	0	0	2	100.0000	
6229	扽	0	0	1	100.0000	
6230	诹	0	0	1	100.0000	
6231	砠	0	0	1	100.0000	
6232	璴	0	0	1	100.0000	
6233	徳	0	0	6	100.0000	
6234	沤	0	0	1	100.0000	
6235	踯	0	0	4	100.0000	
6236	躅	0	0	3	100.0000	
6237	炔	0	0	3	100.0000	
6238	竽	0	0	5	100.0000	
6239	翲	0	0	1	100.0000	
6240	燠	0	0	4	100.0000	
6241	玧	0	0	1	100.0000	
6242	埸	0	0	1	100.0000	
6243	箌	0	0	1	100.0000	
6244	炾	0	0	1	100.0000	
6245	珅	0	0	1	100.0000	
6246	珧	0	0	2	100.0000	
6247	郤	0	0	2	100.0000	
6248	鳔	0	0	1	100.0000	
6249	佶	0	0	8	100.0000	
6250	梿	0	0	1	100.0000	
6251	薜	0	0	8	100.0000	
6252	苫	0	0	1	100.0000	
6253	珓	0	0	1	100.0000	
6254	栯	0	0	1	100.0000	
6255	桧	0	0	11	100.0000	
6256	鲢	0	0	2	100.0000	
6257	榫	0	0	2	100.0000	
6258	邟	0	0	1	100.0000	
6259	赸	0	0	1	100.0000	
6260	恛	0	0	1	100.0000	
6261	乩	0	0	3	100.0000	
6262	圜	0	0	2	100.0000	
6263	蜱	0	0	1	100.0000	
6264	岷	0	0	3	100.0000	
6265	祛	0	0	18	100.0000	
6266	煖	0	0	2	100.0000	
6267	伅	0	0	1	100.0000	
6268	淖	0	0	2	100.0000	
6269	匢	0	0	1	100.0000	
6270	挐	0	0	1	100.0000	
6271	戺	0	0	1	100.0000	
6272	伂	0	0	1	100.0000	
6273	饽	0	0	2	100.0000	
6274	啻	0	0	2	100.0000	
6275	砬	0	0	4	100.0000	
6276	譲	0	0	1	100.0000	
6277	蒄	0	0	1	100.0000	
6278	瓿	0	0	2	100.0000	
6279	邯	0	0	3	100.0000	
6280	窓	0	0	1	100.0000	
6281	嘐	0	0	1	100.0000	
6282	潟	0	0	1	100.0000	
6283	橹	0	0	2	100.0000	
6284	褡	0	0	3	100.0000	
6285	囫	0	0	4	100.0000	
6286	囵	0	0	4	100.0000	
6287	疺	0	0	1	100.0000	
6288	铣	0	0	3	100.0000	
6289	粼	0	0	2	100.0000	
6290	禹	0	0	14	100.0000	
6291	瑉	0	0	1	100.0000	
6292	谰	0	0	3	100.0000	
6293	綥	0	0	1	100.0000	
6294	睮	0	0	1	100.0000	
6295	髇	0	0	1	100.0000	
6296	眊	0	0	1	100.0000	
6297	蚞	0	0	1	100.0000	
6298	岉	0	0	1	100.0000	
6299	邬	0	0	9	100.0000	
6300	抇	0	0	1	100.0000	
6301	奁	0	0	3	100.0000	
6302	彖	0	0	1	100.0000	
6303	哙	0	0	3	100.0000	
6304	暪	0	0	1	100.0000	
6305	溴	0	0	6	100.0000	
6306	揸	0	0	1	100.0000	
6307	粃	0	0	1	100.0000	
6308	獐	0	0	1	100.0000	
6309	淂	0	0	1	100.0000	
6310	脔	0	0	2	100.0000	
6311	婤	0	0	1	100.0000	
6312	蜣	0	0	2	100.0000	
6313	簁	0	0	1	100.0000	
6314	郛	0	0	1	100.0000	
6315	荠	0	0	5	100.0000	
6316	幡	0	0	10	100.0000	
6317	萋	0	0	2	100.0000	
6318	呿	0	0	1	100.0000	
6319	笳	0	0	2	100.0000	
6320	氹	0	0	1	100.0000	
6321	扥	0	0	1	100.0000	
6322	葚	0	0	2	100.0000	
6323	賍	0	0	1	100.0000	
6324	捄	0	0	1	100.0000	
6325	拏	0	0	1	100.0000	
6326	艼	0	0	1	100.0000	
6327	囷	0	0	1	100.0000	
6328	韪	0	0	3	100.0000	
6329	佌	0	0	1	100.0000	
6330	栄	0	0	3	100.0000	
6331	鞴	0	0	1	100.0000	
6332	粧	0	0	1	100.0000	
6333	鹗	0	0	3	100.0000	
6334	暿	0	0	1	100.0000	
6335	彊	0	0	1	100.0000	
6336	逖	0	0	8	100.0000	
6337	荀	0	0	4	100.0000	
6338	韘	0	0	1	100.0000	
6339	犽	0	0	1	100.0000	
6340	赱	0	0	1	100.0000	
6341	柾	0	0	1	100.0000	
6342	揖	0	0	4	100.0000	
6343	坶	0	0	1	100.0000	
6344	峓	0	0	1	100.0000	
6345	伣	0	0	1	100.0000	
6346	锨	0	0	1	100.0000	
6347	梪	0	0	1	100.0000	
6348	嫚	0	0	4	100.0000	
6349	犭	0	0	1	100.0000	
6350	礳	0	0	1	100.0000	
6351	昫	0	0	1	100.0000	
6352	貘	0	0	1	100.0000	
6353	榖	0	0	1	100.0000	
6354	筢	0	0	1	100.0000	
6355	庨	0	0	1	100.0000	
6356	傈	0	0	3	100.0000	
6357	於	0	0	1	100.0000	
6358	锪	0	0	1	100.0000	
6359	秔	0	0	1	100.0000	
6360	硏	0	0	1	100.0000	
6361	堁	0	0	1	100.0000	
6362	痑	0	0	1	100.0000	
6363	糬	0	0	1	100.0000	
6364	耤	0	0	1	100.0000	
6365	緕	0	0	1	100.0000	
6366	崞	0	0	1	100.0000	
6367	汴	0	0	3	100.0000	
6368	羌	0	0	10	100.0000	
6369	鸸	0	0	2	100.0000	
6370	鹋	0	0	1	100.0000	
6371	镚	0	0	3	100.0000	
6372	耆	0	0	10	100.0000	
6373	髯	0	0	3	100.0000	
6374	欤	0	0	1	100.0000	
6375	絒	0	0	1	100.0000	
6376	観	0	0	1	100.0000	
6377	礴	0	0	5	100.0000	
6378	夆	0	0	1	100.0000	
6379	枍	0	0	1	100.0000	
6380	脁	0	0	1	100.0000	
6381	筯	0	0	1	100.0000	
6382	佢	0	0	1	100.0000	
6383	洨	0	0	1	100.0000	
6384	緖	0	0	1	100.0000	
6385	玟	0	0	11	100.0000	
6386	秾	0	0	1	100.0000	
6387	紽	0	0	1	100.0000	
6388	颃	0	0	1	100.0000	
6389	簷	0	0	3	100.0000	
6390	懑	0	0	1	100.0000	
6391	蜧	0	0	1	100.0000	
6392	扆	0	0	1	100.0000	
6393	噛	0	0	1	100.0000	
6394	鴈	0	0	1	100.0000	
6395	琲	0	0	1	100.0000	
6396	醤	0	0	1	100.0000	
6397	鉹	0	0	1	100.0000	
6398	嫡	0	0	10	100.0000	
6399	鲽	0	0	1	100.0000	
6400	镪	0	0	4	100.0000	
6401	炆	0	0	1	100.0000	
6402	踽	0	0	1	100.0000	
6403	珰	0	0	1	100.0000	
6404	眛	0	0	1	100.0000	
6405	殚	0	0	8	100.0000	
6406	悕	0	0	1	100.0000	
6407	怵	0	0	3	100.0000	
6408	绖	0	0	1	100.0000	
6409	槁	0	0	7	100.0000	
6410	茞	0	0	1	100.0000	
6411	礖	0	0	1	100.0000	
6412	佘	0	0	12	100.0000	
6413	骊	0	0	3	100.0000	
6414	霪	0	0	2	100.0000	
6415	颔	0	0	4	100.0000	
6416	邝	0	0	7	100.0000	
6417	迨	0	0	1	100.0000	
6418	砟	0	0	1	100.0000	
6419	佺	0	0	1	100.0000	
6420	嫲	0	0	1	100.0000	
6421	巍	0	0	11	100.0000	
6422	鲇	0	0	5	100.0000	
6423	衽	0	0	1	100.0000	
6424	辻	0	0	7	100.0000	
6425	觭	0	0	1	100.0000	
6426	邺	0	0	1	100.0000	
6427	臈	0	0	1	100.0000	
6428	砚	0	0	7	100.0000	
6429	萩	0	0	7	100.0000	
6430	肄	0	0	5	100.0000	
6431	汶	0	0	28	100.0000	
6432	罦	0	0	1	100.0000	
6433	氚	0	0	1	100.0000	
6434	篿	0	0	1	100.0000	
6435	牊	0	0	1	100.0000	
6436	凅	0	0	1	100.0000	
6437	逜	0	0	1	100.0000	
6438	垆	0	0	2	100.0000	
6439	熤	0	0	1	100.0000	
6440	糀	0	0	1	100.0000	
6441	砶	0	0	1	100.0000	
6442	忪	0	0	2	100.0000	
6443	篎	0	0	1	100.0000	
6444	瘿	0	0	2	100.0000	
6445	旖	0	0	4	100.0000	
6446	旎	0	0	2	100.0000	
6447	栾	0	0	4	100.0000	
6448	轱	0	0	3	100.0000	
6449	昱	0	0	9	100.0000	
6450	峚	0	0	1	100.0000	
6451	覗	0	0	1	100.0000	
6452	钋	0	0	1	100.0000	
6453	疋	0	0	1	100.0000	
6454	桓	0	0	20	100.0000	
6455	娑	0	0	3	100.0000	
6456	獒	0	0	4	100.0000	
6457	臻	0	0	6	100.0000	
6458	溏	0	0	1	100.0000	
6459	赧	0	0	4	100.0000	
6460	萠	0	0	1	100.0000	
6461	仴	0	0	1	100.0000	
6462	杺	0	0	1	100.0000	
6463	汾	0	0	7	100.0000	
6464	锑	0	0	2	100.0000	
6465	跁	0	0	1	100.0000	
6466	莼	0	0	4	100.0000	
6467	忷	0	0	1	100.0000	
6468	鞮	0	0	1	100.0000	
6469	犇	0	0	1	100.0000	
6470	哐	0	0	3	100.0000	
6471	釉	0	0	12	100.0000	
6472	糱	0	0	1	100.0000	
6473	疞	0	0	1	100.0000	
6474	皃	0	0	1	100.0000	
6475	咇	0	0	1	100.0000	
6476	茕	0	0	2	100.0000	
6477	谂	0	0	1	100.0000	
6478	苓	0	0	12	100.0000	
6479	俦	0	0	1	100.0000	
6480	戕	0	0	2	100.0000	
6481	腷	0	0	1	100.0000	
6482	谿	0	0	1	100.0000	
6483	粣	0	0	1	100.0000	
6484	辚	0	0	1	100.0000	
6485	茠	0	0	1	100.0000	
6486	翟	0	0	12	100.0000	
6487	铵	0	0	12	100.0000	
6488	剞	0	0	1	100.0000	
6489	缫	0	0	2	100.0000	
6490	瓬	0	0	1	100.0000	
6491	瑭	0	0	2	100.0000	
6492	耹	0	0	1	100.0000	
6493	铷	0	0	1	100.0000	
6494	峥	0	0	4	100.0000	
6495	鑫	0	0	11	100.0000	
6496	甬	0	0	3	100.0000	
6497	橳	0	0	1	100.0000	
6498	抣	0	0	1	100.0000	
6499	冏	0	0	1	100.0000	
6500	飒	0	0	9	100.0000	
6501	鸪	0	0	1	100.0000	
6502	䁖	0	0	1	100.0000	
6503	缯	0	0	1	100.0000	
6504	镴	0	0	1	100.0000	
6505	艋	0	0	1	100.0000	
6506	绋	0	0	1	100.0000	
6507	笣	0	0	1	100.0000	
6508	阼	0	0	1	100.0000	
6509	珐	0	0	5	100.0000	
6510	欻	0	0	1	100.0000	
6511	翎	0	0	9	100.0000	
6512	唦	0	0	1	100.0000	
6513	苑	0	0	22	100.0000	
6514	囍	0	0	1	100.0000	
6515	旌	0	0	9	100.0000	
6516	癦	0	0	1	100.0000	
6517	筼	0	0	1	100.0000	
6518	捯	0	0	1	100.0000	
6519	聈	0	0	1	100.0000	
6520	赲	0	0	1	100.0000	
6521	縜	0	0	1	100.0000	
6522	聀	0	0	1	100.0000	
6523	濯	0	0	2	100.0000	
6524	瞛	0	0	1	100.0000	
6525	埴	0	0	1	100.0000	
6526	耭	0	0	1	100.0000	
6527	盫	0	0	1	100.0000	
6528	嘧	0	0	2	100.0000	
6529	窤	0	0	1	100.0000	
6530	姹	0	0	3	100.0000	
6531	醰	0	0	1	100.0000	
6532	郇	0	0	3	100.0000	
6533	桾	0	0	1	100.0000	
6534	瀍	0	0	1	100.0000	
6535	铙	0	0	3	100.0000	
6536	幄	0	0	4	100.0000	
6537	疢	0	0	1	100.0000	
6538	褔	0	0	2	100.0000	
6539	蟊	0	0	1	100.0000	
6540	樯	0	0	1	100.0000	
6541	驽	0	0	6	100.0000	
6542	汋	0	0	1	100.0000	
6543	阈	0	0	3	100.0000	
6544	抰	0	0	1	100.0000	
6545	軡	0	0	1	100.0000	
6546	唳	0	0	4	100.0000	
6547	曜	0	0	4	100.0000	
6548	梓	0	0	14	100.0000	
6549	琽	0	0	1	100.0000	
6550	峊	0	0	1	100.0000	
6551	磌	0	0	1	100.0000	
6552	懐	0	0	1	100.0000	
6553	犮	0	0	1	100.0000	
6554	胉	0	0	1	100.0000	
6555	郯	0	0	2	100.0000	
6556	跏	0	0	2	100.0000	
6557	耡	0	0	1	100.0000	
6558	匏	0	0	1	100.0000	
6559	戯	0	0	1	100.0000	
6560	缬	0	0	3	100.0000	
6561	増	0	0	1	100.0000	
6562	鶫	0	0	1	100.0000	
6563	澪	0	0	3	100.0000	
6564	戝	0	0	1	100.0000	
6565	豕	0	0	2	100.0000	
6566	陉	0	0	2	100.0000	
6567	氙	0	0	2	100.0000	
6568	鹪	0	0	2	100.0000	
6569	鹩	0	0	2	100.0000	
6570	枺	0	0	1	100.0000	
6571	恇	0	0	1	100.0000	
6572	擀	0	0	4	100.0000	
6573	苮	0	0	1	100.0000	
6574	腗	0	0	1	100.0000	
6575	铊	0	0	1	100.0000	
6576	汊	0	0	1	100.0000	
6577	剟	0	0	1	100.0000	
6578	聨	0	0	1	100.0000	
6579	冔	0	0	1	100.0000	
6580	蠋	0	0	1	100.0000	
6581	袕	0	0	1	100.0000	
6582	氲	0	0	2	100.0000	
6583	蕙	0	0	13	100.0000	
6584	氤	0	0	2	100.0000	
6585	疘	0	0	1	100.0000	
6586	肊	0	0	1	100.0000	
6587	绥	0	0	9	100.0000	
6588	卐	0	0	1	100.0000	
6589	钊	0	0	8	100.0000	
6590	脰	0	0	1	100.0000	
6591	狎	0	0	4	100.0000	
6592	悩	0	0	1	100.0000	
6593	嵨	0	0	1	100.0000	
6594	弚	0	0	1	100.0000	
6595	鐡	0	0	1	100.0000	
6596	彤	0	0	30	100.0000	
6597	衞	0	0	1	100.0000	
6598	萡	0	0	1	100.0000	
6599	蒃	0	0	1	100.0000	
6600	痄	0	0	10	100.0000	
6601	晗	0	0	4	100.0000	
6602	伥	0	0	2	100.0000	
6603	稗	0	0	2	100.0000	
6604	嵘	0	0	3	100.0000	
6605	俎	0	0	6	100.0000	
6606	舼	0	0	1	100.0000	
6607	罻	0	0	1	100.0000	
6608	罛	0	0	1	100.0000	
6609	礗	0	0	1	100.0000	
6610	琙	0	0	1	100.0000	
6611	仵	0	0	2	100.0000	
6612	猰	0	0	1	100.0000	
6613	郏	0	0	1	100.0000	
6614	糋	0	0	1	100.0000	
6615	冧	0	0	1	100.0000	
6616	砝	0	0	2	100.0000	
6617	忭	0	0	1	100.0000	
6618	屣	0	0	4	100.0000	
6619	钇	0	0	1	100.0000	
6620	肵	0	0	1	100.0000	
6621	赓	0	0	7	100.0000	
6622	杶	0	0	1	100.0000	
6623	噷	0	0	1	100.0000	
6624	痩	0	0	1	100.0000	
6625	怬	0	0	1	100.0000	
6626	昒	0	0	1	100.0000	
6627	邰	0	0	3	100.0000	
6628	俖	0	0	1	100.0000	
6629	恉	0	0	1	100.0000	
6630	唌	0	0	1	100.0000	
6631	纙	0	0	1	100.0000	
6632	祧	0	0	1	100.0000	
6633	挜	0	0	1	100.0000	
6634	楢	0	0	1	100.0000	
6635	颦	0	0	4	100.0000	
6636	庉	0	0	1	100.0000	
6637	孳	0	0	2	100.0000	
6638	璘	0	0	1	100.0000	
6639	㓥	0	0	1	100.0000	
6640	妺	0	0	1	100.0000	
6641	灞	0	0	1	100.0000	
6642	镞	0	0	3	100.0000	
6643	檞	0	0	1	100.0000	
6644	苬	0	0	1	100.0000	
6645	俜	0	0	1	100.0000	
6646	稥	0	0	1	100.0000	
6647	荽	0	0	3	100.0000	
6648	棂	0	0	3	100.0000	
6649	腤	0	0	1	100.0000	
6650	帑	0	0	2	100.0000	
6651	忕	0	0	1	100.0000	
6652	忴	0	0	1	100.0000	
6653	訳	0	0	1	100.0000	
6654	锱	0	0	2	100.0000	
6655	棫	0	0	1	100.0000	
6656	垚	0	0	1	100.0000	
6657	猨	0	0	1	100.0000	
6658	虬	0	0	6	100.0000	
6659	瑗	0	0	2	100.0000	
6660	妧	0	0	1	100.0000	
6661	幪	0	0	1	100.0000	
6662	蓍	0	0	1	100.0000	
6663	峪	0	0	3	100.0000	
6664	鲯	0	0	1	100.0000	
6665	祺	0	0	14	100.0000	
6666	癗	0	0	1	100.0000	
6667	艉	0	0	1	100.0000	
6668	搴	0	0	1	100.0000	
6669	広	0	0	1	100.0000	
6670	鄎	0	0	1	100.0000	
6671	狍	0	0	2	100.0000	
6672	臙	0	0	1	100.0000	
6673	蠛	0	0	1	100.0000	
6674	昝	0	0	2	100.0000	
6675	靗	0	0	1	100.0000	
6676	娲	0	0	1	100.0000	
6677	娉	0	0	1	100.0000	
6678	鉯	0	0	1	100.0000	
6679	钯	0	0	1	100.0000	
6680	沺	0	0	1	100.0000	
6681	翍	0	0	1	100.0000	
6682	郖	0	0	1	100.0000	
6683	翸	0	0	1	100.0000	
6684	骟	0	0	1	100.0000	
6685	羄	0	0	1	100.0000	
6686	禨	0	0	1	100.0000	
6687	碶	0	0	1	100.0000	
6688	糨	0	0	1	100.0000	
6689	钼	0	0	1	100.0000	
6690	埳	0	0	1	100.0000	
6691	缦	0	0	1	100.0000	
6692	苨	0	0	1	100.0000	
6693	糁	0	0	1	100.0000	
6694	痶	0	0	1	100.0000	
6695	迍	0	0	1	100.0000	
6696	纀	0	0	1	100.0000	
6697	禓	0	0	1	100.0000	
6698	埽	0	0	1	100.0000	
6699	疐	0	0	1	100.0000	
6700	趹	0	0	1	100.0000	
6701	衢	0	0	13	100.0000	
6702	裎	0	0	1	100.0000	
6703	鸬	0	0	3	100.0000	
6704	鹚	0	0	2	100.0000	
6705	戍	0	0	8	100.0000	
6706	戙	0	0	1	100.0000	
6707	粀	0	0	1	100.0000	
6708	铮	0	0	5	100.0000	
6709	榚	0	0	1	100.0000	
6710	栨	0	0	1	100.0000	
6711	阗	0	0	3	100.0000	
6712	乸	0	0	1	100.0000	
6713	莨	0	0	3	100.0000	
6714	菪	0	0	1	100.0000	
6715	跖	0	0	2	100.0000	
6716	岀	0	0	1	100.0000	
6717	谪	0	0	3	100.0000	
6718	眗	0	0	1	100.0000	
6719	癷	0	0	1	100.0000	
6720	裣	0	0	1	100.0000	
6721	伔	0	0	1	100.0000	
6722	胗	0	0	1	100.0000	
6723	牷	0	0	1	100.0000	
6724	忨	0	0	1	100.0000	
6725	羀	0	0	1	100.0000	
6726	樋	0	0	2	100.0000	
6727	蝋	0	0	1	100.0000	
6728	迩	0	0	5	100.0000	
6729	紸	0	0	1	100.0000	
6730	挍	0	0	1	100.0000	
6731	飑	0	0	1	100.0000	
6732	姒	0	0	3	100.0000	
6733	祼	0	0	2	100.0000	
6734	庖	0	0	4	100.0000	
6735	経	0	0	1	100.0000	
6736	糚	0	0	1	100.0000	
6737	梤	0	0	1	100.0000	
6738	锧	0	0	1	100.0000	
6739	昋	0	0	1	100.0000	
6740	駄	0	0	1	100.0000	
6741	芊	0	0	4	100.0000	
6742	絣	0	0	1	100.0000	
6743	罡	0	0	8	100.0000	
6744	蹧	0	0	1	100.0000	
6745	鲮	0	0	1	100.0000	
6746	檎	0	0	2	100.0000	
6747	卺	0	0	2	100.0000	
6748	薮	0	0	2	100.0000	
6749	嗞	0	0	1	100.0000	
6750	隽	0	0	12	100.0000	
6751	黾	0	0	1	100.0000	
6752	倏	0	0	3	100.0000	
6753	尓	0	0	1	100.0000	
6754	扱	0	0	1	100.0000	
6755	谶	0	0	2	100.0000	
6756	鏸	0	0	1	100.0000	
6757	筞	0	0	1	100.0000	
6758	赉	0	0	1	100.0000	
6759	臬	0	0	4	100.0000	
6760	凫	0	0	1	100.0000	
6761	蚸	0	0	1	100.0000	
6762	赗	0	0	1	100.0000	
6763	蕗	0	0	1	100.0000	
6764	翦	0	0	4	100.0000	
6765	薬	0	0	2	100.0000	
6766	晄	0	0	1	100.0000	
6767	蛄	0	0	2	100.0000	
6768	蠖	0	0	1	100.0000	
6769	昕	0	0	8	100.0000	
6770	沣	0	0	1	100.0000	
6771	蠃	0	0	3	100.0000	
6772	瘉	0	0	1	100.0000	
6773	糡	0	0	1	100.0000	
6774	豴	0	0	1	100.0000	
6775	竑	0	0	1	100.0000	
6776	锆	0	0	3	100.0000	
6777	琔	0	0	1	100.0000	
6778	枞	0	0	4	100.0000	
6779	堔	0	0	1	100.0000	
6780	踟	0	0	1	100.0000	
6781	蹰	0	0	1	100.0000	
6782	挢	0	0	1	100.0000	
6783	淅	0	0	1	100.0000	
6784	豊	0	0	1	100.0000	
6785	烨	0	0	5	100.0000	
6786	碠	0	0	1	100.0000	
6787	钣	0	0	1	100.0000	
6788	伢	0	0	3	100.0000	
6789	殍	0	0	3	100.0000	
6790	籯	0	0	1	100.0000	
6791	聩	0	0	3	100.0000	
6792	诟	0	0	4	100.0000	
6793	鄊	0	0	1	100.0000	
6794	玏	0	0	1	100.0000	
6795	迳	0	0	4	100.0000	
6796	髁	0	0	1	100.0000	
6797	筣	0	0	2	100.0000	
6798	珻	0	0	1	100.0000	
6799	绗	0	0	1	100.0000	
6800	裾	0	0	2	100.0000	
6801	郜	0	0	3	100.0000	
6802	掟	0	0	1	100.0000	
6803	槢	0	0	1	100.0000	
6804	痦	0	0	1	100.0000	
6805	胻	0	0	1	100.0000	
6806	籭	0	0	1	100.0000	
6807	桭	0	0	1	100.0000	
6808	岊	0	0	6	100.0000	
6809	抦	0	0	1	100.0000	
6810	渌	0	0	1	100.0000	
6811	唚	0	0	1	100.0000	
6812	呏	0	0	1	100.0000	
6813	芁	0	0	1	100.0000	
6814	郉	0	0	1	100.0000	
6815	傰	0	0	1	100.0000	
6816	啫	0	0	1	100.0000	
6817	祤	0	0	1	100.0000	
6818	匋	0	0	1	100.0000	
6819	窋	0	0	1	100.0000	
6820	淴	0	0	1	100.0000	
6821	睶	0	0	1	100.0000	
6822	鏓	0	0	1	100.0000	
6823	疷	0	0	1	100.0000	
6824	栚	0	0	1	100.0000	
6825	撺	0	0	2	100.0000	
6826	帢	0	0	1	100.0000	
6827	骥	0	0	10	100.0000	
6828	欶	0	0	1	100.0000	
6829	狿	0	0	1	100.0000	
6830	奱	0	0	1	100.0000	
6831	聇	0	0	1	100.0000	
6832	瘊	0	0	1	100.0000	
6833	腏	0	0	1	100.0000	
6834	腯	0	0	1	100.0000	
6835	灏	0	0	2	100.0000	
6836	溘	0	0	2	100.0000	
6837	侑	0	0	5	100.0000	
6838	甋	0	0	1	100.0000	
6839	苭	0	0	1	100.0000	
6840	夂	0	0	1	100.0000	
6841	鉼	0	0	1	100.0000	
6842	猼	0	0	1	100.0000	
6843	汚	0	0	1	100.0000	
6844	擧	0	0	1	100.0000	
6845	皅	0	0	1	100.0000	
6846	棏	0	0	1	100.0000	
6847	澵	0	0	1	100.0000	
6848	袵	0	0	1	100.0000	
6849	嚤	0	0	1	100.0000	
6850	阹	0	0	1	100.0000	
6851	烚	0	0	1	100.0000	
6852	捜	0	0	1	100.0000	
6853	咺	0	0	1	100.0000	
6854	韑	0	0	1	100.0000	
6855	涠	0	0	1	100.0000	
6856	妡	0	0	1	100.0000	
6857	烅	0	0	1	100.0000	
6858	躰	0	0	1	100.0000	
6859	钏	0	0	3	100.0000	
6860	洑	0	0	1	100.0000	
6861	祚	0	0	7	100.0000	
6862	杷	0	0	6	100.0000	
6863	阒	0	0	1	100.0000	
6864	囟	0	0	2	100.0000	
6865	蝪	0	0	2	100.0000	
6866	鯭	0	0	1	100.0000	
6867	勂	0	0	1	100.0000	
6868	璅	0	0	1	100.0000	
6869	険	0	0	1	100.0000	
6870	筲	0	0	2	100.0000	
6871	幷	0	0	1	100.0000	
6872	漒	0	0	1	100.0000	
6873	闫	0	0	2	100.0000	
6874	锇	0	0	1	100.0000	
6875	醮	0	0	1	100.0000	
6876	鞅	0	0	2	100.0000	
6877	軚	0	0	1	100.0000	
6878	邾	0	0	1	100.0000	
6879	茗	0	0	4	100.0000	
6880	椤	0	0	2	100.0000	
6881	嬲	0	0	1	100.0000	
6882	耇	0	0	1	100.0000	
6883	莰	0	0	1	100.0000	
6884	臜	0	0	1	100.0000	
6885	髑	0	0	2	100.0000	
6886	刲	0	0	1	100.0000	
6887	曩	0	0	1	100.0000	
6888	聄	0	0	1	100.0000	
6889	蜉	0	0	2	100.0000	
6890	蝣	0	0	2	100.0000	
6891	晢	0	0	1	100.0000	
6892	朊	0	0	2	100.0000	
6893	巻	0	0	1	100.0000	
6894	昄	0	0	1	100.0000	
6895	婐	0	0	1	100.0000	
6896	瀒	0	0	1	100.0000	
6897	狃	0	0	1	100.0000	
6898	胤	0	0	2	100.0000	
6899	槭	0	0	1	100.0000	
6900	獂	0	0	1	100.0000	
6901	菰	0	0	1	100.0000	
6902	泸	0	0	7	100.0000	
6903	诮	0	0	1	100.0000	
6904	涝	0	0	7	100.0000	HSK7-9
6905	镌	0	0	3	100.0000	
6906	翙	0	0	1	100.0000	
6907	猚	0	0	1	100.0000	
6908	遝	0	0	1	100.0000	
6909	觔	0	0	1	100.0000	
6910	礽	0	0	1	100.0000	
6911	怼	0	0	1	100.0000	
6912	觟	0	0	1	100.0000	
6913	刳	0	0	1	100.0000	
6914	菻	0	0	1	100.0000	
6915	値	0	0	1	100.0000	
6916	鲉	0	0	1	100.0000	
6917	筙	0	0	1	100.0000	
6918	悃	0	0	1	100.0000	
6919	茑	0	0	1	100.0000	
6920	笪	0	0	1	100.0000	
6921	啲	0	0	1	100.0000	
6922	崁	0	0	1	100.0000	
6923	儅	0	0	1	100.0000	
6924	怳	0	0	1	100.0000	
6925	迮	0	0	1	100.0000	
6926	筪	0	0	1	100.0000	
6927	摃	0	0	1	100.0000	
6928	碖	0	0	1	100.0000	
6929	淝	0	0	1	100.0000	
6930	粅	0	0	1	100.0000	
6931	翚	0	0	1	100.0000	
6932	珽	0	0	1	100.0000	
6933	玳	0	0	1	100.0000	
6934	踭	0	0	1	100.0000	
6935	枆	0	0	1	100.0000	
6936	珘	0	0	1	100.0000	
6937	芨	0	0	2	100.0000	
6938	窊	0	0	1	100.0000	
6939	肐	0	0	1	100.0000	
6940	涾	0	0	1	100.0000	
6941	詌	0	0	1	100.0000	
6942	褽	0	0	1	100.0000	
6943	縌	0	0	1	100.0000	
6944	馻	0	0	1	100.0000	
6945	戻	0	0	1	100.0000	
6946	琾	0	0	1	100.0000	
6947	篣	0	0	1	100.0000	
6948	磆	0	0	1	100.0000	
6949	躜	0	0	1	100.0000	
6950	柒	0	0	8	100.0000	
6951	楛	0	0	1	100.0000	
6952	芣	0	0	1	100.0000	
6953	汆	0	0	1	100.0000	
6954	桤	0	0	2	100.0000	
6955	愯	0	0	1	100.0000	
6956	雫	0	0	1	100.0000	
6957	氻	0	0	1	100.0000	
6958	栦	0	0	1	100.0000	
6959	姫	0	0	2	100.0000	
6960	覸	0	0	1	100.0000	
6961	薫	0	0	5	100.0000	
6962	圴	0	0	1	100.0000	
6963	鈏	0	0	1	100.0000	
6964	钽	0	0	2	100.0000	
6965	妁	0	0	1	100.0000	
6966	薅	0	0	1	100.0000	
6967	豇	0	0	4	100.0000	
6968	雎	0	0	5	100.0000	
6969	螚	0	0	1	100.0000	
6970	嗟	0	0	5	100.0000	
6971	诖	0	0	1	100.0000	
6972	窆	0	0	1	100.0000	
6973	渀	0	0	1	100.0000	
6974	袙	0	0	1	100.0000	
6975	阋	0	0	4	100.0000	
6976	蘖	0	0	2	100.0000	
6977	晇	0	0	1	100.0000	
6978	噏	0	0	1	100.0000	
6979	恲	0	0	1	100.0000	
6980	篰	0	0	1	100.0000	
6981	莠	0	0	4	100.0000	
6982	箆	0	0	1	100.0000	
6983	褾	0	0	1	100.0000	
6984	芇	0	0	1	100.0000	
6985	钤	0	0	2	100.0000	
6986	栺	0	0	1	100.0000	
6987	敊	0	0	1	100.0000	
6988	扴	0	0	1	100.0000	
6989	俅	0	0	3	100.0000	
6990	婛	0	0	1	100.0000	
6991	崝	0	0	1	100.0000	
6992	忮	0	0	1	100.0000	
6993	爻	0	0	4	100.0000	
6994	枇	0	0	2	100.0000	
6995	趔	0	0	2	100.0000	
6996	偃	0	0	3	100.0000	
6997	聕	0	0	1	100.0000	
6998	聴	0	0	1	100.0000	
6999	绹	0	0	1	100.0000	
7000	鋆	0	0	1	100.0000	
7001	阜	0	0	9	100.0000	
7002	蛱	0	0	1	100.0000	
7003	徆	0	0	1	100.0000	
7004	奘	0	0	4	100.0000	
7005	氩	0	0	2	100.0000	
7006	鹂	0	0	3	100.0000	
7007	燊	0	0	1	100.0000	
7008	軠	0	0	1	100.0000	
7009	荘	0	0	1	100.0000	
7010	焱	0	0	4	100.0000	
7011	敍	0	0	1	100.0000	
7012	狢	0	0	1	100.0000	
7013	壸	0	0	1	100.0000	
7014	沅	0	0	5	100.0000	
7015	丼	0	0	1	100.0000	
7016	纩	0	0	1	100.0000	
7017	芪	0	0	2	100.0000	
7018	鴌	0	0	1	100.0000	
7019	嬛	0	0	1	100.0000	
7020	浍	0	0	1	100.0000	
7021	铧	0	0	1	100.0000	
7022	荥	0	0	1	100.0000	
7023	錾	0	0	2	100.0000	
7024	猇	0	0	1	100.0000	
7025	喆	0	0	7	100.0000	
7026	陂	0	0	4	100.0000	
7027	醠	0	0	1	100.0000	
7028	柈	0	0	1	100.0000	
7029	茭	0	0	27	100.0000	
7030	舫	0	0	4	100.0000	
7031	鉩	0	0	1	100.0000	
7032	蝞	0	0	1	100.0000	
7033	虼	0	0	2	100.0000	
7034	庹	0	0	1	100.0000	
7035	伲	0	0	1	100.0000	
7036	蛏	0	0	1	100.0000	
7037	葋	0	0	1	100.0000	
7038	蝈	0	0	3	100.0000	
7039	轾	0	0	4	100.0000	
7040	鈚	0	0	1	100.0000	
7041	妯	0	0	2	100.0000	
7042	倅	0	0	1	100.0000	
7043	翕	0	0	1	100.0000	
7044	菫	0	0	3	100.0000	
7045	鵺	0	0	1	100.0000	
7046	䲟	0	0	1	100.0000	
7047	緾	0	0	1	100.0000	
7048	鞯	0	0	1	100.0000	
7049	楮	0	0	1	100.0000	
7050	牝	0	0	4	100.0000	
7051	菓	0	0	1	100.0000	
7052	筚	0	0	1	100.0000	
7053	箓	0	0	1	100.0000	
7054	锕	0	0	2	100.0000	
7055	鲡	0	0	2	100.0000	
7056	槻	0	0	4	100.0000	
7057	磬	0	0	3	100.0000	
7058	嫘	0	0	1	100.0000	
7059	粔	0	0	1	100.0000	
7060	醕	0	0	1	100.0000	
7061	挰	0	0	1	100.0000	
7062	蝻	0	0	4	100.0000	
7063	骐	0	0	1	100.0000	
7064	咶	0	0	1	100.0000	
7065	焔	0	0	1	100.0000	
7066	肶	0	0	1	100.0000	
7067	陃	0	0	1	100.0000	
7068	靔	0	0	1	100.0000	
7069	鞛	0	0	1	100.0000	
7070	俣	0	0	7	100.0000	
7071	畗	0	0	1	100.0000	
7072	竻	0	0	1	100.0000	
7073	苷	0	0	4	100.0000	
7074	扜	0	0	1	100.0000	
7075	坁	0	0	1	100.0000	
7076	髌	0	0	3	100.0000	
7077	縘	0	0	1	100.0000	
7078	祃	0	0	1	100.0000	
7079	缐	0	0	1	100.0000	
7080	鸲	0	0	1	100.0000	
7081	皖	0	0	4	100.0000	
7082	迓	0	0	1	100.0000	
7083	燧	0	0	4	100.0000	
7084	蒺	0	0	1	100.0000	
7085	篾	0	0	4	100.0000	
7086	髂	0	0	2	100.0000	
7087	膗	0	0	1	100.0000	
7088	轕	0	0	1	100.0000	
7089	祯	0	0	5	100.0000	
7090	穔	0	0	1	100.0000	
7091	瑷	0	0	2	100.0000	
7092	郧	0	0	2	100.0000	
7093	苄	0	0	4	100.0000	
7094	钗	0	0	9	100.0000	
7095	涷	0	0	1	100.0000	
7096	佝	0	0	4	100.0000	
7097	偻	0	0	4	100.0000	
7098	徵	0	0	1	100.0000	
7099	胼	0	0	2	100.0000	
7100	胝	0	0	3	100.0000	
7101	芍	0	0	3	100.0000	
7102	岣	0	0	1	100.0000	
7103	鸩	0	0	1	100.0000	
7104	廋	0	0	1	100.0000	
7105	怔	0	0	1	100.0000	
7106	帗	0	0	1	100.0000	
7107	㖞	0	0	1	100.0000	
7108	觥	0	0	1	100.0000	
7109	裉	0	0	1	100.0000	
7110	袴	0	0	1	100.0000	
7111	豋	0	0	1	100.0000	
7112	醦	0	0	1	100.0000	
7113	榙	0	0	1	100.0000	
7114	蛴	0	0	2	100.0000	
7115	螬	0	0	1	100.0000	
7116	黰	0	0	1	100.0000	
7117	碓	0	0	2	100.0000	
7118	裥	0	0	2	100.0000	
7119	蛲	0	0	2	100.0000	
7120	桖	0	0	1	100.0000	
7121	坫	0	0	1	100.0000	
7122	梒	0	0	1	100.0000	
7123	挶	0	0	1	100.0000	
7124	缧	0	0	1	100.0000	
7125	銮	0	0	4	100.0000	
7126	酢	0	0	2	100.0000	
7127	欯	0	0	1	100.0000	
7128	屮	0	0	1	100.0000	
7129	鲩	0	0	1	100.0000	
7130	咑	0	0	1	100.0000	
7131	篜	0	0	1	100.0000	
7132	丂	0	0	1	100.0000	
7133	攞	0	0	1	100.0000	
7134	朒	0	0	1	100.0000	
7135	谳	0	0	1	100.0000	
7136	穊	0	0	1	100.0000	
7137	癝	0	0	1	100.0000	
7138	鉄	0	0	1	100.0000	
7139	芡	0	0	5	100.0000	
7140	暌	0	0	2	100.0000	
7141	磔	0	0	1	100.0000	
7142	泆	0	0	1	100.0000	
7143	冱	0	0	1	100.0000	
7144	軓	0	0	1	100.0000	
7145	紨	0	0	1	100.0000	
7146	轫	0	0	1	100.0000	
7147	簕	0	0	1	100.0000	
7148	檗	0	0	3	100.0000	
7149	帣	0	0	1	100.0000	
7150	邿	0	0	1	100.0000	
7151	庢	0	0	1	100.0000	
7152	煳	0	0	1	100.0000	
7153	嵴	0	0	1	100.0000	
7154	枥	0	0	5	100.0000	
7155	邠	0	0	1	100.0000	
7156	珵	0	0	1	100.0000	
7157	挹	0	0	2	100.0000	
7158	殏	0	0	1	100.0000	
7159	鲻	0	0	1	100.0000	
7160	揿	0	0	1	100.0000	
7161	荛	0	0	1	100.0000	
7162	锶	0	0	1	100.0000	
7163	舺	0	0	1	100.0000	
7164	鮔	0	0	1	100.0000	
7165	炜	0	0	6	100.0000	
7166	朶	0	0	1	100.0000	
7167	籘	0	0	1	100.0000	
7168	拵	0	0	1	100.0000	
7169	収	0	0	1	100.0000	
7170	梌	0	0	1	100.0000	
7171	锫	0	0	1	100.0000	
7172	氊	0	0	1	100.0000	
7173	煕	0	0	1	100.0000	
7174	鏮	0	0	1	100.0000	
7175	玗	0	0	1	100.0000	
7176	爿	0	0	1	100.0000	
7177	朎	0	0	1	100.0000	
7178	罝	0	0	1	100.0000	
7179	痡	0	0	1	100.0000	
7180	狨	0	0	1	100.0000	
7181	侇	0	0	1	100.0000	
7182	塭	0	0	1	100.0000	
7183	谝	0	0	1	100.0000	
7184	砨	0	0	1	100.0000	
7185	铼	0	0	1	100.0000	
7186	袡	0	0	1	100.0000	
7187	杌	0	0	1	100.0000	
7188	罣	0	0	1	100.0000	
7189	陧	0	0	1	100.0000	
7190	糎	0	0	1	100.0000	
7191	玣	0	0	1	100.0000	
7192	鷑	0	0	1	100.0000	
7193	髆	0	0	1	100.0000	
7194	螛	0	0	1	100.0000	
7195	醔	0	0	1	100.0000	
7196	韇	0	0	1	100.0000	
7197	峄	0	0	2	100.0000	
7198	兖	0	0	1	100.0000	
7199	瀌	0	0	1	100.0000	
7200	靕	0	0	1	100.0000	
7201	茖	0	0	1	100.0000	
7202	鶏	0	0	1	100.0000	
7203	诤	0	0	5	100.0000	
7204	罅	0	0	2	100.0000	
7205	遅	0	0	1	100.0000	
7206	佚	0	0	4	100.0000	
7207	迒	0	0	1	100.0000	
7208	淞	0	0	3	100.0000	
7209	钬	0	0	1	100.0000	
7210	铫	0	0	1	100.0000	
7211	粝	0	0	2	100.0000	
7212	単	0	0	1	100.0000	
7213	蜩	0	0	1	100.0000	
7214	阍	0	0	1	100.0000	
7215	憟	0	0	1	100.0000	
7216	滢	0	0	1	100.0000	
7217	殳	0	0	2	100.0000	
7218	醂	0	0	1	100.0000	
7219	靬	0	0	1	100.0000	
7220	抳	0	0	1	100.0000	
7221	魈	0	0	1	100.0000	
7222	跬	0	0	1	100.0000	
7223	螅	0	0	1	100.0000	
7224	佥	0	0	3	100.0000	
7225	镂	0	0	5	100.0000	
7226	芷	0	0	13	100.0000	
7227	厶	0	0	1	100.0000	
7228	脳	0	0	1	100.0000	
7229	鉲	0	0	1	100.0000	
7230	坭	0	0	1	100.0000	
7231	偭	0	0	1	100.0000	
7232	撙	0	0	1	100.0000	
7233	帯	0	0	1	100.0000	
7234	姝	0	0	4	100.0000	
7235	痈	0	0	2	100.0000	
7236	廥	0	0	1	100.0000	
7237	匼	0	0	1	100.0000	
7238	闱	0	0	4	100.0000	
7239	穜	0	0	1	100.0000	
7240	裢	0	0	3	100.0000	
7241	鹣	0	0	1	100.0000	
7242	髹	0	0	1	100.0000	
7243	唢	0	0	1	100.0000	
7244	甿	0	0	1	100.0000	
7245	妪	0	0	3	100.0000	
7246	栥	0	0	1	100.0000	
7247	嗵	0	0	1	100.0000	
7248	琞	0	0	1	100.0000	
7249	緐	0	0	1	100.0000	
7250	臷	0	0	1	100.0000	
7251	璋	0	0	11	100.0000	
7252	刈	0	0	2	100.0000	
7253	䍁	0	0	1	100.0000	
7254	晏	0	0	12	100.0000	
7255	拹	0	0	1	100.0000	
7256	漕	0	0	2	100.0000	
7257	皀	0	0	1	100.0000	
7258	苖	0	0	1	100.0000	
7259	竦	0	0	2	100.0000	
7260	衧	0	0	1	100.0000	
7261	喟	0	0	2	100.0000	
7262	埲	0	0	1	100.0000	
7263	缡	0	0	1	100.0000	
7264	胟	0	0	1	100.0000	
7265	砎	0	0	1	100.0000	
7266	纅	0	0	1	100.0000	
7267	癈	0	0	1	100.0000	
7268	耓	0	0	1	100.0000	
7269	眽	0	0	1	100.0000	
7270	窎	0	0	1	100.0000	
7271	鲠	0	0	2	100.0000	
7272	抺	0	0	1	100.0000	
7273	畘	0	0	1	100.0000	
7274	窧	0	0	1	100.0000	
7275	尒	0	0	1	100.0000	
7276	腭	0	0	3	100.0000	
7277	笐	0	0	1	100.0000	
7278	栻	0	0	1	100.0000	
7279	眵	0	0	1	100.0000	
7280	扻	0	0	1	100.0000	
7281	謦	0	0	1	100.0000	
7282	蔺	0	0	8	100.0000	
7283	痀	0	0	1	100.0000	
7284	萣	0	0	1	100.0000	
7285	镲	0	0	1	100.0000	
7286	胢	0	0	1	100.0000	
7287	梩	0	0	1	100.0000	
7288	晥	0	0	1	100.0000	
7289	霫	0	0	1	100.0000	
7290	瞔	0	0	1	100.0000	
7291	蓂	0	0	1	100.0000	
7292	悻	0	0	3	100.0000	
7293	礵	0	0	1	100.0000	
7294	琤	0	0	1	100.0000	
7295	曷	0	0	1	100.0000	
7296	鼋	0	0	1	100.0000	
7297	搧	0	0	3	100.0000	
7298	泅	0	0	4	100.0000	
7299	膫	0	0	1	100.0000	
7300	窨	0	0	2	100.0000	
7301	癎	0	0	1	100.0000	
7302	骀	0	0	1	100.0000	
7303	苪	0	0	1	100.0000	
7304	豸	0	0	4	100.0000	
7305	倂	0	0	1	100.0000	
7306	髈	0	0	1	100.0000	
7307	琨	0	0	4	100.0000	
7308	暎	0	0	1	100.0000	
7309	嶂	0	0	2	100.0000	
7310	浔	0	0	4	100.0000	
7311	樘	0	0	1	100.0000	
7312	椋	0	0	2	100.0000	
7313	嘅	0	0	1	100.0000	
7314	椹	0	0	2	100.0000	
7315	暠	0	0	1	100.0000	
7316	赟	0	0	2	100.0000	
7317	铋	0	0	1	100.0000	
7318	謢	0	0	1	100.0000	
7319	曱	0	0	1	100.0000	
7320	卬	0	0	1	100.0000	
7321	穚	0	0	1	100.0000	
7322	阢	0	0	1	100.0000	
7323	抍	0	0	1	100.0000	
7324	娒	0	0	1	100.0000	
7325	咾	0	0	1	100.0000	
7326	篭	0	0	1	100.0000	
7327	柰	0	0	1	100.0000	
7328	孭	0	0	1	100.0000	
7329	嘥	0	0	1	100.0000	
7330	渕	0	0	1	100.0000	
7331	鄱	0	0	1	100.0000	
7332	蒻	0	0	1	100.0000	
7333	濠	0	0	2	100.0000	
7334	礭	0	0	1	100.0000	
7335	灠	0	0	1	100.0000	
7336	梃	0	0	1	100.0000	
7337	垌	0	0	2	100.0000	
7338	蛸	0	0	1	100.0000	
7339	孛	0	0	1	100.0000	
7340	缳	0	0	2	100.0000	
7341	冃	0	0	1	100.0000	
7342	鑢	0	0	1	100.0000	
7343	炅	0	0	3	100.0000	
7344	穂	0	0	4	100.0000	
7345	狪	0	0	1	100.0000	
7346	砇	0	0	1	100.0000	
7347	扠	0	0	1	100.0000	
7348	斿	0	0	1	100.0000	
7349	鹥	0	0	1	100.0000	
7350	蒠	0	0	1	100.0000	
7351	韐	0	0	1	100.0000	
7352	鑤	0	0	1	100.0000	
7353	罍	0	0	1	100.0000	
7354	榅	0	0	1	100.0000	
7355	倥	0	0	1	100.0000	
7356	鸶	0	0	3	100.0000	
7357	呪	0	0	1	100.0000	
7358	秥	0	0	1	100.0000	
7359	筡	0	0	1	100.0000	
7360	俵	0	0	2	100.0000	
7361	蚡	0	0	1	100.0000	
7362	郙	0	0	1	100.0000	
7363	芃	0	0	5	100.0000	
7364	曶	0	0	1	100.0000	
7365	岒	0	0	1	100.0000	
7366	蚶	0	0	2	100.0000	
7367	璺	0	0	1	100.0000	
7368	驒	0	0	1	100.0000	
7369	嚜	0	0	1	100.0000	
7370	蚢	0	0	1	100.0000	
7371	淦	0	0	1	100.0000	
7372	燐	0	0	1	100.0000	
7373	皲	0	0	1	100.0000	
7374	磍	0	0	1	100.0000	
7375	夬	0	0	1	100.0000	
7376	匚	0	0	1	100.0000	
7377	哕	0	0	1	100.0000	
7378	傫	0	0	1	100.0000	
7379	淔	0	0	1	100.0000	
7380	萘	0	0	3	100.0000	
7381	昉	0	0	1	100.0000	
7382	虿	0	0	2	100.0000	
7383	歵	0	0	1	100.0000	
7384	剢	0	0	1	100.0000	
7385	磟	0	0	1	100.0000	
7386	椠	0	0	1	100.0000	
7387	迻	0	0	1	100.0000	
7388	嘌	0	0	2	100.0000	
7389	酰	0	0	7	100.0000	
7390	梶	0	0	7	100.0000	
7391	庑	0	0	1	100.0000	
7392	䴗	0	0	1	100.0000	
7393	篦	0	0	1	100.0000	
7394	筘	0	0	1	100.0000	
7395	蹙	0	0	3	100.0000	
7396	茈	0	0	1	100.0000	
7397	辎	0	0	1	100.0000	
7398	覩	0	0	1	100.0000	
7399	氐	0	0	1	100.0000	
7400	鲂	0	0	2	100.0000	
7401	虌	0	0	1	100.0000	
7402	跜	0	0	1	100.0000	
7403	瓠	0	0	1	100.0000	
7404	脕	0	0	1	100.0000	
7405	痼	0	0	1	100.0000	
7406	逤	0	0	1	100.0000	
7407	檨	0	0	1	100.0000	
7408	谠	0	0	1	100.0000	
7409	锬	0	0	1	100.0000	
7410	罤	0	0	1	100.0000	
7411	簋	0	0	1	100.0000	
7412	燿	0	0	2	100.0000	
7413	黙	0	0	1	100.0000	
7414	歊	0	0	1	100.0000	
7415	骓	0	0	1	100.0000	
7416	裰	0	0	1	100.0000	
7417	洵	0	0	1	100.0000	
7418	亓	0	0	3	100.0000	
7419	蛉	0	0	3	100.0000	
7420	嶃	0	0	1	100.0000	
7421	玽	0	0	1	100.0000	
7422	陴	0	0	1	100.0000	
7423	絭	0	0	1	100.0000	
7424	蠧	0	0	1	100.0000	
7425	冐	0	0	1	100.0000	
7426	譱	0	0	1	100.0000	
7427	嗫	0	0	3	100.0000	
7428	璟	0	0	2	100.0000	
7429	絖	0	0	1	100.0000	
7430	褵	0	0	1	100.0000	
7431	忻	0	0	4	100.0000	
7432	镅	0	0	1	100.0000	
7433	甑	0	0	1	100.0000	
7434	盍	0	0	1	100.0000	
7435	唩	0	0	1	100.0000	
7436	黩	0	0	3	100.0000	
7437	梋	0	0	1	100.0000	
7438	鄄	0	0	2	100.0000	
7439	瘌	0	0	3	100.0000	
7440	倞	0	0	2	100.0000	
7441	䴔	0	0	1	100.0000	
7442	茯	0	0	3	100.0000	
7443	鋞	0	0	1	100.0000	
7444	镤	0	0	1	100.0000	
7445	佞	0	0	5	100.0000	
7446	倶	0	0	1	100.0000	
7447	鬾	0	0	1	100.0000	
7448	綨	0	0	1	100.0000	
7449	泂	0	0	1	100.0000	
7450	拫	0	0	1	100.0000	
7451	鼈	0	0	1	100.0000	
7452	镨	0	0	1	100.0000	
7453	竉	0	0	1	100.0000	
7454	愽	0	0	1	100.0000	
7455	稝	0	0	1	100.0000	
7456	鸷	0	0	3	100.0000	
7457	殑	0	0	1	100.0000	
7458	癿	0	0	1	100.0000	
7459	屦	0	0	1	100.0000	
7460	蚇	0	0	1	100.0000	
7461	抭	0	0	1	100.0000	
7462	圮	0	0	1	100.0000	
7463	蒁	0	0	1	100.0000	
7464	悌	0	0	5	100.0000	
7465	觓	0	0	1	100.0000	
7466	婑	0	0	1	100.0000	
7467	涽	0	0	1	100.0000	
7468	伛	0	0	1	100.0000	
7469	閕	0	0	1	100.0000	
7470	玢	0	0	2	100.0000	
7471	縁	0	0	1	100.0000	
7472	紩	0	0	1	100.0000	
7473	茇	0	0	1	100.0000	
7474	悭	0	0	3	100.0000	
7475	椼	0	0	1	100.0000	
7476	倢	0	0	1	100.0000	
7477	髙	0	0	3	100.0000	
7478	梼	0	0	1	100.0000	
7479	钕	0	0	1	100.0000	
7480	煜	0	0	2	100.0000	
7481	齝	0	0	1	100.0000	
7482	韈	0	0	1	100.0000	
7483	胠	0	0	1	100.0000	
7484	苲	0	0	1	100.0000	
7485	瓵	0	0	1	100.0000	
7486	搣	0	0	1	100.0000	
7487	麇	0	0	1	100.0000	
7488	舃	0	0	1	100.0000	
7489	絜	0	0	1	100.0000	
7490	黼	0	0	1	100.0000	
7491	菡	0	0	2	100.0000	
7492	倨	0	0	1	100.0000	
7493	抩	0	0	1	100.0000	
7494	靽	0	0	1	100.0000	
7495	蛷	0	0	1	100.0000	
7496	䌹	0	0	1	100.0000	
7497	钶	0	0	1	100.0000	
7498	馔	0	0	3	100.0000	
7499	毬	0	0	1	100.0000	
7500	篵	0	0	1	100.0000	
7501	箪	0	0	1	100.0000	
7502	総	0	0	1	100.0000	
7503	躱	0	0	1	100.0000	
7504	蒽	0	0	1	100.0000	
7505	镦	0	0	1	100.0000	
7506	柢	0	0	1	100.0000	
7507	昤	0	0	1	100.0000	
7508	罜	0	0	1	100.0000	
7509	鹄	0	0	3	100.0000	
7510	悫	0	0	1	100.0000	
7511	筊	0	0	1	100.0000	
7512	铨	0	0	3	100.0000	
7513	鲎	0	0	1	100.0000	
7514	囓	0	0	2	100.0000	
7515	丷	0	0	1	100.0000	
7516	筭	0	0	1	100.0000	
7517	臶	0	0	1	100.0000	
7518	茻	0	0	1	100.0000	
7519	苙	0	0	1	100.0000	
7520	呋	0	0	1	100.0000	
7521	咗	0	0	1	100.0000	
7522	対	0	0	1	100.0000	
7523	戬	0	0	6	100.0000	
7524	妣	0	0	2	100.0000	
7525	刭	0	0	2	100.0000	
7526	璠	0	0	2	100.0000	
7527	売	0	0	1	100.0000	
7528	荲	0	0	1	100.0000	
7529	鲵	0	0	1	100.0000	
7530	悰	0	0	1	100.0000	
7531	钪	0	0	1	100.0000	
7532	鈓	0	0	1	100.0000	
7533	陟	0	0	3	100.0000	
7534	潞	0	0	3	100.0000	
7535	囲	0	0	1	100.0000	
7536	訇	0	0	3	100.0000	
7537	挬	0	0	1	100.0000	
7538	枋	0	0	1	100.0000	
7539	婫	0	0	1	100.0000	
7540	酞	0	0	2	100.0000	
7541	狛	0	0	1	100.0000	
7542	嫑	0	0	1	100.0000	
7543	炨	0	0	1	100.0000	
7544	鑙	0	0	1	100.0000	
7545	舸	0	0	1	100.0000	
7546	苠	0	0	1	100.0000	
7547	餠	0	0	1	100.0000	
7548	鬪	0	0	1	100.0000	
7549	栭	0	0	1	100.0000	
7550	穰	0	0	1	100.0000	
7551	砢	0	0	1	100.0000	
7552	舾	0	0	1	100.0000	
7553	繤	0	0	1	100.0000	
7554	丄	0	0	1	100.0000	
7555	琬	0	0	5	100.0000	
7556	鈘	0	0	1	100.0000	
7557	蝝	0	0	1	100.0000	
7558	蕤	0	0	1	100.0000	
7559	簩	0	0	1	100.0000	
7560	菝	0	0	1	100.0000	
7561	葜	0	0	1	100.0000	
7562	苎	0	0	2	100.0000	
7563	墉	0	0	2	100.0000	
7564	焐	0	0	1	100.0000	
7565	搦	0	0	1	100.0000	
7566	髷	0	0	1	100.0000	
7567	袢	0	0	2	100.0000	
7568	衎	0	0	1	100.0000	
7569	倣	0	0	1	100.0000	
7570	秚	0	0	1	100.0000	
7571	耟	0	0	1	100.0000	
7572	谇	0	0	1	100.0000	
7573	曌	0	0	2	100.0000	
7574	砹	0	0	1	100.0000	
7575	鲆	0	0	1	100.0000	
7576	咈	0	0	1	100.0000	
7577	眓	0	0	1	100.0000	
7578	硖	0	0	2	100.0000	
7579	羢	0	0	1	100.0000	
7580	舚	0	0	1	100.0000	
7581	読	0	0	1	100.0000	
7582	涑	0	0	1	100.0000	
7583	璭	0	0	1	100.0000	
7584	淢	0	0	1	100.0000	
7585	婺	0	0	2	100.0000	
7586	煅	0	0	1	100.0000	
7587	喑	0	0	1	100.0000	
7588	荸	0	0	3	100.0000	
7589	旃	0	0	1	100.0000	
7590	艄	0	0	2	100.0000	
7591	缋	0	0	1	100.0000	
7592	搆	0	0	1	100.0000	
7593	韫	0	0	1	100.0000	
7594	栔	0	0	1	100.0000	
7595	睯	0	0	1	100.0000	
7596	紻	0	0	1	100.0000	
7597	玤	0	0	1	100.0000	
7598	朿	0	0	1	100.0000	
7599	椟	0	0	1	100.0000	
7600	挈	0	0	2	100.0000	
7601	湉	0	0	1	100.0000	
7602	靭	0	0	1	100.0000	
7603	恊	0	0	1	100.0000	
7604	挒	0	0	1	100.0000	
7605	嫰	0	0	1	100.0000	
7606	泓	0	0	3	100.0000	
7607	琰	0	0	2	100.0000	
7608	糘	0	0	1	100.0000	
7609	謜	0	0	1	100.0000	
7610	柶	0	0	1	100.0000	
7611	篆	0	0	3	100.0000	
7612	罧	0	0	1	100.0000	
7613	櫌	0	0	1	100.0000	
7614	畬	0	0	1	100.0000	
7615	蓊	0	0	1	100.0000	
7616	赍	0	0	1	100.0000	
7617	萢	0	0	1	100.0000	
7618	酔	0	0	1	100.0000	
7619	琯	0	0	1	100.0000	
7620	煺	0	0	1	100.0000	
7621	旼	0	0	1	100.0000	
7622	扷	0	0	1	100.0000	
7623	艭	0	0	1	100.0000	
7624	螥	0	0	1	100.0000	
7625	騩	0	0	1	100.0000	
7626	玎	0	0	2	100.0000	
7627	跣	0	0	1	100.0000	
7628	嵩	0	0	7	100.0000	
7629	悱	0	0	1	100.0000	
7630	艏	0	0	1	100.0000	
7631	懃	0	0	1	100.0000	
7632	迋	0	0	1	100.0000	
7633	宍	0	0	1	100.0000	
7634	颣	0	0	1	100.0000	
7635	柃	0	0	1	100.0000	
7636	榥	0	0	1	100.0000	
7637	亍	0	0	1	100.0000	
7638	蚅	0	0	1	100.0000	
7639	雊	0	0	1	100.0000	
7640	鳜	0	0	1	100.0000	
7641	鳒	0	0	1	100.0000	
7642	矸	0	0	1	100.0000	
7643	訬	0	0	1	100.0000	
7644	穋	0	0	1	100.0000	
7645	歛	0	0	2	100.0000	
7646	酹	0	0	1	100.0000	
7647	坅	0	0	1	100.0000	
7648	柙	0	0	1	100.0000	
7649	臵	0	0	1	100.0000	
7650	瓾	0	0	1	100.0000	
7651	昽	0	0	1	100.0000	
7652	硪	0	0	1	100.0000	
7653	瑯	0	0	6	100.0000	
7654	仳	0	0	1	100.0000	
7655	逥	0	0	1	100.0000	
7656	聁	0	0	1	100.0000	
7657	钷	0	0	1	100.0000	
7658	楸	0	0	4	100.0000	
7659	疧	0	0	1	100.0000	
7660	丬	0	0	1	100.0000	
7661	鉵	0	0	1	100.0000	
7662	媂	0	0	1	100.0000	
7663	縆	0	0	1	100.0000	
7664	奾	0	0	1	100.0000	
7665	腧	0	0	1	100.0000	
7666	暳	0	0	1	100.0000	
7667	冴	0	0	4	100.0000	
7668	蕯	0	0	1	100.0000	
7669	铄	0	0	3	100.0000	
7670	叡	0	0	1	100.0000	
7671	禊	0	0	1	100.0000	
7672	掾	0	0	1	100.0000	
7673	芤	0	0	1	100.0000	
7674	魆	0	0	1	100.0000	
7675	颏	0	0	3	100.0000	
7676	馜	0	0	1	100.0000	
7677	煘	0	0	1	100.0000	
7678	価	0	0	1	100.0000	
7679	殛	0	0	1	100.0000	
7680	姛	0	0	1	100.0000	
7681	碛	0	0	1	100.0000	
7682	苁	0	0	2	100.0000	
7683	陜	0	0	1	100.0000	
7684	甼	0	0	1	100.0000	
7685	磓	0	0	1	100.0000	
7686	嚄	0	0	1	100.0000	
7687	翤	0	0	1	100.0000	
7688	眫	0	0	1	100.0000	
7689	訄	0	0	1	100.0000	
7690	苋	0	0	3	100.0000	
7691	瘅	0	0	1	100.0000	
7692	篺	0	0	1	100.0000	
7693	睟	0	0	1	100.0000	
7694	禳	0	0	1	100.0000	
7695	敆	0	0	1	100.0000	
7696	煫	0	0	1	100.0000	
7697	呫	0	0	1	100.0000	
7698	璤	0	0	1	100.0000	
7699	蛈	0	0	1	100.0000	
7700	弾	0	0	1	100.0000	
7701	畳	0	0	1	100.0000	
7702	択	0	0	1	100.0000	
7703	葇	0	0	1	100.0000	
7704	钎	0	0	2	100.0000	
7705	摽	0	0	1	100.0000	
7706	籨	0	0	1	100.0000	
7707	侉	0	0	1	100.0000	
7708	挸	0	0	1	100.0000	
7709	洇	0	0	2	100.0000	
7710	夎	0	0	1	100.0000	
7711	铕	0	0	1	100.0000	
7712	瓤	0	0	2	100.0000	
7713	閠	0	0	1	100.0000	
7714	怞	0	0	1	100.0000	
7715	硍	0	0	1	100.0000	
7716	唲	0	0	1	100.0000	
7717	戽	0	0	1	100.0000	
7718	勐	0	0	4	100.0000	
7719	勰	0	0	1	100.0000	
7720	茏	0	0	2	100.0000	
7721	雒	0	0	1	100.0000	
7722	藋	0	0	1	100.0000	
7723	趄	0	0	1	100.0000	
7724	潽	0	0	1	100.0000	
7725	昀	0	0	1	100.0000	
7726	佤	0	0	1	100.0000	
7727	闳	0	0	2	100.0000	
7728	轳	0	0	1	100.0000	
7729	験	0	0	1	100.0000	
7730	緃	0	0	1	100.0000	
7731	淈	0	0	1	100.0000	
7732	磄	0	0	1	100.0000	
7733	馘	0	0	1	100.0000	
7734	僗	0	0	1	100.0000	
7735	喯	0	0	1	100.0000	
7736	歭	0	0	1	100.0000	
7737	齥	0	0	1	100.0000	
7738	鵶	0	0	1	100.0000	
7739	韗	0	0	1	100.0000	
7740	鑟	0	0	1	100.0000	
7741	趖	0	0	1	100.0000	
7742	怃	0	0	2	100.0000	
7743	熘	0	0	1	100.0000	
7744	戥	0	0	1	100.0000	
7745	桜	0	0	1	100.0000	
7746	厹	0	0	1	100.0000	
7747	卌	0	0	1	100.0000	
7748	皉	0	0	1	100.0000	
7749	汛	0	0	4	100.0000	HSK7-9
7750	耪	0	0	1	100.0000	
7751	栂	0	0	1	100.0000	
7752	椝	0	0	1	100.0000	
7753	崦	0	0	1	100.0000	
7754	莘	0	0	6	100.0000	
7755	駜	0	0	1	100.0000	
7756	枎	0	0	1	100.0000	
7757	眲	0	0	1	100.0000	
7758	硢	0	0	1	100.0000	
7759	酐	0	0	3	100.0000	
7760	刖	0	0	1	100.0000	
7761	蕸	0	0	1	100.0000	
7762	锝	0	0	1	100.0000	
7763	菂	0	0	1	100.0000	
7764	箎	0	0	1	100.0000	
7765	袓	0	0	1	100.0000	
7766	懋	0	0	2	100.0000	
7767	羼	0	0	1	100.0000	
7768	朹	0	0	1	100.0000	
7769	窀	0	0	2	100.0000	
7770	洠	0	0	1	100.0000	
7771	颩	0	0	1	100.0000	
7772	羧	0	0	1	100.0000	
7773	豻	0	0	1	100.0000	
7774	欭	0	0	1	100.0000	
7775	咥	0	0	1	100.0000	
7776	矧	0	0	1	100.0000	
7777	欳	0	0	1	100.0000	
7778	秢	0	0	1	100.0000	
7779	筄	0	0	1	100.0000	
7780	筀	0	0	1	100.0000	
7781	肭	0	0	1	100.0000	
7782	晙	0	0	3	100.0000	
7783	郄	0	0	3	100.0000	
7784	猷	0	0	1	100.0000	
7785	唭	0	0	1	100.0000	
7786	熹	0	0	11	100.0000	
7787	觇	0	0	1	100.0000	
7788	柞	0	0	2	100.0000	
7789	胵	0	0	1	100.0000	
7790	钫	0	0	1	100.0000	
7791	镝	0	0	1	100.0000	
7792	杬	0	0	1	100.0000	
7793	怑	0	0	1	100.0000	
7794	巉	0	0	1	100.0000	
7795	焘	0	0	4	100.0000	
7796	遒	0	0	1	100.0000	
7797	钰	0	0	5	100.0000	
7798	斪	0	0	1	100.0000	
7799	粳	0	0	1	100.0000	
7800	籞	0	0	1	100.0000	
7801	鼢	0	0	1	100.0000	
7802	酏	0	0	1	100.0000	
7803	瞫	0	0	1	100.0000	
7804	禼	0	0	1	100.0000	
7805	簐	0	0	1	100.0000	
7806	肦	0	0	1	100.0000	
7807	譡	0	0	1	100.0000	
7808	馣	0	0	1	100.0000	
7809	鞔	0	0	1	100.0000	
7810	胿	0	0	1	100.0000	
7811	䇲	0	0	1	100.0000	
7812	憺	0	0	1	100.0000	
7813	琣	0	0	1	100.0000	
7814	菉	0	0	1	100.0000	
7815	嬅	0	0	1	100.0000	
7816	飊	0	0	1	100.0000	
7817	睆	0	0	1	100.0000	
7818	尢	0	0	1	100.0000	
7819	圧	0	0	1	100.0000	
7820	愍	0	0	1	100.0000	
7821	惝	0	0	1	100.0000	
7822	锟	0	0	1	100.0000	
7823	檍	0	0	1	100.0000	
7824	钿	0	0	5	100.0000	
7825	舯	0	0	1	100.0000	
7826	徴	0	0	1	100.0000	
7827	娌	0	0	1	100.0000	
7828	嗾	0	0	1	100.0000	
7829	鶮	0	0	1	100.0000	
7830	朙	0	0	1	100.0000	
7831	舴	0	0	1	100.0000	
7832	櫕	0	0	1	100.0000	
7833	藼	0	0	1	100.0000	
7834	碡	0	0	1	100.0000	
7835	牰	0	0	1	100.0000	
7836	佄	0	0	1	100.0000	
7837	騨	0	0	1	100.0000	
7838	糢	0	0	1	100.0000	
7839	潶	0	0	1	100.0000	
7840	橵	0	0	1	100.0000	
7841	蛳	0	0	1	100.0000	
7842	璑	0	0	1	100.0000	
7843	黟	0	0	1	100.0000	
7844	斎	0	0	2	100.0000	
7845	鼇	0	0	1	100.0000	
7846	箬	0	0	1	100.0000	
7847	啉	0	0	2	100.0000	
7848	抅	0	0	1	100.0000	
7849	窠	0	0	4	100.0000	
7850	洏	0	0	1	100.0000	
7851	虢	0	0	1	100.0000	
7852	囯	0	0	1	100.0000	
7853	鉫	0	0	1	100.0000	
7854	縔	0	0	1	100.0000	
7855	髎	0	0	1	100.0000	
7856	髄	0	0	1	100.0000	
7857	醝	0	0	1	100.0000	
7858	縠	0	0	1	100.0000	
7859	髍	0	0	1	100.0000	
7860	脷	0	0	1	100.0000	
7861	枃	0	0	1	100.0000	
7862	鏣	0	0	1	100.0000	
7863	荑	0	0	1	100.0000	
7864	鄋	0	0	1	100.0000	
7865	鵭	0	0	1	100.0000	
7866	豦	0	0	1	100.0000	
7867	靋	0	0	1	100.0000	
7868	殂	0	0	1	100.0000	
7869	骧	0	0	1	100.0000	
7870	滗	0	0	1	100.0000	
7871	刉	0	0	1	100.0000	
7872	戡	0	0	2	100.0000	
7873	鲦	0	0	1	100.0000	
7874	湱	0	0	1	100.0000	
7875	彝	0	0	3	100.0000	
7876	酲	0	0	1	100.0000	
7877	逦	0	0	1	100.0000	
7878	梀	0	0	1	100.0000	
7879	稩	0	0	1	100.0000	
7880	棻	0	0	1	100.0000	
7881	苻	0	0	1	100.0000	
7882	晊	0	0	1	100.0000	
7883	萹	0	0	1	100.0000	
7884	岕	0	0	1	100.0000	
7885	捑	0	0	1	100.0000	
7886	怷	0	0	1	100.0000	
7887	埙	0	0	2	100.0000	
7888	醨	0	0	1	100.0000	
7889	羷	0	0	1	100.0000	
7890	麭	0	0	1	100.0000	
7891	縻	0	0	1	100.0000	
7892	麿	0	0	1	100.0000	
7893	蠡	0	0	2	100.0000	
7894	烔	0	0	1	100.0000	
7895	毘	0	0	1	100.0000	
7896	犍	0	0	1	100.0000	
7897	蔎	0	0	1	100.0000	
7898	妫	0	0	1	100.0000	
7899	藁	0	0	1	100.0000	
7900	碢	0	0	1	100.0000	
7901	焜	0	0	1	100.0000	
7902	竓	0	0	1	100.0000	
7903	撚	0	0	1	100.0000	
7904	鯣	0	0	1	100.0000	
7905	甾	0	0	3	100.0000	
7906	鵖	0	0	1	100.0000	
7907	鑦	0	0	1	100.0000	
7908	羃	0	0	1	100.0000	
7909	菟	0	0	1	100.0000	
7910	鬻	0	0	2	100.0000	
7911	垓	0	0	2	100.0000	
7912	蘗	0	0	3	100.0000	
7913	谫	0	0	1	100.0000	
7914	仏	0	0	1	100.0000	
7915	卩	0	0	1	100.0000	
7916	頼	0	0	1	100.0000	
7917	蔵	0	0	1	100.0000	
7918	钑	0	0	1	100.0000	
7919	鉰	0	0	1	100.0000	
7920	簅	0	0	1	100.0000	
7921	鞥	0	0	1	100.0000	
7922	酨	0	0	1	100.0000	
7923	僦	0	0	1	100.0000	
7924	傎	0	0	1	100.0000	
7925	堰	0	0	4	100.0000	
7926	垭	0	0	1	100.0000	
7927	謘	0	0	1	100.0000	
7928	仝	0	0	6	100.0000	
7929	氘	0	0	2	100.0000	
7930	荬	0	0	1	100.0000	
7931	戞	0	0	1	100.0000	
7932	寘	0	0	1	100.0000	
7933	拶	0	0	1	100.0000	
7934	堠	0	0	1	100.0000	
7935	惸	0	0	1	100.0000	
7936	嫮	0	0	1	100.0000	
7937	泘	0	0	1	100.0000	
7938	嵬	0	0	1	100.0000	
7939	闾	0	0	2	100.0000	
7940	湫	0	0	1	100.0000	
7941	葧	0	0	1	100.0000	
7942	鼳	0	0	1	100.0000	
7943	粯	0	0	1	100.0000	
7944	獬	0	0	2	100.0000	
7945	螓	0	0	1	100.0000	
7946	嵯	0	0	1	100.0000	
7947	矷	0	0	2	100.0000	
7948	岢	0	0	1	100.0000	
7949	愖	0	0	1	100.0000	
7950	蛩	0	0	1	100.0000	
7951	狺	0	0	1	100.0000	
7952	嚟	0	0	1	100.0000	
7953	暏	0	0	1	100.0000	
7954	曫	0	0	1	100.0000	
7955	弢	0	0	1	100.0000	
7956	歳	0	0	1	100.0000	
7957	饣	0	0	1	100.0000	
7958	慊	0	0	1	100.0000	
7959	罨	0	0	1	100.0000	
7960	癋	0	0	1	100.0000	
7961	眇	0	0	1	100.0000	
7962	郓	0	0	1	100.0000	
7963	搷	0	0	1	100.0000	
7964	僳	0	0	1	100.0000	
7965	楺	0	0	1	100.0000	
7966	酳	0	0	1	100.0000	
7967	餤	0	0	1	100.0000	
7968	黉	0	0	1	100.0000	
7969	惞	0	0	1	100.0000	
7970	腈	0	0	1	100.0000	
7971	嶪	0	0	1	100.0000	
7972	潲	0	0	1	100.0000	
7973	嗻	0	0	1	100.0000	
7974	媬	0	0	1	100.0000	
7975	媉	0	0	1	100.0000	
7976	殽	0	0	1	100.0000	
7977	貔	0	0	1	100.0000	
7978	貅	0	0	1	100.0000	
7979	豍	0	0	1	100.0000	
7980	嵎	0	0	1	100.0000	
7981	毸	0	0	1	100.0000	
7982	溽	0	0	1	100.0000	
7983	癜	0	0	4	100.0000	
7984	杪	0	0	1	100.0000	
7985	泙	0	0	1	100.0000	
7986	嵚	0	0	1	100.0000	
7987	棷	0	0	1	100.0000	
7988	恾	0	0	1	100.0000	
7989	礅	0	0	1	100.0000	
7990	罟	0	0	2	100.0000	
7991	嫫	0	0	1	100.0000	
7992	仡	0	0	1	100.0000	
7993	潍	0	0	1	100.0000	
7994	榊	0	0	1	100.0000	
7995	諅	0	0	1	100.0000	
7996	歏	0	0	1	100.0000	
7997	蜳	0	0	1	100.0000	
7998	漈	0	0	1	100.0000	
7999	鰡	0	0	1	100.0000	
8000	怙	0	0	1	100.0000	
8001	瞍	0	0	1	100.0000	
8002	胇	0	0	1	100.0000	
8003	伳	0	0	1	100.0000	
8004	窞	0	0	1	100.0000	
8005	巜	0	0	1	100.0000	
8006	踅	0	0	1	100.0000	
8007	棰	0	0	2	100.0000	
8008	臽	0	0	1	100.0000	
8009	蠵	0	0	1	100.0000	
8010	悒	0	0	1	100.0000	
8011	臧	0	0	5	100.0000	
8012	璩	0	0	1	100.0000	
8013	氆	0	0	1	100.0000	
8014	陿	0	0	1	100.0000	
8015	螣	0	0	1	100.0000	
8016	睌	0	0	1	100.0000	
8017	倻	0	0	1	100.0000	
8018	蠌	0	0	1	100.0000	
8019	姭	0	0	1	100.0000	
8020	莐	0	0	1	100.0000	
8021	醪	0	0	2	100.0000	
8022	囗	0	0	3	100.0000	
8023	簌	0	0	1	100.0000	
8024	渫	0	0	1	100.0000	
8025	瘘	0	0	3	100.0000	
8026	芾	0	0	2	100.0000	
8027	暁	0	0	1	100.0000	
8028	猄	0	0	2	100.0000	
8029	莆	0	0	3	100.0000	
8030	莛	0	0	1	100.0000	
8031	鲒	0	0	1	100.0000	
8032	圪	0	0	2	100.0000	
8033	乆	0	0	1	100.0000	
8034	蚺	0	0	1	100.0000	
8035	薽	0	0	1	100.0000	
8036	歆	0	0	4	100.0000	
8037	婧	0	0	3	100.0000	
8038	鰎	0	0	1	100.0000	
8039	暻	0	0	1	100.0000	
8040	珏	0	0	4	100.0000	
8041	郦	0	0	2	100.0000	
8042	鏬	0	0	1	100.0000	
8043	鲲	0	0	3	100.0000	
8044	跗	0	0	1	100.0000	
8045	檠	0	0	1	100.0000	
8046	肟	0	0	1	100.0000	
8047	喁	0	0	1	100.0000	
8048	鲾	0	0	1	100.0000	
8049	堳	0	0	1	100.0000	
8050	辔	0	0	1	100.0000	
8051	苡	0	0	2	100.0000	
8052	縏	0	0	1	100.0000	
8053	嚅	0	0	1	100.0000	
8054	圠	0	0	1	100.0000	
8055	艽	0	0	1	100.0000	
8056	袪	0	0	1	100.0000	
8057	牴	0	0	1	100.0000	
8058	蒬	0	0	1	100.0000	
8059	聮	0	0	1	100.0000	
8060	埤	0	0	3	100.0000	
8061	痵	0	0	1	100.0000	
8062	鼯	0	0	1	100.0000	
8063	嶚	0	0	1	100.0000	
8064	樗	0	0	1	100.0000	
8065	颟	0	0	1	100.0000	
8066	効	0	0	1	100.0000	
8067	楦	0	0	1	100.0000	
8068	篼	0	0	1	100.0000	
8069	巈	0	0	1	100.0000	
8070	歱	0	0	1	100.0000	
8071	騯	0	0	1	100.0000	
8072	鑛	0	0	1	100.0000	
8073	歬	0	0	1	100.0000	
8074	靤	0	0	1	100.0000	
8075	瀗	0	0	1	100.0000	
8076	韏	0	0	1	100.0000	
8077	磴	0	0	1	100.0000	
8078	裈	0	0	1	100.0000	
8079	讃	0	0	1	100.0000	
8080	敤	0	0	1	100.0000	
8081	楱	0	0	1	100.0000	
8082	歙	0	0	1	100.0000	
8083	鼰	0	0	1	100.0000	
8084	挔	0	0	1	100.0000	
8085	锴	0	0	1	100.0000	
8086	爫	0	0	1	100.0000	
8087	疰	0	0	1	100.0000	
8088	関	0	0	3	100.0000	
8089	砗	0	0	1	100.0000	
8090	磲	0	0	1	100.0000	
8091	枳	0	0	1	100.0000	
8092	蠺	0	0	1	100.0000	
8093	塥	0	0	1	100.0000	
8094	鴏	0	0	1	100.0000	
8095	逶	0	0	1	100.0000	
8096	迤	0	0	1	100.0000	
8097	蝥	0	0	1	100.0000	
8098	柝	0	0	1	100.0000	
8099	蔟	0	0	1	100.0000	
8100	鵘	0	0	1	100.0000	
8101	鵔	0	0	1	100.0000	
8102	浀	0	0	1	100.0000	
8103	伄	0	0	1	100.0000	
8104	冓	0	0	1	100.0000	
8105	侕	0	0	1	100.0000	
8106	栝	0	0	3	100.0000	
8107	忥	0	0	1	100.0000	
8108	凇	0	0	1	100.0000	
8109	奭	0	0	1	100.0000	
8110	臾	0	0	5	100.0000	
8111	瘖	0	0	1	100.0000	
8112	偰	0	0	1	100.0000	
8113	泧	0	0	1	100.0000	
8114	萰	0	0	1	100.0000	
8115	稃	0	0	1	100.0000	
8116	沂	0	0	1	100.0000	
8117	侺	0	0	1	100.0000	
8118	昳	0	0	1	100.0000	
8119	跍	0	0	1	100.0000	
8120	譀	0	0	1	100.0000	
8121	楖	0	0	1	100.0000	
8122	塬	0	0	1	100.0000	
8123	絉	0	0	1	100.0000	
8124	伿	0	0	1	100.0000	
8125	筇	0	0	2	100.0000	
8126	圊	0	0	1	100.0000	
8127	鬊	0	0	1	100.0000	
8128	郚	0	0	1	100.0000	
8129	葟	0	0	1	100.0000	
8130	镢	0	0	1	100.0000	
8131	轼	0	0	2	100.0000	
8132	丿	0	0	1	100.0000	
8133	堙	0	0	1	100.0000	
8134	铌	0	0	1	100.0000	
8135	抔	0	0	1	100.0000	
8136	昃	0	0	1	100.0000	
8137	豨	0	0	1	100.0000	
8138	掤	0	0	1	100.0000	
8139	牾	0	0	1	100.0000	
8140	嘠	0	0	1	100.0000	
8141	倧	0	0	1	100.0000	
8142	払	0	0	1	100.0000	
8143	跐	0	0	1	100.0000	
8144	溧	0	0	2	100.0000	
8145	齉	0	0	1	100.0000	
8146	喈	0	0	1	100.0000	
8147	淊	0	0	1	100.0000	
8148	槊	0	0	1	100.0000	
8149	獏	0	0	1	100.0000	
8150	惷	0	0	1	100.0000	
8151	屇	0	0	1	100.0000	
8152	軆	0	0	1	100.0000	
8153	矱	0	0	1	100.0000	
8154	偸	0	0	1	100.0000	
8155	氷	0	0	1	100.0000	
8156	栃	0	0	1	100.0000	
8157	燸	0	0	1	100.0000	
8158	掅	0	0	1	100.0000	
8159	恴	0	0	1	100.0000	
8160	黢	0	0	2	100.0000	
8161	霈	0	0	1	100.0000	
8162	穥	0	0	1	100.0000	
8163	佸	0	0	1	100.0000	
8164	雿	0	0	1	100.0000	
8165	蹇	0	0	1	100.0000	
8166	洃	0	0	1	100.0000	
8167	衁	0	0	1	100.0000	
8168	铈	0	0	1	100.0000	
8169	芎	0	0	2	100.0000	
8170	嗮	0	0	1	100.0000	
8171	剰	0	0	1	100.0000	
8172	杲	0	0	2	100.0000	
8173	祌	0	0	1	100.0000	
8174	柷	0	0	1	100.0000	
8175	窼	0	0	1	100.0000	
8176	筟	0	0	1	100.0000	
8177	踎	0	0	1	100.0000	
8178	愒	0	0	1	100.0000	
8179	铩	0	0	1	100.0000	
8180	迶	0	0	1	100.0000	
8181	庥	0	0	1	100.0000	
8182	垡	0	0	1	100.0000	
8183	槇	0	0	1	100.0000	
8184	徭	0	0	2	100.0000	
8185	盱	0	0	1	100.0000	
8186	轸	0	0	1	100.0000	
8187	櫺	0	0	2	100.0000	
8188	鯵	0	0	1	100.0000	
8189	晳	0	0	1	100.0000	
8190	疳	0	0	2	100.0000	
8191	葎	0	0	1	100.0000	
8192	焯	0	0	7	100.0000	
8193	姮	0	0	1	100.0000	
8194	稞	0	0	5	100.0000	
8195	雗	0	0	1	100.0000	
8196	镏	0	0	2	100.0000	
8197	诒	0	0	1	100.0000	
8198	鹀	0	0	1	100.0000	
8199	蕻	0	0	1	100.0000	
8200	荪	0	0	1	100.0000	
8201	薗	0	0	1	100.0000	
8202	鰯	0	0	1	100.0000	
8203	旒	0	0	1	100.0000	
8204	辤	0	0	1	100.0000	
8205	嬗	0	0	1	100.0000	
8206	骶	0	0	3	100.0000	
8207	酽	0	0	1	100.0000	
8208	璈	0	0	1	100.0000	
8209	萁	0	0	2	100.0000	
8210	訚	0	0	1	100.0000	
8211	詈	0	0	1	100.0000	
8212	邴	0	0	1	100.0000	
8213	僿	0	0	1	100.0000	
8214	犠	0	0	1	100.0000	
8215	雩	0	0	2	100.0000	
8216	鍝	0	0	1	100.0000	
8217	噃	0	0	1	100.0000	
8218	禇	0	0	1	100.0000	
8219	埆	0	0	1	100.0000	
8220	飧	0	0	1	100.0000	
8221	衏	0	0	1	100.0000	
8222	捤	0	0	1	100.0000	
8223	砭	0	0	3	100.0000	
8224	溲	0	0	1	100.0000	
8225	刞	0	0	1	100.0000	
8226	槄	0	0	1	100.0000	
8227	漥	0	0	1	100.0000	
8228	秣	0	0	3	100.0000	
8229	畂	0	0	1	100.0000	
8230	馸	0	0	1	100.0000	
8231	鉓	0	0	1	100.0000	
8232	栊	0	0	1	100.0000	
8233	酆	0	0	2	100.0000	
8234	汸	0	0	1	100.0000	
8235	梐	0	0	1	100.0000	
8236	暺	0	0	1	100.0000	
8237	墈	0	0	1	100.0000	
8238	酄	0	0	1	100.0000	
8239	鸻	0	0	1	100.0000	
8240	浥	0	0	1	100.0000	
8241	揠	0	0	1	100.0000	
8242	瞹	0	0	1	100.0000	
8243	儋	0	0	1	100.0000	
8244	徦	0	0	1	100.0000	
8245	嗌	0	0	1	100.0000	
8246	菹	0	0	1	100.0000	
8247	抐	0	0	1	100.0000	
8248	罬	0	0	1	100.0000	
8249	舲	0	0	1	100.0000	
8250	銡	0	0	1	100.0000	
8251	葙	0	0	1	100.0000	
8252	夀	0	0	1	100.0000	
8253	魃	0	0	1	100.0000	
8254	躭	0	0	1	100.0000	
8255	擕	0	0	1	100.0000	
8256	诂	0	0	3	100.0000	
8257	尅	0	0	1	100.0000	
8258	睩	0	0	1	100.0000	
8259	専	0	0	1	100.0000	
8260	廰	0	0	1	100.0000	
8261	脿	0	0	1	100.0000	
8262	扃	0	0	1	100.0000	
8263	瞐	0	0	1	100.0000	
8264	懮	0	0	1	100.0000	
8265	鏊	0	0	1	100.0000	
8266	峁	0	0	1	100.0000	
8267	楫	0	0	3	100.0000	
8268	葸	0	0	1	100.0000	
8269	犴	0	0	1	100.0000	
8270	痃	0	0	1	100.0000	
8271	儍	0	0	1	100.0000	
8272	塉	0	0	1	100.0000	
8273	雃	0	0	1	100.0000	
8274	禝	0	0	1	100.0000	
8275	螴	0	0	1	100.0000	
8276	灺	0	0	1	100.0000	
8277	呺	0	0	1	100.0000	
8278	箜	0	0	1	100.0000	
8279	篌	0	0	2	100.0000	
8280	齺	0	0	1	100.0000	
8281	坉	0	0	1	100.0000	
8282	疔	0	0	1	100.0000	
8283	矺	0	0	1	100.0000	
8284	屳	0	0	1	100.0000	
8285	颢	0	0	1	100.0000	
8286	瓺	0	0	1	100.0000	
8287	樨	0	0	1	100.0000	
8288	谽	0	0	1	100.0000	
8289	櫩	0	0	1	100.0000	
8290	樄	0	0	1	100.0000	
8291	纎	0	0	1	100.0000	
8292	晁	0	0	1	100.0000	
8293	慅	0	0	1	100.0000	
8294	帏	0	0	2	100.0000	
8295	堣	0	0	1	100.0000	
8296	悮	0	0	1	100.0000	
8297	寜	0	0	1	100.0000	
8298	咰	0	0	1	100.0000	
8299	涿	0	0	2	100.0000	
8300	刬	0	0	1	100.0000	
8301	橕	0	0	1	100.0000	
8302	帔	0	0	1	100.0000	
8303	惵	0	0	1	100.0000	
8304	唒	0	0	1	100.0000	
8305	圹	0	0	1	100.0000	
8306	粢	0	0	1	100.0000	
8307	繲	0	0	1	100.0000	
8308	吪	0	0	1	100.0000	
8309	鴢	0	0	1	100.0000	
8310	獚	0	0	1	100.0000	
8311	蚘	0	0	1	100.0000	
8312	扡	0	0	1	100.0000	
8313	宨	0	0	1	100.0000	
8314	峸	0	0	1	100.0000	
8315	敉	0	0	1	100.0000	
8316	赙	0	0	1	100.0000	
8317	赑	0	0	1	100.0000	
8318	聟	0	0	1	100.0000	
8319	蕚	0	0	1	100.0000	
8320	菘	0	0	1	100.0000	
8321	辧	0	0	1	100.0000	
8322	殗	0	0	1	100.0000	
8323	蹁	0	0	1	100.0000	
8324	跹	0	0	1	100.0000	
8325	劭	0	0	2	100.0000	
8326	囖	0	0	1	100.0000	
8327	煸	0	0	1	100.0000	
8328	懆	0	0	1	100.0000	
8329	縙	0	0	1	100.0000	
8330	跾	0	0	1	100.0000	
8331	掼	0	0	1	100.0000	
8332	剚	0	0	1	100.0000	
8333	昑	0	0	1	100.0000	
8334	罊	0	0	1	100.0000	
8335	膄	0	0	1	100.0000	
8336	牍	0	0	3	100.0000	
8337	勲	0	0	1	100.0000	
8338	笄	0	0	1	100.0000	
8339	蚑	0	0	1	100.0000	
8340	耺	0	0	1	100.0000	
8341	賌	0	0	1	100.0000	
8342	苕	0	0	2	100.0000	
8343	嬢	0	0	1	100.0000	
8344	骺	0	0	1	100.0000	
8345	愠	0	0	3	100.0000	
8346	肻	0	0	1	100.0000	
8347	腠	0	0	1	100.0000	
8348	蠓	0	0	1	100.0000	
8349	吚	0	0	1	100.0000	
8350	钌	0	0	1	100.0000	
8351	媟	0	0	1	100.0000	
8352	驺	0	0	1	100.0000	
8353	汍	0	0	1	100.0000	
8354	滘	0	0	1	100.0000	
8355	掦	0	0	1	100.0000	
8356	笽	0	0	1	100.0000	
8357	皴	0	0	1	100.0000	
8358	袐	0	0	1	100.0000	
8359	郐	0	0	1	100.0000	
8360	渇	0	0	1	100.0000	
8361	亁	0	0	1	100.0000	
8362	夌	0	0	1	100.0000	
8363	漟	0	0	1	100.0000	
8364	餥	0	0	1	100.0000	
8365	潄	0	0	1	100.0000	
8366	鹇	0	0	1	100.0000	
8367	絿	0	0	1	100.0000	
8368	飏	0	0	1	100.0000	
8369	鲴	0	0	1	100.0000	
8370	暽	0	0	1	100.0000	
8371	暥	0	0	1	100.0000	
8372	纴	0	0	1	100.0000	
8373	薖	0	0	1	100.0000	
8374	娗	0	0	1	100.0000	
8375	蠄	0	0	1	100.0000	
8376	蟧	0	0	1	100.0000	
8377	洳	0	0	1	100.0000	
8378	钺	0	0	5	100.0000	
8379	顼	0	0	1	100.0000	
8380	橪	0	0	1	100.0000	
8381	擳	0	0	1	100.0000	
8382	颀	0	0	2	100.0000	
8383	麺	0	0	1	100.0000	
8384	裵	0	0	1	100.0000	
8385	峷	0	0	1	100.0000	
8386	蔹	0	0	1	100.0000	
8387	笉	0	0	1	100.0000	
8388	炻	0	0	1	100.0000	
8389	兤	0	0	1	100.0000	
8390	泗	0	0	2	100.0000	
8391	麈	0	0	1	100.0000	
8392	牖	0	0	1	100.0000	
8393	扺	0	0	1	100.0000	
8394	戢	0	0	1	100.0000	
8395	拑	0	0	1	100.0000	
8396	谥	0	0	1	100.0000	
8397	礏	0	0	1	100.0000	
8398	翉	0	0	1	100.0000	
8399	秛	0	0	1	100.0000	
8400	禵	0	0	1	100.0000	
8401	僠	0	0	1	100.0000	
8402	佉	0	0	1	100.0000	
8403	喾	0	0	1	100.0000	
8404	仭	0	0	1	100.0000	
8405	忝	0	0	2	100.0000	
8406	伵	0	0	1	100.0000	
8407	伨	0	0	1	100.0000	
8408	岫	0	0	1	100.0000	
8409	蓠	0	0	2	100.0000	
8410	鑗	0	0	1	100.0000	
8411	稪	0	0	1	100.0000	
8412	藅	0	0	1	100.0000	
8413	掔	0	0	1	100.0000	
8414	铚	0	0	1	100.0000	
8415	肒	0	0	1	100.0000	
8416	荩	0	0	1	100.0000	
8417	焄	0	0	1	100.0000	
8418	梣	0	0	1	100.0000	
8419	鬏	0	0	1	100.0000	
8420	芀	0	0	1	100.0000	
8421	豜	0	0	1	100.0000	
8422	蔍	0	0	1	100.0000	
8423	痋	0	0	1	100.0000	
8424	觳	0	0	1	100.0000	
8425	嶕	0	0	1	100.0000	
8426	噍	0	0	1	100.0000	
8427	袗	0	0	1	100.0000	
8428	柁	0	0	1	100.0000	
8429	奷	0	0	1	100.0000	
8430	廍	0	0	1	100.0000	
8431	曋	0	0	1	100.0000	
8432	暡	0	0	1	100.0000	
8433	骞	0	0	2	100.0000	
8434	熝	0	0	1	100.0000	
8435	囿	0	0	1	100.0000	
8436	鈶	0	0	1	100.0000	
8437	敪	0	0	1	100.0000	
8438	鼐	0	0	1	100.0000	
8439	豽	0	0	1	100.0000	
8440	滮	0	0	1	100.0000	
8441	哓	0	0	1	100.0000	
8442	橐	0	0	1	100.0000	
8443	萚	0	0	1	100.0000	
8444	禖	0	0	1	100.0000	
8445	欋	0	0	1	100.0000	
8446	屚	0	0	1	100.0000	
8447	肰	0	0	1	100.0000	
8448	璮	0	0	1	100.0000	
8449	嗉	0	0	2	100.0000	
8450	柽	0	0	1	100.0000	
8451	纻	0	0	1	100.0000	
8452	菎	0	0	1	100.0000	
8453	郩	0	0	1	100.0000	
8454	匎	0	0	1	100.0000	
8455	峏	0	0	1	100.0000	
8456	貣	0	0	1	100.0000	
8457	怗	0	0	1	100.0000	
8458	橠	0	0	1	100.0000	
8459	蓾	0	0	1	100.0000	
8460	躐	0	0	1	100.0000	
8461	睄	0	0	1	100.0000	
8462	睘	0	0	1	100.0000	
8463	楜	0	0	1	100.0000	
8464	縂	0	0	1	100.0000	
8465	潋	0	0	1	100.0000	
8466	滟	0	0	1	100.0000	
8467	畨	0	0	1	100.0000	
8468	匦	0	0	1	100.0000	
8469	筜	0	0	1	100.0000	
8470	铑	0	0	1	100.0000	
8471	貃	0	0	1	100.0000	
8472	篞	0	0	1	100.0000	
8473	婇	0	0	1	100.0000	
8474	犳	0	0	1	100.0000	
8475	労	0	0	1	100.0000	
8476	礣	0	0	1	100.0000	
8477	矻	0	0	1	100.0000	
8478	腬	0	0	1	100.0000	
8479	巽	0	0	1	100.0000	
8480	峱	0	0	1	100.0000	
8481	樆	0	0	1	100.0000	
8482	褞	0	0	1	100.0000	
8483	瓴	0	0	1	100.0000	
8484	逓	0	0	1	100.0000	
8485	唅	0	0	1	100.0000	
8486	墁	0	0	1	100.0000	
8487	胋	0	0	1	100.0000	
8488	咍	0	0	1	100.0000	
8489	脞	0	0	1	100.0000	
8490	褙	0	0	1	100.0000	
8491	伓	0	0	1	100.0000	
8492	蓃	0	0	1	100.0000	
8493	綩	0	0	1	100.0000	
8494	隳	0	0	1	100.0000	
8495	桫	0	0	1	100.0000	
8496	阚	0	0	1	100.0000	
8497	祻	0	0	1	100.0000	
8498	佧	0	0	1	100.0000	
8499	迼	0	0	1	100.0000	
8500	盩	0	0	1	100.0000	
8501	嘡	0	0	1	100.0000	
8502	袑	0	0	1	100.0000	
8503	怋	0	0	1	100.0000	
8504	箃	0	0	1	100.0000	
8505	蟏	0	0	1	100.0000	
8506	柛	0	0	1	100.0000	
8507	蜮	0	0	1	100.0000	
8508	鬐	0	0	1	100.0000	
8509	旲	0	0	1	100.0000	
8510	塽	0	0	1	100.0000	
8511	茪	0	0	1	100.0000	
8512	眴	0	0	1	100.0000	
8513	濏	0	0	1	100.0000	
8514	昺	0	0	1	100.0000	
8515	牬	0	0	1	100.0000	
8516	婰	0	0	1	100.0000	
8517	涬	0	0	1	100.0000	
8518	莏	0	0	1	100.0000	
8519	墼	0	0	1	100.0000	
8520	逯	0	0	1	100.0000	
8521	鼙	0	0	1	100.0000	
8522	翾	0	0	3	100.0000	
8523	皾	0	0	1	100.0000	
8524	瘥	0	0	1	100.0000	
8525	镎	0	0	1	100.0000	
8526	緛	0	0	1	100.0000	
8527	瘵	0	0	1	100.0000	
8528	㴋	0	0	1	100.0000	
8529	吜	0	0	1	100.0000	
8530	梊	0	0	1	100.0000	
8531	偱	0	0	1	100.0000	
8532	锓	0	0	1	100.0000	
8533	縃	0	0	1	100.0000	
8534	鷏	0	0	1	100.0000	
8535	縄	0	0	1	100.0000	
8536	揟	0	0	1	100.0000	
8537	鬽	0	0	1	100.0000	
8538	閖	0	0	1	100.0000	
8539	摥	0	0	1	100.0000	
8540	粫	0	0	1	100.0000	
8541	兞	0	0	1	100.0000	
8542	笎	0	0	1	100.0000	
8543	螹	0	0	1	100.0000	
8544	裯	0	0	1	100.0000	
8545	鑚	0	0	1	100.0000	
8546	肜	0	0	1	100.0000	
8547	磢	0	0	1	100.0000	
8548	龤	0	0	1	100.0000	
8549	袷	0	0	1	100.0000	
8550	螀	0	0	1	100.0000	
8551	氝	0	0	1	100.0000	
8552	孈	0	0	1	100.0000	
8553	瓼	0	0	1	100.0000	
8554	眜	0	0	1	100.0000	
8555	聱	0	0	1	100.0000	
8556	圬	0	0	1	100.0000	
8557	殱	0	0	1	100.0000	
8558	絽	0	0	1	100.0000	
8559	帎	0	0	1	100.0000	
8560	迣	0	0	1	100.0000	
8561	祓	0	0	1	100.0000	
8562	狷	0	0	1	100.0000	
8563	吿	0	0	1	100.0000	
8564	嶵	0	0	1	100.0000	
8565	湳	0	0	1	100.0000	
8566	攐	0	0	1	100.0000	
8567	戋	0	0	1	100.0000	
8568	蔕	0	0	1	100.0000	
8569	炀	0	0	1	100.0000	
8570	媄	0	0	1	100.0000	
8571	咹	0	0	1	100.0000	
8572	鹁	0	0	1	100.0000	
8573	搛	0	0	1	100.0000	
8574	竏	0	0	1	100.0000	
8575	岏	0	0	1	100.0000	
8576	紥	0	0	1	100.0000	
8577	亻	0	0	1	100.0000	
8578	暾	0	0	1	100.0000	
8579	膦	0	0	1	100.0000	
8580	谌	0	0	1	100.0000	
8581	検	0	0	1	100.0000	
8582	樾	0	0	1	100.0000	
8583	蒌	0	0	1	100.0000	
8584	哬	0	0	1	100.0000	
8585	埛	0	0	1	100.0000	
8586	艵	0	0	1	100.0000	
8587	漹	0	0	1	100.0000	
8588	漷	0	0	1	100.0000	
8589	韟	0	0	1	100.0000	
8590	靌	0	0	1	100.0000	
8591	鷇	0	0	1	100.0000	
8592	鹎	0	0	1	100.0000	
8593	趐	0	0	1	100.0000	
8594	靘	0	0	1	100.0000	
8595	蒏	0	0	1	100.0000	
8596	歶	0	0	1	100.0000	
8597	鞚	0	0	1	100.0000	
8598	韕	0	0	1	100.0000	
8599	鞖	0	0	1	100.0000	
8600	鸀	0	0	1	100.0000	
8601	鑜	0	0	1	100.0000	
8602	瀞	0	0	1	100.0000	
8603	舋	0	0	1	100.0000	
8604	璻	0	0	1	100.0000	
8605	鳺	0	0	1	100.0000	
8606	矂	0	0	1	100.0000	
8607	哵	0	0	1	100.0000	
8608	梾	0	0	1	100.0000	
8609	蹾	0	0	1	100.0000	
8610	欬	0	0	1	100.0000	
8611	椐	0	0	1	100.0000	
8612	砙	0	0	1	100.0000	
8613	膲	0	0	1	100.0000	
8614	昦	0	0	1	100.0000	
8615	垞	0	0	1	100.0000	
8616	羂	0	0	1	100.0000	
8617	鄝	0	0	1	100.0000	
8618	輐	0	0	1	100.0000	
8619	鄚	0	0	1	100.0000	
8620	鋚	0	0	1	100.0000	
8621	膇	0	0	1	100.0000	
8622	鋘	0	0	1	100.0000	
8623	铘	0	0	1	100.0000	
8624	鋕	0	0	1	100.0000	
8625	蚍	0	0	1	100.0000	
8626	甇	0	0	1	100.0000	
8627	楡	0	0	1	100.0000	
8628	喿	0	0	1	100.0000	
8629	屘	0	0	1	100.0000	
8630	螵	0	0	1	100.0000	
8631	捊	0	0	1	100.0000	
8632	郠	0	0	1	100.0000	
8633	抌	0	0	1	100.0000	
8634	坵	0	0	1	100.0000	
8635	媊	0	0	1	100.0000	
8636	荈	0	0	1	100.0000	
8637	庛	0	0	1	100.0000	
8638	笮	0	0	1	100.0000	
8639	郕	0	0	1	100.0000	
8640	窴	0	0	1	100.0000	
8641	腒	0	0	1	100.0000	
8642	緽	0	0	1	100.0000	
8643	鑈	0	0	1	100.0000	
8644	邡	0	0	1	100.0000	
8645	県	0	0	1	100.0000	
8646	澙	0	0	1	100.0000	
8647	歴	0	0	1	100.0000	
8648	猱	0	0	1	100.0000	
8649	褚	0	0	1	100.0000	
8650	唗	0	0	1	100.0000	
8651	擿	0	0	1	100.0000	
8652	抮	0	0	1	100.0000	
8653	碲	0	0	1	100.0000	
8654	彍	0	0	1	100.0000	
8655	庳	0	0	1	100.0000	
8656	撖	0	0	1	100.0000	
8657	幯	0	0	1	100.0000	
8658	腘	0	0	1	100.0000	
8659	箁	0	0	1	100.0000	
8660	欵	0	0	1	100.0000	
8661	鲕	0	0	1	100.0000	
8662	顑	0	0	1	100.0000	
8663	馑	0	0	2	100.0000	
8664	酃	0	0	1	100.0000	
8665	髲	0	0	1	100.0000	
8666	魒	0	0	1	100.0000	
8667	僎	0	0	1	100.0000	
8668	恮	0	0	1	100.0000	
8669	蹅	0	0	1	100.0000	
8670	哤	0	0	1	100.0000	
8671	鴙	0	0	1	100.0000	
8672	崨	0	0	1	100.0000	
8673	塈	0	0	1	100.0000	
8674	祪	0	0	1	100.0000	
8675	褉	0	0	1	100.0000	
8676	硰	0	0	1	100.0000	
8677	虮	0	0	1	100.0000	
8678	刐	0	0	1	100.0000	
8679	秫	0	0	1	100.0000	
8680	桮	0	0	1	100.0000	
8681	渑	0	0	2	100.0000	
8682	嚿	0	0	1	100.0000	
8683	尙	0	0	1	100.0000	
8684	玕	0	0	1	100.0000	
8685	鸰	0	0	1	100.0000	
8686	祆	0	0	1	100.0000	
8687	啱	0	0	1	100.0000	
8688	瑹	0	0	1	100.0000	
8689	宄	0	0	1	100.0000	
8690	蕦	0	0	1	100.0000	
8691	勖	0	0	1	100.0000	
8692	霁	0	0	2	100.0000	
8693	澧	0	0	2	100.0000	
8694	糌	0	0	1	100.0000	
8695	潵	0	0	1	100.0000	
8696	鲥	0	0	1	100.0000	
8697	曣	0	0	1	100.0000	
8698	凃	0	0	1	100.0000	
8699	醾	0	0	1	100.0000	
8700	峒	0	0	1	100.0000	
8701	羿	0	0	1	100.0000	
8702	攰	0	0	1	100.0000	
8703	韡	0	0	1	100.0000	
8704	鳙	0	0	1	100.0000	
8705	蘽	0	0	1	100.0000	
8706	嚁	0	0	1	100.0000	
8707	嫈	0	0	1	100.0000	
8708	詨	0	0	1	100.0000	
8709	昲	0	0	1	100.0000	
8710	曀	0	0	1	100.0000	
8711	萭	0	0	1	100.0000	
8712	崌	0	0	1	100.0000	
8713	絇	0	0	1	100.0000	
8714	婩	0	0	1	100.0000	
8715	岓	0	0	1	100.0000	
8716	榱	0	0	1	100.0000	
8717	賥	0	0	1	100.0000	
8718	岋	0	0	1	100.0000	
8719	苧	0	0	1	100.0000	
8720	堄	0	0	1	100.0000	
8721	蘒	0	0	1	100.0000	
8722	歘	0	0	1	100.0000	
8723	莸	0	0	1	100.0000	
8724	耧	0	0	1	100.0000	
8725	苴	0	0	1	100.0000	
8726	侜	0	0	1	100.0000	
8727	埱	0	0	1	100.0000	
8728	晡	0	0	1	100.0000	
8729	褕	0	0	1	100.0000	
8730	砡	0	0	1	100.0000	
8731	狊	0	0	1	100.0000	
8732	曚	0	0	1	100.0000	
8733	馎	0	0	1	100.0000	
8734	鞳	0	0	1	100.0000	
8735	锸	0	0	1	100.0000	
8736	碀	0	0	1	100.0000	
8737	挓	0	0	1	100.0000	
8738	窔	0	0	1	100.0000	
8739	襢	0	0	1	100.0000	
8740	挀	0	0	1	100.0000	
8741	枌	0	0	1	100.0000	
8742	蝛	0	0	1	100.0000	
8743	偬	0	0	1	100.0000	
8744	媌	0	0	1	100.0000	
8745	翏	0	0	1	100.0000	
8746	瘐	0	0	1	100.0000	
8747	朓	0	0	1	100.0000	
8748	掑	0	0	1	100.0000	
8749	邽	0	0	1	100.0000	
8750	抏	0	0	1	100.0000	
8751	錔	0	0	1	100.0000	
8752	寱	0	0	1	100.0000	
8753	胙	0	0	1	100.0000	
8754	隈	0	0	1	100.0000	
8755	嚢	0	0	1	100.0000	
8756	踣	0	0	1	100.0000	
8757	簓	0	0	1	100.0000	
8758	藦	0	0	1	100.0000	
8759	挏	0	0	1	100.0000	
8760	蚨	0	0	1	100.0000	
8761	漇	0	0	1	100.0000	
8762	湝	0	0	1	100.0000	
8763	捔	0	0	1	100.0000	
8764	扚	0	0	1	100.0000	
8765	窉	0	0	1	100.0000	
8766	荓	0	0	1	100.0000	
8767	梫	0	0	1	100.0000	
8768	歓	0	0	1	100.0000	
8769	楪	0	0	1	100.0000	
8770	胍	0	0	1	100.0000	
8771	曛	0	0	1	100.0000	
8772	耠	0	0	1	100.0000	
8773	鴱	0	0	1	100.0000	
8774	哚	0	0	1	100.0000	
8775	榍	0	0	1	100.0000	
8776	蟐	0	0	1	100.0000	
8777	脘	0	0	1	100.0000	
8778	嶯	0	0	1	100.0000	
8779	淟	0	0	1	100.0000	
8780	菋	0	0	1	100.0000	
8781	眧	0	0	1	100.0000	
8782	鹆	0	0	1	100.0000	
8783	淄	0	0	1	100.0000	
8784	氶	0	0	1	100.0000	
8785	臞	0	0	1	100.0000	
8786	煓	0	0	1	100.0000	
8787	蒯	0	0	2	100.0000	
8788	伡	0	0	1	100.0000	
8789	喺	0	0	1	100.0000	
8790	邳	0	0	1	100.0000	
8791	薋	0	0	1	100.0000	
8792	萳	0	0	1	100.0000	
8793	錣	0	0	1	100.0000	
8794	眍	0	0	1	100.0000	
8795	躶	0	0	1	100.0000	
8796	嫛	0	0	1	100.0000	
8797	燘	0	0	1	100.0000	
8798	庌	0	0	1	100.0000	
8799	蚴	0	0	1	100.0000	
8800	蚙	0	0	1	100.0000	
8801	㩦	0	0	1	100.0000	
8802	漳	0	0	1	100.0000	
8803	莒	0	0	3	100.0000	
8804	隗	0	0	2	100.0000	
8805	灬	0	0	1	100.0000	
8806	莙	0	0	1	100.0000	
8807	牮	0	0	1	100.0000	
8808	揆	0	0	1	100.0000	
8809	畲	0	0	2	100.0000	
8810	逵	0	0	1	100.0000	
8811	膂	0	0	1	100.0000	
8812	禞	0	0	1	100.0000	
8813	苸	0	0	1	100.0000	
8814	筦	0	0	1	100.0000	
8815	脬	0	0	1	100.0000	
8816	沔	0	0	1	100.0000	
8817	翯	0	0	1	100.0000	
8818	豲	0	0	1	100.0000	
8819	铪	0	0	1	100.0000	
8820	蹜	0	0	1	100.0000	
8821	焾	0	0	1	100.0000	
8822	椘	0	0	1	100.0000	
8823	馿	0	0	1	100.0000	
8824	錧	0	0	1	100.0000	
8825	鎏	0	0	1	100.0000	
8826	捭	0	0	1	100.0000	
8827	睻	0	0	1	100.0000	
8828	蜛	0	0	1	100.0000	
8829	岙	0	0	1	100.0000	
8830	圏	0	0	1	100.0000	
8831	癛	0	0	1	100.0000	
8832	邶	0	0	1	100.0000	
8833	庬	0	0	1	100.0000	
8834	嫐	0	0	1	100.0000	
8835	膤	0	0	1	100.0000	
8836	搿	0	0	1	100.0000	
8837	赕	0	0	1	100.0000	
8838	罭	0	0	1	100.0000	
8839	缞	0	0	1	100.0000	
8840	笯	0	0	1	100.0000	
8841	穣	0	0	1	100.0000	
8842	疕	0	0	1	100.0000	
8843	眂	0	0	1	100.0000	
8844	篐	0	0	1	100.0000	
8845	曽	0	0	1	100.0000	
8846	怲	0	0	1	100.0000	
8847	艿	0	0	1	100.0000	
8848	雐	0	0	1	100.0000	
8849	転	0	0	1	100.0000	
8850	梡	0	0	1	100.0000	
8851	慝	0	0	1	100.0000	
8852	羓	0	0	1	100.0000	
8853	䍀	0	0	1	100.0000	
8854	揻	0	0	1	100.0000	
8855	揜	0	0	1	100.0000	
8856	猣	0	0	1	100.0000	
8857	璙	0	0	1	100.0000	
8858	糿	0	0	1	100.0000	
8859	筰	0	0	1	100.0000	
8860	辳	0	0	1	100.0000	
8861	羠	0	0	1	100.0000	
8862	凗	0	0	1	100.0000	
8863	礑	0	0	1	100.0000	
8864	爮	0	0	1	100.0000	
8865	鮧	0	0	1	100.0000	
8866	胹	0	0	1	100.0000	
8867	眆	0	0	1	100.0000	
8868	耝	0	0	1	100.0000	
8869	笏	0	0	1	100.0000	
8870	緎	0	0	1	100.0000	
8871	秓	0	0	1	100.0000	
8872	肧	0	0	1	100.0000	
8873	癅	0	0	1	100.0000	
8874	掻	0	0	1	100.0000	
8875	鬰	0	0	1	100.0000	
8876	裋	0	0	1	100.0000	
8877	羜	0	0	1	100.0000	
8878	掊	0	0	1	100.0000	
8879	礧	0	0	1	100.0000	
8880	舎	0	0	1	100.0000	
8881	痆	0	0	1	100.0000	
8882	縪	0	0	1	100.0000	
8883	斲	0	0	1	100.0000	
8884	鈭	0	0	1	100.0000	
8885	濇	0	0	1	100.0000	
8886	霙	0	0	4	100.0000	
8887	龋	0	0	1	100.0000	
8888	沶	0	0	1	100.0000	
8889	羍	0	0	1	100.0000	
8890	遶	0	0	1	100.0000	
8891	抆	0	0	1	100.0000	
8892	涔	0	0	1	100.0000	
8893	颉	0	0	1	100.0000	
8894	婠	0	0	1	100.0000	
8895	怚	0	0	1	100.0000	
8896	帠	0	0	1	100.0000	
8897	忔	0	0	1	100.0000	
8898	倮	0	0	1	100.0000	
8899	肫	0	0	1	100.0000	
8900	秮	0	0	1	100.0000	
8901	咢	0	0	1	100.0000	
8902	抟	0	0	1	100.0000	
8903	菀	0	0	1	100.0000	
8904	伻	0	0	1	100.0000	
8905	酠	0	0	1	100.0000	
8906	礰	0	0	1	100.0000	
8907	聑	0	0	1	100.0000	
8908	畀	0	0	1	100.0000	
8909	嶴	0	0	1	100.0000	
8910	藑	0	0	1	100.0000	
8911	絷	0	0	1	100.0000	
8912	糣	0	0	1	100.0000	
8913	芑	0	0	1	100.0000	
8914	稫	0	0	1	100.0000	
8915	玚	0	0	1	100.0000	
8916	踺	0	0	1	100.0000	
8917	搋	0	0	1	100.0000	
8918	莜	0	0	1	100.0000	
8919	腜	0	0	1	100.0000	
8920	蓥	0	0	1	100.0000	
8921	婜	0	0	1	100.0000	
8922	阃	0	0	1	100.0000	
8923	籰	0	0	1	100.0000	
8924	眚	0	0	1	100.0000	
8925	碥	0	0	1	100.0000	
8926	篚	0	0	1	100.0000	
8927	荅	0	0	1	100.0000	
8928	翪	0	0	1	100.0000	
8929	鮨	0	0	1	100.0000	
8930	篛	0	0	1	100.0000	
8931	襦	0	0	1	100.0000	
8932	蒘	0	0	1	100.0000	
8933	筅	0	0	1	100.0000	
8934	犾	0	0	1	100.0000	
8935	勹	0	0	1	100.0000	
8936	佾	0	0	1	100.0000	
8937	栲	0	0	1	100.0000	
8938	仂	0	0	1	100.0000	
8939	癀	0	0	1	100.0000	
8940	奵	0	0	1	100.0000	
8941	傩	0	0	1	100.0000	
8942	戸	0	0	1	100.0000	
8943	匸	0	0	1	100.0000	
8944	肼	0	0	1	100.0000	
8945	枠	0	0	1	100.0000	
8946	赒	0	0	1	100.0000	
8947	糍	0	0	1	100.0000	
8948	䜣	0	0	1	100.0000	
8949	蝷	0	0	1	100.0000	
8950	俽	0	0	1	100.0000	
8951	鴫	0	0	1	100.0000	
8952	鑝	0	0	1	100.0000	
8953	鹟	0	0	1	100.0000	
8954	脇	0	0	1	100.0000	
8955	吲	0	0	1	100.0000	
8956	躙	0	0	1	100.0000	
8957	氅	0	0	1	100.0000	
8958	仞	0	0	1	100.0000	
8959	嗍	0	0	1	100.0000	
8960	碄	0	0	1	100.0000	
8961	皕	0	0	1	100.0000	
8962	丳	0	0	1	100.0000	
8963	蛘	0	0	1	100.0000	
8964	畯	0	0	1	100.0000	
8965	踃	0	0	1	100.0000	
8966	臝	0	0	1	100.0000	
8967	韽	0	0	1	100.0000	
8968	簄	0	0	1	100.0000	
8969	鉨	0	0	1	100.0000	
8970	鈙	0	0	1	100.0000	
8971	蝜	0	0	1	100.0000	
8972	鉪	0	0	1	100.0000	
8973	蝘	0	0	1	100.0000	
8974	恂	0	0	1	100.0000	
8975	踨	0	0	1	100.0000	
8976	秕	0	0	1	100.0000	
8977	铗	0	0	1	100.0000	
8978	従	0	0	1	100.0000	
8979	巇	0	0	1	100.0000	
8980	憷	0	0	1	100.0000	
8981	骈	0	0	1	100.0000	
8982	凼	0	0	1	100.0000	
8983	墦	0	0	1	100.0000	
8984	湼	0	0	1	100.0000	
8985	醯	0	0	1	100.0000	
8986	蘕	0	0	1	100.0000	
8987	狆	0	0	1	100.0000	
8988	贳	0	0	1	100.0000	
