rank	char	score_token	score_uniform	uniq_words	cum_pct	hsk_char_level
1	我	6072061	6072060	6313	6.9915	HSK1
2	的	5183187	5183187	1659	12.9595	HSK1
3	你	4668867	4668867	1889	18.3354	HSK1
4	是	3392246	3353078	3366	22.2413	HSK1
5	了	2867576	2867574	1092	25.5431	HSK1
6	不	2277764	2275066	10642	28.1657	HSK1
7	们	1750150	1750150	526	30.1809	HSK1
8	他	1615167	1615167	1878	32.0406	HSK1
9	这	1597584	1597584	2822	33.8801	HSK1
10	在	1579613	1579611	2267	35.6989	HSK1
11	有	1384528	1364987	6776	37.2931	HSK1
12	么	1355301	1355301	232	38.8536	HSK1
13	一	1219314	1219057	9372	40.2576	HSK1
14	要	1069859	1069859	4125	41.4894	HSK1
15	好	1018494	994251	3253	42.6622	HSK1
16	个	963790	963731	2479	43.7719	HSK1
17	就	918217	918217	1192	44.8291	HSK1
18	什	855640	855640	1508	45.8144	HSK1
19	那	838234	838234	4441	46.7795	HSK1
20	吗	832086	832086	38	47.7376	HSK1
21	来	790893	790824	5867	48.6482	HSK1
22	会	706050	706049	6535	49.4612	HSK1
23	没	691309	691281	1999	50.2572	HSK1
24	人	679681	678841	9952	51.0398	HSK1
25	吧	671450	671450	244	51.8129	HSK1
26	到	657256	657248	3479	52.5697	HSK1
27	去	639184	639168	3517	53.3057	HSK1
28	说	602678	602607	2072	53.9996	HSK1
29	她	582562	582562	153	54.6704	HSK1
30	想	571794	564834	2830	55.3288	HSK1
31	道	567055	567055	1644	55.9817	HSK1
32	知	554353	553537	828	56.6200	HSK1
33	都	546156	546156	916	57.2488	HSK1
34	很	543857	543819	1239	57.8750	HSK1
35	能	541102	541102	2993	58.4981	HSK1
36	看	532809	453450	2070	59.1116	HSK1
37	为	515654	515628	1919	59.7053	HSK2
38	可	513137	512750	3171	60.2961	HSK2
39	以	486780	486780	2374	60.8566	HSK2
40	也	483881	483881	320	61.4138	HSK1
41	还	462185	462185	645	61.9459	HSK1
42	啊	446487	446475	112	62.4600	HSK2
43	里	422481	422481	3259	62.9465	HSK1
44	对	407281	407281	1870	63.4154	HSK1
45	样	388125	388122	476	63.8623	HSK1
46	得	385174	385174	4285	64.3058	HSK1
47	和	364458	364458	2962	64.7255	HSK1
48	上	359164	359161	4511	65.1390	HSK1
49	事	356667	356642	2453	65.5497	HSK1
50	把	349418	349418	604	65.9520	HSK3
51	做	331136	331120	1268	66.3333	HSK1
52	怎	326641	326641	522	66.7094	HSK1
53	真	321897	321895	2825	67.0801	HSK1
54	过	317798	317798	3314	67.4460	HSK1
55	但	312627	312627	1143	67.8059	HSK2
56	只	304463	304463	1108	68.1565	HSK2
57	给	303289	303289	902	68.5057	HSK1
58	让	286589	286589	284	68.8357	HSK2
59	现	281163	281163	509	69.1594	HSK1
60	生	280110	280064	3661	69.4820	HSK1
61	谢	265931	139375	559	69.7882	HSK1
62	起	259884	259884	2172	70.0874	HSK1
63	走	253651	253219	951	70.3795	HSK1
64	时	253617	253595	2310	70.6715	HSK1
65	下	253394	253381	3691	70.9632	HSK1
66	呢	252127	252127	118	71.2535	HSK1
67	如	243712	243712	1398	71.5342	HSK2
68	跟	238314	238314	1291	71.8086	HSK1
69	些	229483	229483	1214	72.0728	HSK1
70	天	227704	227238	2710	72.3350	HSK1
71	快	217035	216914	1691	72.5849	HSK1
72	点	212211	210998	2473	72.8292	HSK1
73	开	209735	209729	2065	73.0707	HSK1
74	着	207644	207644	993	73.3098	HSK1
75	多	206413	206289	5441	73.5475	HSK1
76	它	205806	205806	569	73.7844	HSK2
77	再	204894	204894	1341	74.0204	HSK1
78	果	201464	201464	817	74.2523	HSK1
79	所	196455	196384	1556	74.4785	HSK2
80	被	191402	191402	607	74.6989	HSK3
81	后	191329	191329	1577	74.9192	HSK1
82	回	191117	191115	2352	75.1393	HSK1
83	自	189018	188984	2066	75.3569	HSK2
84	等	188960	153874	515	75.5745	HSK1
85	找	187086	187062	1560	75.7899	HSK1
86	别	184549	184543	1835	76.0024	HSK1
87	子	180728	180728	4927	76.2105	HSK1
88	家	175821	175818	4263	76.4129	HSK1
89	先	174980	174980	2024	76.6144	HSK1
90	该	174429	174414	657	76.8153	HSK2
91	然	173941	173936	1742	77.0155	HSK2
92	大	168410	168340	8280	77.2094	HSK1
93	像	167144	167134	974	77.4019	HSK2
94	听	164538	163047	631	77.5913	HSK1
95	己	163631	163631	347	77.7798	HSK2
96	已	160116	160116	1082	77.9641	HSK2
97	谁	158699	158699	81	78.1468	HSK1
98	出	155014	155011	3909	78.3253	HSK1
99	定	152005	152005	1346	78.5004	HSK2
100	当	151832	151831	1866	78.6752	HSK2
101	最	151501	151494	1537	78.8496	HSK1
102	话	151102	151099	664	79.0236	HSK1
103	告	150178	150178	799	79.1965	HSK1
104	用	149237	149236	3153	79.3684	HSK1
105	经	148882	148882	758	79.5398	HSK2
106	妈	147009	99525	552	79.7090	HSK1
107	死	146659	146657	2282	79.8779	HSK3
108	因	146374	146374	995	80.0465	HSK2
109	哪	145323	145323	644	80.2138	HSK1
110	诉	139672	139672	155	80.3746	HSK1
111	小	138398	137870	6406	80.5340	HSK1
112	见	135495	134909	1044	80.6900	HSK1
113	觉	134358	134358	243	80.8447	HSK1
114	叫	133278	133278	2194	80.9981	HSK1
115	意	131373	131373	1262	81.1494	HSK2
116	而	126939	126939	1908	81.2956	HSK2
117	欢	124032	124032	250	81.4384	HSK1
118	问	123323	121916	899	81.5804	HSK1
119	地	122361	122361	3430	81.7213	HSK1
120	从	121733	121733	1325	81.8614	HSK1
121	又	121202	121202	291	82.0010	HSK2
122	才	120652	120652	1286	82.1399	HSK2
123	喜	118343	118314	655	82.2762	HSK1
124	孩	117389	117389	146	82.4113	HSK1
125	前	116282	116282	2072	82.5452	HSK1
126	需	115435	115432	316	82.6781	HSK3
127	打	113811	113805	1991	82.8092	HSK1
128	明	113297	112506	1801	82.9396	HSK1
129	爸	109840	60491	415	83.0661	HSK1
130	儿	109025	109025	1756	83.1916	HSK1
131	请	107565	107565	775	83.3155	HSK1
132	西	106663	106652	3383	83.4383	HSK1
133	太	106376	99103	4252	83.5608	HSK1
134	候	105012	105012	388	83.6817	HSK1
135	东	103009	102996	1138	83.8003	HSK1
136	心	102924	102920	2770	83.9188	HSK2
137	今	102311	102311	314	84.0366	HSK1
138	应	102125	102124	603	84.1542	HSK2
139	发	101807	101807	1680	84.2714	HSK2
140	爱	100466	100462	2294	84.3871	HSK1
141	女	98951	98951	1502	84.5010	HSK1
142	方	98425	98425	1377	84.6144	HSK1
143	帮	94329	93321	1046	84.7230	HSK1
144	干	93089	93085	1322	84.8302	HSK1
145	次	91888	91885	811	84.9360	HSK1
146	错	91288	91268	649	85.0411	HSK1
147	吃	91223	91223	874	85.1461	HSK1
148	行	90723	90433	2756	85.2506	HSK1
149	哦	88885	88883	17	85.3529	HSK7-9
150	情	88796	88796	1364	85.4552	HSK2
151	拿	88272	88272	1482	85.5568	HSK1
152	中	87256	87256	3572	85.6573	HSK1
153	作	86913	86913	1982	85.7573	HSK1
154	间	86291	86291	777	85.8567	HSK1
155	认	86076	86076	338	85.9558	HSK1
156	直	85623	85622	834	86.0544	HSK2
157	之	82165	82165	4615	86.1490	HSK4
158	面	79847	79813	2305	86.2409	HSK1
159	信	78837	78750	1296	86.3317	HSK2
160	何	78382	78378	938	86.4220	HSK3
161	题	78047	78047	240	86.5118	HSK2
162	友	77412	77412	586	86.6010	HSK1
163	始	76337	76337	378	86.6889	HSK3
164	正	76231	76227	1931	86.7766	HSK1
165	朋	75834	75834	208	86.8640	HSK1
166	望	73015	73015	483	86.9480	HSK3
167	相	71828	71826	1273	87.0307	HSK2
168	工	70997	70997	1384	87.1125	HSK1
169	更	69350	69350	737	87.1923	HSK2
170	白	68540	68501	1992	87.2712	HSK1
171	种	68190	68172	604	87.3498	HSK3
172	希	68188	68188	1288	87.4283	HSK3
173	晚	67370	67370	524	87.5058	HSK1
174	成	67333	67333	3136	87.5834	HSK2
175	离	66563	66563	852	87.6600	HSK2
176	带	66347	66347	1597	87.7364	HSK2
177	常	63604	62962	1560	87.8096	HSK1
178	感	63123	63123	828	87.8823	HSK2
179	思	63046	63046	1154	87.9549	HSK2
180	呀	62193	62190	233	88.0265	HSK4
181	将	61953	61953	522	88.0979	HSK3
182	比	61497	61495	3431	88.1687	HSK1
183	进	61485	61482	1628	88.2395	HSK1
184	放	61367	61367	2236	88.3101	HSK1
185	年	60851	60848	1544	88.3802	HSK1
186	啦	60350	60343	160	88.4497	HSK6
187	法	60120	60120	2630	88.5189	HSK2
188	全	59837	59810	2000	88.5878	HSK2
189	住	57383	57383	1098	88.6539	HSK1
190	亲	57371	57330	541	88.7199	HSK3
191	准	57089	57089	537	88.7857	HSK1
192	许	56691	56690	421	88.8509	HSK2
193	非	56202	56201	932	88.9157	HSK1
194	切	56128	56128	916	88.9803	HSK3
195	钱	56032	56032	768	89.0448	HSK1
196	必	55509	55509	587	89.1087	HSK2
197	嘛	55247	55247	512	89.1723	HSK6
198	杀	55078	55077	734	89.2357	HSK5
199	完	54981	54968	991	89.2990	HSK2
200	其	54103	54102	1123	89.3613	HSK2
201	或	54056	54053	670	89.4236	HSK2
202	您	52848	52848	80	89.4844	HSK1
203	备	52659	52659	350	89.5451	HSK1
204	记	52356	52356	642	89.6054	HSK1
205	关	52265	52265	966	89.6655	HSK1
206	任	52136	52136	735	89.7256	HSK3
207	嗯	51490	51490	1	89.7848	
208	抱	50757	50687	234	89.8433	HSK4
209	老	50429	50417	2571	89.9014	HSK1
210	歉	50405	50405	40	89.9594	HSK6
211	电	49836	49836	1088	90.0168	HSK1
212	嘿	49397	49297	278	90.0737	HSK7-9
213	两	48407	48407	1272	90.1294	HSK1
214	活	48166	48153	1292	90.1848	HSK2
215	少	47711	47710	1192	90.2398	HSK1
216	名	47323	47323	1650	90.2943	HSK1
217	须	45809	45809	175	90.3470	HSK2
218	办	45577	45577	395	90.3995	HSK2
219	字	44477	44477	847	90.4507	HSK1
220	重	44172	44156	1404	90.5016	HSK1
221	实	44131	44102	647	90.5524	HSK2
222	男	43058	43058	554	90.6020	HSK1
223	刚	42625	33234	866	90.6510	HSK2
224	并	42341	42341	236	90.6998	HSK3
225	新	41757	41756	2144	90.7479	HSK1
226	边	41546	41546	784	90.7957	HSK1
227	向	41468	41468	1122	90.8435	HSK2
228	高	41255	41239	2605	90.8910	HSK1
229	于	40784	40784	1270	90.9379	HSK2
230	解	40513	40513	836	90.9846	HSK3
231	手	40481	40478	2571	91.0312	HSK1
232	世	38919	38918	972	91.0760	HSK3
233	安	38531	38528	3396	91.1204	HSK2
234	玩	38040	37762	1033	91.1642	HSK1
235	结	37903	37903	602	91.2078	HSK2
236	每	37846	37840	583	91.2514	HSK3
237	本	37821	37821	1959	91.2949	HSK1
238	伙	37435	37435	353	91.3380	HSK4
239	且	37379	37379	179	91.3811	HSK2
240	坐	37119	37078	531	91.4238	HSK1
241	与	36680	36680	253	91.4660	HSK4
242	喂	36279	36190	79	91.5078	HSK2
243	算	36000	35981	1149	91.5493	HSK2
244	变	35725	35725	934	91.5904	HSK2
245	跑	35666	35656	368	91.6315	HSK1
246	界	35432	35432	595	91.6723	HSK3
247	接	35237	35237	1344	91.7128	HSK2
248	底	34410	34409	590	91.7525	HSK3
249	受	34026	34026	972	91.7916	HSK2
250	识	34014	34014	296	91.8308	HSK1
251	马	33958	33956	3296	91.8699	HSK1
252	們	33919	33919	785	91.9090	
253	保	33883	33883	1425	91.9480	HSK3
254	美	33710	33707	2908	91.9868	HSK3
255	兴	33434	33433	326	92.0253	HSK1
256	怕	32860	32855	270	92.0631	HSK2
257	担	32435	32435	177	92.1005	HSK4
258	同	32337	32336	1481	92.1377	HSK1
259	位	32297	32297	913	92.1749	HSK2
260	国	32121	32121	1766	92.2119	HSK1
261	车	31954	31954	1789	92.2487	HSK1
262	机	31751	31751	1510	92.2852	HSK1
263	确	31681	31681	166	92.3217	HSK2
264	身	31619	31619	1371	92.3581	HSK1
265	姐	31608	28196	704	92.3945	HSK1
266	无	31141	31095	2044	92.4304	HSK4
267	件	30609	30609	594	92.4656	HSK2
268	早	30556	30552	748	92.5008	HSK1
269	害	30376	30376	598	92.5358	HSK3
270	续	30000	29999	138	92.5703	HSK3
271	系	29840	29840	1354	92.6047	HSK1
272	够	29481	29466	669	92.6386	HSK2
273	管	29480	29477	1192	92.6725	HSK3
274	继	29314	29314	148	92.7063	HSK3
275	动	29115	29101	1444	92.7398	HSK1
276	远	28794	28672	739	92.7730	HSK1
277	肯	28676	28675	766	92.8060	HSK5
278	嗨	28597	28597	3	92.8389	
279	谈	28429	19585	691	92.8717	HSK3
280	此	28334	28299	1020	92.9043	HSK3
281	房	28083	28083	891	92.9366	HSK1
282	父	28067	28067	471	92.9689	HSK3
283	计	27750	27750	575	93.0009	HSK2
284	警	27650	27650	825	93.0327	HSK3
285	送	27513	27513	1001	93.0644	HSK1
286	月	27347	27347	598	93.0959	HSK1
287	总	27048	27048	715	93.1270	HSK3
288	喝	26983	26981	480	93.1581	HSK1
289	笑	26398	26364	521	93.1885	HSK1
290	這	26146	26146	4886	93.2186	
291	理	25994	25994	1613	93.2485	HSK2
292	至	25831	25831	566	93.2783	HSK3
293	外	25416	25416	1379	93.3075	HSK1
294	失	25173	25173	650	93.3365	HSK3
295	命	25076	25076	925	93.3654	HSK3
296	决	25065	25065	258	93.3943	HSK3
297	由	24936	24936	1056	93.4230	HSK2
298	第	24750	24750	1165	93.4515	HSK1
299	留	24745	24745	760	93.4800	HSK2
300	却	24582	24582	134	93.5083	HSK4
301	者	24432	24432	2178	93.5364	HSK2
302	噢	24333	24333	3	93.5644	
303	蛋	24162	24094	570	93.5922	HSK1
304	搞	24153	24152	195	93.6200	HSK5
305	加	24149	24149	2684	93.6478	HSK2
306	求	24102	21254	717	93.6756	HSK2
307	公	24048	24033	1503	93.7033	HSK2
308	买	24045	24045	721	93.7310	HSK1
309	忙	23906	23904	272	93.7585	HSK1
310	睡	23857	23857	409	93.7860	HSK1
311	医	23716	23716	352	93.8133	HSK1
312	几	23712	23712	948	93.8406	HSK1
313	永	23627	23626	965	93.8678	HSK2
314	穿	23578	23578	532	93.8949	HSK1
315	力	23405	23405	1937	93.9219	HSK2
316	分	23335	23335	1897	93.9487	HSK1
317	清	23259	23251	970	93.9755	HSK2
318	麼	22446	22446	1697	94.0014	
319	服	22434	22432	804	94.0272	HSK1
320	根	22258	22258	1217	94.0528	HSK3
321	学	22124	22100	1835	94.0783	HSK1
322	原	22090	22090	827	94.1037	HSK2
323	长	22089	22078	1816	94.1292	HSK2
324	帝	21970	21970	846	94.1545	HSK6
325	难	21791	21791	847	94.1796	HSK1
326	站	21790	21790	567	94.2047	HSK1
327	停	21507	21501	474	94.2294	HSK2
328	拜	21483	20673	475	94.2542	HSK5
329	忘	21478	21478	246	94.2789	HSK1
330	抓	21297	21297	408	94.3034	HSK3
331	近	21231	21231	571	94.3279	HSK2
332	照	20944	20943	1012	94.3520	HSK2
333	疯	20874	20871	228	94.3760	HSK5
334	弟	20843	18375	335	94.4000	HSK1
335	亮	20730	20728	426	94.4239	HSK2
336	楚	20713	20704	279	94.4477	HSK2
337	懂	20535	20508	255	94.4714	HSK2
338	救	20466	19717	894	94.4949	HSK3
339	写	20238	20237	484	94.5182	HSK1
340	证	20232	20232	406	94.5415	HSK3
341	漂	20034	20032	113	94.5646	HSK2
342	察	19857	19857	554	94.5875	HSK3
343	处	19575	19565	798	94.6100	HSK2
344	束	19495	19495	251	94.6324	HSK3
345	兄	19042	19042	344	94.6544	HSK4
346	况	18871	18871	124	94.6761	HSK3
347	部	18769	18769	1614	94.6977	HSK2
348	使	18643	18643	547	94.7192	HSK2
349	三	18632	18631	3049	94.7406	HSK1
350	号	18621	18621	661	94.7621	HSK1
351	弄	18472	18471	525	94.7833	HSK2
352	怪	18388	18254	626	94.8045	HSK3
353	個	18379	18378	2689	94.8257	
354	息	18362	18361	401	94.8468	HSK1
355	久	18286	18268	577	94.8679	HSK2
356	混	18262	18219	341	94.8889	HSK6
357	头	18140	18131	1800	94.9098	HSK2
358	來	18102	18099	3335	94.9306	
359	特	17886	17885	4785	94.9512	HSK2
360	另	17673	17673	160	94.9716	HSK3
361	愿	17568	17549	397	94.9918	HSK2
362	否	17483	17483	193	95.0119	HSK3
363	掉	17421	17421	606	95.0320	HSK2
364	烦	17360	17359	217	95.0520	HSK3
365	托	17288	17287	1532	95.0719	HSK5
366	嗎	17121	17121	144	95.0916	
367	麻	16960	16960	613	95.1111	HSK3
368	待	16950	16950	744	95.1306	HSK3
369	试	16950	11840	593	95.1502	HSK1
370	注	16875	16875	277	95.1696	HSK3
371	曾	16851	16851	296	95.1890	HSK3
372	日	16659	16646	1402	95.2082	HSK1
373	答	16577	16577	312	95.2273	HSK1
374	表	15916	15916	1229	95.2456	HSK2
375	持	15846	15846	401	95.2638	HSK3
376	母	15680	15680	620	95.2819	HSK3
377	通	15611	15563	1321	95.2999	HSK2
378	唯	15583	15583	142	95.3178	HSK5
379	音	15439	15439	1016	95.3356	HSK2
380	主	15435	15434	2043	95.3533	HSK2
381	消	15361	15360	384	95.3710	HSK3
382	士	15336	15336	1302	95.3887	HSK4
383	路	15290	15290	1895	95.4063	HSK1
384	连	15269	15267	1529	95.4239	HSK3
385	枪	15204	15204	767	95.4414	HSK5
386	夫	15023	15023	2062	95.4587	HSK3
387	宝	15002	14378	892	95.4760	HSK4
388	物	14989	14989	1601	95.4932	HSK2
389	整	14772	14568	705	95.5102	HSK3
390	衣	14707	14707	639	95.5272	HSK1
391	助	14613	14613	547	95.5440	HSK2
392	奇	14605	14604	1843	95.5608	HSK3
393	绝	14487	14487	354	95.5775	HSK3
394	伤	14411	14411	542	95.5941	HSK3
395	入	14400	14400	1431	95.6107	HSK2
396	除	14319	14319	337	95.6271	HSK3
397	收	14296	14296	1080	95.6436	HSK2
398	简	14159	14158	270	95.6599	HSK3
399	眼	14141	14140	1116	95.6762	HSK2
400	說	14093	14093	877	95.6924	
401	体	14058	14058	952	95.7086	HSK1
402	声	13961	13960	851	95.7247	HSK2
403	气	13843	13843	1267	95.7406	HSK1
404	贝	13835	13832	1549	95.7565	HSK4
405	改	13814	13812	598	95.7725	HSK2
406	划	13785	13785	364	95.7883	HSK2
407	棒	13730	13722	292	95.8041	HSK5
408	故	13718	13718	263	95.8199	HSK2
409	嘴	13536	13536	426	95.8355	HSK2
410	甚	13476	13476	128	95.8510	HSK4
411	讲	13463	13391	342	95.8665	HSK2
412	乐	13422	13419	1170	95.8820	HSK2
413	选	13317	13317	717	95.8973	HSK2
414	婚	13087	13087	439	95.9124	HSK3
415	沒	13028	13028	2187	95.9274	
416	哥	13004	8676	1929	95.9424	HSK1
417	场	13000	13000	1001	95.9573	HSK1
418	约	12985	12985	495	95.9723	HSK3
419	倒	12929	12929	675	95.9872	HSK2
420	门	12904	12904	1429	96.0020	HSK1
421	静	12885	12854	454	96.0169	HSK2
422	酒	12740	12740	1131	96.0315	HSK2
423	官	12720	12720	840	96.0462	HSK4
424	便	12693	12689	426	96.0608	HSK2
425	止	12672	12672	296	96.0754	HSK3
426	司	12602	12602	772	96.0899	HSK2
427	查	12554	12453	1348	96.1044	HSK2
428	险	12220	12220	273	96.1184	HSK3
429	會	12173	12165	5379	96.1324	
430	闭	12143	12143	173	96.1464	HSK4
431	乎	12119	12116	228	96.1604	HSK4
432	目	11973	11973	728	96.1742	HSK2
433	易	11955	11955	558	96.1879	HSK3
434	跳	11892	11887	466	96.2016	HSK3
435	迎	11878	11878	209	96.2153	HSK2
436	张	11866	11866	950	96.2290	HSK3
437	功	11768	11768	473	96.2425	HSK3
438	各	11724	11653	500	96.2560	HSK3
439	靠	11616	11616	349	96.2694	HSK2
440	单	11577	11550	696	96.2827	HSK2
441	昨	11555	11555	36	96.2960	HSK1
442	护	11480	11480	482	96.3092	HSK2
443	片	11376	11376	892	96.3223	HSK2
444	趣	11261	11261	194	96.3353	HSK4
445	提	11113	11113	1565	96.3481	HSK2
446	虽	11019	11019	108	96.3608	HSK2
447	幸	10915	10914	335	96.3733	HSK3
448	反	10901	10901	856	96.3859	HSK3
449	睛	10859	10859	49	96.3984	HSK2
450	择	10850	10850	88	96.4109	HSK4
451	危	10812	10812	195	96.4233	HSK3
452	容	10803	10803	467	96.4358	HSK3
453	克	10796	10738	5651	96.4482	HSK2
454	讨	10743	10743	191	96.4606	HSK2
455	教	10739	10712	1423	96.4730	HSK1
456	為	10651	10651	1116	96.4852	
457	交	10414	10414	1357	96.4972	HSK2
458	神	10408	10407	1923	96.5092	HSK3
459	合	10363	10361	1407	96.5211	HSK2
460	敢	10299	10289	248	96.5330	HSK3
461	制	10292	10292	941	96.5448	HSK3
462	利	10247	10247	3450	96.5566	HSK2
463	内	10085	10085	1377	96.5682	HSK3
464	令	10083	10083	892	96.5799	HSK5
465	喔	10082	10082	2	96.5915	
466	影	10081	10081	812	96.6031	HSK1
467	拉	10062	10041	4360	96.6147	HSK2
468	报	10030	10030	727	96.6262	HSK2
469	运	10020	10020	647	96.6377	HSK2
470	份	9955	9955	487	96.6492	HSK2
471	随	9942	9931	296	96.6606	HSK2
472	终	9892	9892	258	96.6720	HSK3
473	派	9873	9873	941	96.6834	HSK3
474	轻	9860	9762	841	96.6948	HSK2
475	冷	9793	9793	547	96.7060	HSK1
476	鬼	9776	9765	752	96.7173	HSK5
477	哇	9754	9751	107	96.7285	HSK6
478	参	9749	9749	253	96.7397	HSK2
479	狗	9722	9594	895	96.7509	HSK2
480	猜	9686	9374	210	96.7621	HSK5
481	条	9623	9623	859	96.7732	HSK1
482	紧	9601	9523	409	96.7842	HSK3
483	校	9529	9529	617	96.7952	HSK1
484	糟	9445	9442	145	96.8061	HSK5
485	岁	9381	9381	281	96.8169	HSK1
486	顾	9346	9346	234	96.8276	HSK2
487	式	9322	9322	832	96.8384	HSK3
488	挺	9266	9266	473	96.8490	HSK2
489	替	9176	9176	534	96.8596	HSK4
490	师	9035	9035	669	96.8700	HSK1
491	期	8925	8925	770	96.8803	HSK1
492	差	8899	8899	635	96.8905	HSK1
493	厌	8841	8841	90	96.9007	HSK5
494	未	8797	8797	853	96.9108	HSK4
495	對	8749	8749	883	96.9209	
496	花	8692	8649	2350	96.9309	HSK1
497	战	8677	8677	917	96.9409	HSK4
498	坏	8650	8650	548	96.9509	HSK1
499	休	8635	8635	394	96.9608	HSK1
500	慢	8620	4962	373	96.9707	HSK1
501	钟	8514	8514	456	96.9805	HSK2
502	二	8489	8487	2084	96.9903	HSK1
503	代	8448	8446	1277	97.0000	HSK3
504	突	8402	8402	209	97.0097	HSK3
505	存	8260	8260	529	97.0192	HSK3
506	赢	8178	8178	207	97.0286	HSK3
507	飞	8092	8090	978	97.0380	HSK1
508	指	8075	8074	1049	97.0473	HSK3
509	论	7993	7993	381	97.0565	HSK2
510	妻	7967	7967	236	97.0656	HSK4
511	责	7950	7950	181	97.0748	HSK3
512	斯	7905	7845	9262	97.0839	HSK7-9
513	客	7863	7863	707	97.0930	HSK1
514	星	7834	7490	1325	97.1020	HSK1
515	努	7823	7823	314	97.1110	HSK2
516	即	7815	7815	319	97.1200	HSK4
517	水	7786	7786	2740	97.1289	HSK1
518	密	7757	7757	819	97.1379	HSK4
519	拍	7745	7737	529	97.1468	HSK3
520	苦	7692	7682	555	97.1556	HSK3
521	类	7677	7677	302	97.1645	HSK3
522	越	7646	5377	821	97.1733	HSK2
523	黑	7626	7625	1239	97.1821	HSK2
524	樣	7527	7527	715	97.1907	
525	演	7491	7491	961	97.1994	HSK3
526	尽	7471	7469	510	97.2080	HSK3
527	释	7461	7461	121	97.2166	HSK4
528	则	7457	7457	276	97.2251	HSK4
529	控	7451	7451	347	97.2337	HSK5
530	脸	7381	7381	498	97.2422	HSK2
531	量	7346	7346	712	97.2507	HSK2
532	婆	7327	7242	301	97.2591	HSK4
533	痛	7280	7275	527	97.2675	HSK3
534	醒	7242	6191	339	97.2758	HSK4
535	秘	7113	7112	238	97.2840	HSK4
536	考	7104	7104	741	97.2922	HSK1
537	概	7022	7022	58	97.3003	HSK3
538	弃	7018	7018	202	97.3084	HSK5
539	介	7013	7013	363	97.3164	HSK1
540	礼	7007	7007	422	97.3245	HSK2
541	卖	6914	6914	628	97.3325	HSK2
542	色	6913	6913	1260	97.3404	HSK2
543	务	6890	6890	448	97.3484	HSK2
544	糕	6817	6817	63	97.3562	HSK5
545	呆	6808	6807	268	97.3641	HSK5
546	器	6808	6808	1175	97.3719	HSK3
547	往	6764	6714	988	97.3797	HSK2
548	杯	6753	6753	465	97.3875	HSK1
549	碰	6707	6703	242	97.3952	HSK2
550	梦	6693	6693	558	97.4029	HSK4
551	妹	6687	3661	502	97.4106	HSK1
552	院	6639	6639	676	97.4182	HSK1
553	陪	6638	6625	222	97.4259	HSK5
554	队	6632	6632	1023	97.4335	HSK2
555	似	6630	6630	306	97.4411	HSK3
556	遇	6627	6627	237	97.4488	HSK4
557	及	6606	6606	675	97.4564	HSK3
558	亡	6598	6598	250	97.4640	HSK6
559	议	6593	6593	236	97.4716	HSK3
560	呃	6559	6559	3	97.4791	
561	赶	6518	6518	219	97.4866	HSK3
562	室	6484	6484	733	97.4941	HSK2
563	英	6463	6463	1292	97.5015	HSK2
564	竟	6460	6460	248	97.5090	HSK4
565	俩	6440	6440	105	97.5164	HSK4
566	饭	6406	6406	402	97.5238	HSK1
567	负	6314	6314	232	97.5310	HSK3
568	置	6280	6280	312	97.5383	HSK4
569	叔	6175	3229	492	97.5454	HSK4
570	仍	6171	6171	162	97.5525	HSK3
571	哭	6141	6137	202	97.5596	HSK2
572	丈	6137	6137	97	97.5666	HSK4
573	较	6121	6121	143	97.5737	HSK3
574	究	6077	6077	119	97.5807	HSK4
575	味	6077	6077	595	97.5877	HSK2
576	病	6011	6011	864	97.5946	HSK1
577	据	5962	5962	201	97.6014	HSK3
578	耶	5952	5952	942	97.6083	
579	聪	5946	5946	80	97.6151	HSK5
580	球	5933	5933	1636	97.6220	HSK1
581	刻	5886	5883	337	97.6288	HSK2
582	象	5882	5882	809	97.6355	HSK3
583	傻	5876	5872	213	97.6423	HSK5
584	骗	5839	5839	215	97.6490	HSK5
585	松	5830	5829	707	97.6557	HSK4
586	立	5810	5810	971	97.6624	HSK3
587	联	5792	5792	390	97.6691	HSK3
588	厉	5781	5781	54	97.6757	HSK5
589	恶	5776	5776	438	97.6824	HSK4
590	讓	5754	5754	148	97.6890	
591	偷	5737	5456	572	97.6956	HSK5
592	祝	5713	5713	330	97.7022	HSK3
593	习	5706	5706	193	97.7088	HSK1
594	剩	5695	5695	248	97.7153	HSK5
595	板	5691	5691	673	97.7219	HSK2
596	口	5688	5687	1636	97.7284	HSK1
597	丢	5679	5679	124	97.7350	HSK5
598	击	5678	5678	481	97.7415	HSK5
599	還	5634	5634	3412	97.7480	
600	附	5632	5632	164	97.7545	HSK4
601	包	5623	5590	1156	97.7610	HSK1
602	付	5604	5604	642	97.7674	HSK3
603	精	5580	5580	681	97.7738	HSK3
604	周	5577	5577	676	97.7803	HSK2
605	哈	5554	4888	1593	97.7867	HSK3
606	狂	5551	5551	470	97.7930	HSK5
607	虑	5532	5532	67	97.7994	HSK4
608	游	5508	5508	691	97.8058	HSK2
609	建	5478	5478	739	97.8121	HSK3
610	假	5477	5477	719	97.8184	HSK1
611	平	5458	5455	1245	97.8247	HSK2
612	案	5446	5446	776	97.8309	HSK4
613	城	5427	5427	1093	97.8372	HSK3
614	度	5398	5398	1225	97.8434	HSK2
615	支	5327	5327	576	97.8495	HSK3
616	拥	5325	5325	93	97.8557	HSK5
617	员	5321	5321	732	97.8618	HSK3
618	油	5317	5317	980	97.8679	HSK2
619	适	5312	5312	153	97.8740	HSK2
620	謝	5307	2810	321	97.8801	
621	律	5306	5306	534	97.8862	HSK4
622	屁	5304	5290	263	97.8923	
623	著	5286	5286	2857	97.8984	HSK4
624	排	5271	5271	607	97.9045	HSK2
625	恐	5263	5263	197	97.9106	HSK3
626	标	5231	5231	397	97.9166	HSK3
627	首	5230	5230	621	97.9226	HSK3
628	丽	5224	5224	1529	97.9286	HSK3
629	空	5206	5198	1389	97.9346	HSK2
630	戏	5205	5205	408	97.9406	HSK3
631	市	5172	5172	1058	97.9466	HSK2
632	時	5153	5153	1978	97.9525	
633	武	5117	5117	708	97.9584	HSK3
634	赛	5111	5111	924	97.9643	HSK3
635	造	5103	5103	752	97.9701	HSK3
636	值	5078	5077	500	97.9760	HSK3
637	万	5046	5044	1424	97.9818	HSK2
638	按	5021	5021	292	97.9876	HSK3
639	庭	5020	5020	266	97.9934	HSK2
640	性	5014	5014	1933	97.9991	HSK3
641	书	5007	5007	1015	98.0049	HSK1
642	达	4998	4998	1746	98.0107	HSK3
643	争	4969	4969	362	98.0164	HSK3
644	检	4961	4961	275	98.0221	HSK2
645	换	4945	4937	698	98.0278	HSK2
646	瞧	4919	4072	57	98.0335	HSK5
647	犯	4919	4919	503	98.0391	HSK6
648	十	4906	4904	2818	98.0448	HSK1
649	呼	4882	4873	396	98.0504	HSK4
650	吸	4877	4877	465	98.0560	HSK4
651	脑	4874	4874	487	98.0616	HSK1
652	餐	4866	4866	418	98.0672	HSK2
653	军	4817	4817	935	98.0728	HSK5
654	满	4806	4795	814	98.0783	HSK2
655	舞	4801	4801	810	98.0838	HSK3
656	唱	4800	4799	572	98.0894	HSK1
657	床	4773	4773	503	98.0948	HSK1
658	阻	4764	4764	163	98.1003	HSK4
659	装	4751	4751	979	98.1058	HSK2
660	舒	4717	4715	351	98.1112	HSK2
661	四	4701	4701	1786	98.1166	HSK1
662	狱	4693	4693	119	98.1220	HSK7-9
663	块	4685	4684	439	98.1274	HSK1
664	统	4667	4630	325	98.1328	HSK4
665	吓	4651	4651	83	98.1382	HSK5
666	怜	4641	4641	67	98.1435	HSK5
667	调	4630	4629	621	98.1488	HSK3
668	足	4626	4620	616	98.1542	HSK3
669	追	4614	4614	441	98.1595	HSK3
670	怀	4609	4609	331	98.1648	HSK4
671	笨	4606	4597	211	98.1701	HSK4
672	若	4586	4586	772	98.1754	HSK6
673	午	4527	4527	136	98.1806	HSK1
674	現	4522	4522	1247	98.1858	
675	滚	4516	4515	194	98.1910	HSK5
676	扰	4513	4513	116	98.1962	HSK5
677	咱	4483	4483	261	98.2014	HSK2
678	承	4480	4480	422	98.2065	HSK4
679	历	4478	4477	258	98.2117	HSK3
680	破	4460	4460	1029	98.2168	HSK3
681	严	4421	4421	258	98.2219	HSK4
682	啥	4408	4408	43	98.2270	
683	显	4378	4378	202	98.2320	HSK3
684	示	4376	4376	296	98.2371	HSK2
685	後	4374	4374	4112	98.2421	
686	既	4368	4368	149	98.2471	HSK4
687	视	4365	4365	471	98.2521	HSK1
688	半	4357	4356	1128	98.2572	HSK1
689	坚	4341	4341	245	98.2622	HSK3
690	超	4334	4334	919	98.2671	HSK2
691	光	4302	4297	1930	98.2721	HSK3
692	股	4299	4299	272	98.2771	HSK6
693	王	4296	4296	1595	98.2820	HSK2
694	某	4270	4269	256	98.2869	HSK3
695	船	4229	4229	1026	98.2918	HSK2
696	五	4219	4218	1856	98.2966	HSK1
697	复	4192	4192	370	98.3015	HSK2
698	享	4178	4178	176	98.3063	HSK5
699	谅	4173	4138	39	98.3111	HSK6
700	逃	4165	4165	268	98.3159	HSK5
701	德	4162	4162	4859	98.3207	HSK5
702	居	4152	4152	395	98.3255	HSK4
703	班	4150	4150	1454	98.3302	HSK1
704	疑	4143	4140	365	98.3350	HSK4
705	尔	4113	4113	4837	98.3397	HSK5
706	咖	4104	4104	112	98.3445	HSK3
707	误	4099	4099	204	98.3492	HSK3
708	逼	4097	4097	263	98.3539	HSK6
709	啡	4093	4093	81	98.3586	HSK3
710	属	4090	4090	241	98.3633	HSK3
711	卡	4070	4067	3828	98.3680	HSK2
712	街	4066	4066	1032	98.3727	HSK2
713	监	4023	4023	271	98.3773	HSK6
714	聊	3999	3506	312	98.3819	HSK4
715	火	3939	3939	1552	98.3865	HSK1
716	义	3869	3869	634	98.3909	HSK3
717	血	3868	3868	1133	98.3954	HSK3
718	藏	3867	3866	753	98.3998	HSK6
719	伟	3848	3848	319	98.4043	HSK3
720	谎	3837	3837	47	98.4087	HSK7-9
721	强	3813	3813	883	98.4131	HSK3
722	誓	3805	3805	131	98.4174	HSK7-9
723	戴	3785	3785	1028	98.4218	HSK4
724	福	3780	3780	1346	98.4262	HSK3
725	過	3769	3769	4304	98.4305	
726	娘	3763	3705	469	98.4348	HSK3
727	阿	3763	3763	3828	98.4392	HSK4
728	幕	3754	3754	264	98.4435	HSK5
729	激	3743	3743	269	98.4478	HSK4
730	费	3731	3731	1393	98.4521	HSK3
731	話	3716	3716	514	98.4564	
732	金	3707	3707	3496	98.4606	HSK3
733	治	3684	3683	984	98.4649	HSK4
734	食	3675	3675	717	98.4691	HSK2
735	開	3666	3665	2348	98.4733	
736	组	3604	3604	662	98.4775	HSK2
737	业	3581	3581	730	98.4816	HSK2
738	败	3580	3580	245	98.4857	HSK4
739	绍	3577	3577	49	98.4898	HSK1
740	取	3571	3571	796	98.4940	HSK2
741	匙	3568	3568	127	98.4981	HSK7-9
742	奶	3564	2185	409	98.5022	HSK1
743	政	3555	3555	692	98.5063	HSK4
744	毁	3541	3541	206	98.5103	HSK6
745	段	3533	3533	287	98.5144	HSK2
746	般	3513	3512	419	98.5184	HSK2
747	钥	3506	3506	31	98.5225	HSK7-9
748	蠢	3502	3500	301	98.5265	HSK7-9
749	罪	3485	3485	568	98.5305	HSK6
750	攻	3481	3481	396	98.5345	HSK6
751	該	3456	3456	417	98.5385	
752	区	3446	3440	1093	98.5425	HSK3
753	练	3430	3425	407	98.5464	HSK2
754	迟	3424	3423	182	98.5504	HSK4
755	聽	3410	3410	333	98.5543	
756	杰	3399	3399	1193	98.5582	HSK6
757	弹	3397	3397	640	98.5621	HSK5
758	句	3393	3392	247	98.5660	HSK2
759	炸	3382	3382	600	98.5699	HSK6
760	转	3364	3326	761	98.5738	HSK3
761	史	3355	3355	1956	98.5777	HSK4
762	供	3341	3341	375	98.5815	HSK4
763	研	3330	3330	178	98.5853	HSK4
764	恨	3329	3329	243	98.5892	HSK5
765	腿	3309	3309	325	98.5930	HSK2
766	借	3303	3303	456	98.5968	HSK2
767	操	3302	3302	424	98.6006	HSK4
768	店	3295	3295	694	98.6044	HSK1
769	扔	3294	3294	64	98.6082	HSK5
770	翰	3292	3292	294	98.6120	
771	退	3290	3290	416	98.6158	HSK3
772	痴	3274	3274	125	98.6195	HSK7-9
773	引	3247	3247	411	98.6233	HSK4
774	言	3243	3243	982	98.6270	HSK2
775	寻	3231	3231	222	98.6307	HSK4
776	歌	3211	3211	788	98.6344	HSK1
777	极	3202	3202	406	98.6381	HSK3
778	米	3200	3200	1732	98.6418	HSK1
779	誰	3197	3197	87	98.6455	
780	躲	3195	3194	126	98.6492	HSK5
781	灵	3182	3182	627	98.6528	HSK6
782	独	3174	3172	347	98.6565	HSK4
783	步	3156	3151	644	98.6601	HSK3
784	點	3134	3117	2860	98.6637	
785	断	3131	3130	570	98.6673	HSK3
786	饿	3127	3127	97	98.6709	HSK1
787	見	3115	3115	802	98.6745	
788	威	3106	3106	1318	98.6781	HSK6
789	画	3081	2999	754	98.6816	HSK2
790	拒	3074	3074	129	98.6852	HSK5
791	旅	3065	3065	272	98.6887	HSK2
792	躺	3060	3060	33	98.6922	HSK4
793	挂	3060	3060	289	98.6957	HSK3
794	浪	3048	3048	466	98.6993	HSK3
795	別	3040	3040	1840	98.7028	
796	文	3039	3039	2242	98.7063	HSK1
797	袋	3025	3025	381	98.7097	HSK4
798	惊	3000	3000	249	98.7132	HSK4
799	姑	2989	2962	155	98.7166	HSK3
800	哎	2989	2989	52	98.7201	HSK7-9
801	背	2987	2987	523	98.7235	HSK2
802	程	2976	2976	621	98.7269	HSK3
803	罗	2973	2973	2953	98.7304	HSK7-9
804	响	2956	2956	346	98.7338	HSK2
805	楼	2956	2956	450	98.7372	HSK1
806	资	2943	2943	344	98.7406	HSK3
807	品	2937	2937	869	98.7439	HSK3
808	尸	2895	2895	268	98.7473	HSK7-9
809	搬	2895	2895	152	98.7506	HSK3
810	际	2891	2891	167	98.7539	HSK2
811	踪	2891	2891	65	98.7573	HSK7-9
812	念	2879	2875	842	98.7606	HSK3
813	從	2841	2841	723	98.7639	
814	洗	2816	2790	508	98.7671	HSK1
815	急	2808	2807	465	98.7703	HSK2
816	权	2805	2805	604	98.7736	HSK4
817	翻	2789	2788	452	98.7768	HSK4
818	惜	2782	2782	83	98.7800	HSK5
819	录	2781	2781	334	98.7832	HSK3
820	料	2777	2777	515	98.7864	HSK4
821	闻	2773	2762	432	98.7896	HSK2
822	海	2768	2768	2378	98.7928	HSK2
823	状	2759	2759	315	98.7959	HSK3
824	巴	2753	2746	2129	98.7991	HSK4
825	图	2751	2751	840	98.8023	HSK1
826	节	2733	2733	520	98.8054	HSK2
827	府	2728	2728	320	98.8086	HSK4
828	仅	2727	1860	125	98.8117	HSK3
829	恭	2709	2709	101	98.8148	HSK7-9
830	布	2707	2707	2996	98.8179	HSK3
831	裡	2702	2702	2830	98.8210	
832	码	2697	2697	334	98.8241	HSK4
833	数	2688	2678	1007	98.8272	HSK2
834	尝	2679	2286	128	98.8303	HSK5
835	敌	2677	2677	238	98.8334	HSK4
836	热	2672	2672	784	98.8365	HSK1
837	脚	2671	2671	740	98.8396	HSK2
838	遍	2666	2666	339	98.8426	HSK2
839	夜	2646	2642	761	98.8457	HSK2
840	纽	2631	2631	275	98.8487	HSK7-9
841	臭	2629	2628	328	98.8517	HSK5
842	乱	2618	2618	596	98.8547	HSK3
843	允	2605	2605	156	98.8577	HSK6
844	术	2599	2599	457	98.8607	HSK3
845	导	2590	2590	322	98.8637	HSK3
846	堂	2573	2566	418	98.8667	HSK2
847	流	2566	2566	1069	98.8696	HSK2
848	训	2553	2553	221	98.8726	HSK3
849	暗	2543	2543	584	98.8755	HSK4
850	设	2543	2543	350	98.8784	HSK3
851	恩	2536	2536	2318	98.8814	HSK6
852	民	2534	2534	1201	98.8843	HSK3
853	药	2521	2521	679	98.8872	HSK2
854	顺	2519	2519	404	98.8901	HSK2
855	雄	2511	2511	584	98.8930	HSK5
856	左	2499	2499	500	98.8958	HSK1
857	规	2497	2496	242	98.8987	HSK3
858	博	2488	2488	1243	98.9016	HSK5
859	旁	2487	2487	295	98.9044	HSK1
860	乖	2487	1677	172	98.9073	HSK7-9
861	格	2467	2444	3082	98.9102	HSK3
862	专	2466	2466	402	98.9130	HSK3
863	瓜	2464	2464	399	98.9158	HSK4
864	元	2456	2456	816	98.9187	HSK1
865	价	2449	2435	385	98.9215	HSK3
866	线	2446	2446	935	98.9243	HSK3
867	拾	2445	2445	96	98.9271	HSK5
868	魂	2433	2433	323	98.9299	HSK7-9
869	读	2427	2412	469	98.9327	HSK1
870	姆	2419	2419	1560	98.9355	HSK7-9
871	架	2409	2409	571	98.9383	HSK3
872	展	2388	2388	479	98.9410	HSK3
873	欠	2382	2382	206	98.9438	HSK5
874	辈	2382	2382	106	98.9465	HSK5
875	愚	2366	2366	65	98.9492	HSK7-9
876	净	2352	2348	189	98.9519	HSK1
877	旦	2351	2351	147	98.9546	HSK5
878	译	2336	2336	123	98.9573	HSK4
879	請	2325	2325	448	98.9600	
880	传	2324	2324	701	98.9627	HSK3
881	荣	2317	2317	376	98.9653	HSK5
882	吻	2316	2316	129	98.9680	HSK7-9
883	勇	2314	2314	370	98.9707	HSK4
884	斗	2313	2313	647	98.9733	HSK4
885	态	2310	2310	197	98.9760	HSK2
886	充	2290	2290	268	98.9786	HSK3
887	围	2273	2273	246	98.9813	HSK3
888	获	2264	2264	184	98.9839	HSK4
889	婊	2252	2252	10	98.9865	
890	右	2249	2249	485	98.9890	HSK1
891	遗	2248	2248	165	98.9916	HSK4
892	訴	2241	2241	243	98.9942	
893	尊	2240	2240	263	98.9968	HSK5
894	尼	2223	2223	4686	98.9994	HSK7-9
895	愉	2222	2222	70	99.0019	HSK6
896	抢	2222	2222	206	99.0045	HSK5
897	脱	2204	2204	345	99.0070	HSK4
898	基	2200	2200	1970	99.0095	HSK3
899	观	2199	2199	412	99.0121	HSK2
900	困	2195	2195	283	99.0146	HSK3
901	彼	2187	2175	244	99.0171	HSK5
902	辛	2166	2159	606	99.0196	HSK5
903	括	2163	2163	41	99.0221	HSK4
904	速	2161	2153	539	99.0246	HSK3
905	邀	2157	2157	130	99.0271	HSK5
906	惯	2151	2151	148	99.0296	HSK2
907	爆	2146	2146	448	99.0320	HSK6
908	捕	2146	2146	247	99.0345	HSK6
909	經	2143	2143	1604	99.0370	
910	歡	2137	2137	512	99.0394	
911	撞	2129	2129	289	99.0419	HSK5
912	赚	2127	2127	54	99.0443	HSK6
913	吹	2121	2121	492	99.0468	HSK2
914	於	2117	2117	462	99.0492	
915	局	2117	2117	767	99.0516	HSK4
916	爷	2114	1261	267	99.0541	HSK1
917	风	2109	2109	1315	99.0565	HSK1
918	杂	2101	2101	229	99.0589	HSK3
919	吵	2100	2098	178	99.0613	HSK3
920	纪	2100	2100	331	99.0638	HSK3
921	覺	2087	2087	442	99.0662	
922	阳	2075	2075	434	99.0685	HSK2
923	冒	2071	2071	195	99.0709	HSK3
924	谓	2067	2067	76	99.0733	HSK4
925	私	2066	2066	362	99.0757	HSK5
926	射	2053	2053	908	99.0781	HSK5
927	群	2051	2051	526	99.0804	HSK3
928	验	2039	2039	284	99.0828	HSK3
929	抽	2031	2031	338	99.0851	HSK4
930	集	2026	2026	528	99.0874	HSK3
931	赌	2022	2022	259	99.0898	HSK6
932	魔	2010	2010	563	99.0921	HSK7-9
933	毕	1989	1989	379	99.0944	HSK4
934	八	1988	1988	1283	99.0967	HSK1
935	忆	1984	1984	73	99.0989	HSK5
936	级	1980	1980	348	99.1012	HSK2
937	套	1962	1961	433	99.1035	HSK2
938	产	1959	1959	537	99.1057	HSK3
939	乔	1940	1940	895	99.1080	HSK7-9
940	千	1940	1940	1463	99.1102	HSK2
941	媽	1938	1234	941	99.1124	
942	幫	1935	1923	564	99.1147	
943	山	1930	1930	2221	99.1169	HSK1
944	撒	1915	1915	530	99.1191	HSK7-9
945	憾	1904	1904	37	99.1213	HSK6
946	胡	1879	1879	629	99.1234	HSK5
947	角	1875	1875	670	99.1256	HSK2
948	惹	1870	1870	140	99.1278	HSK7-9
949	细	1869	1868	440	99.1299	HSK4
950	屋	1867	1867	565	99.1321	HSK3
951	圣	1866	1866	940	99.1342	HSK6
952	垃	1860	1860	37	99.1364	HSK4
953	圾	1860	1860	28	99.1385	HSK4
954	具	1859	1859	456	99.1406	HSK3
955	辆	1854	1854	119	99.1428	HSK2
956	志	1839	1839	668	99.1449	HSK3
957	給	1833	1833	4317	99.1470	
958	织	1832	1832	287	99.1491	HSK5
959	普	1805	1804	2054	99.1512	HSK2
960	間	1799	1799	777	99.1533	
961	红	1795	1795	1127	99.1553	HSK2
962	盯	1792	1792	35	99.1574	HSK7-9
963	逮	1792	1792	61	99.1594	HSK7-9
964	甜	1777	1737	295	99.1615	HSK3
965	语	1763	1763	681	99.1635	HSK1
966	林	1761	1761	2258	99.1656	HSK4
967	兒	1761	1761	1191	99.1676	
968	迷	1756	1755	461	99.1696	HSK3
969	六	1755	1755	1285	99.1716	HSK1
970	發	1737	1737	1541	99.1736	
971	脏	1721	1721	288	99.1756	HSK2
972	胁	1715	1715	31	99.1776	HSK6
973	落	1715	1715	833	99.1796	HSK3
974	問	1709	1681	997	99.1815	
975	废	1705	1705	201	99.1835	HSK6
976	累	1701	1699	316	99.1854	HSK1
977	錯	1700	1700	407	99.1874	
978	妳	1698	1698	12	99.1894	
979	银	1697	1697	447	99.1913	HSK2
980	砸	1697	1697	44	99.1933	HSK7-9
981	應	1690	1690	605	99.1952	
982	移	1689	1689	352	99.1972	HSK4
983	當	1686	1686	2233	99.1991	
984	疼	1665	1665	168	99.2010	HSK2
985	投	1662	1662	560	99.2029	HSK4
986	修	1662	1661	883	99.2048	HSK3
987	麦	1655	1655	1236	99.2067	HSK6
988	香	1653	1653	1066	99.2086	HSK3
989	東	1637	1637	939	99.2105	
990	座	1637	1637	440	99.2124	HSK2
991	深	1630	1506	673	99.2143	HSK3
992	创	1625	1625	186	99.2162	HSK3
993	奋	1624	1624	93	99.2180	HSK4
994	卫	1618	1618	522	99.2199	HSK3
995	拯	1617	1617	12	99.2218	HSK7-9
996	烟	1617	1617	483	99.2236	HSK3
997	称	1616	1616	323	99.2255	HSK2
998	帶	1609	1609	921	99.2273	
999	户	1609	1609	313	99.2292	HSK4
1000	台	1606	1606	949	99.2310	HSK3
1001	谋	1601	1601	218	99.2329	HSK6
1002	化	1598	1598	1520	99.2347	HSK3
1003	錢	1589	1589	427	99.2366	
1004	刺	1585	1585	331	99.2384	HSK4
1005	幹	1583	1583	427	99.2402	
1006	鱼	1582	1582	783	99.2420	HSK2
1007	社	1575	1575	486	99.2438	HSK3
1008	冲	1575	1575	451	99.2456	HSK4
1009	肉	1575	1575	861	99.2475	HSK1
1010	搭	1571	1571	252	99.2493	HSK6
1011	职	1564	1564	302	99.2511	HSK3
1012	兵	1555	1555	811	99.2529	HSK4
1013	馬	1550	1550	1598	99.2546	
1014	康	1550	1550	1012	99.2564	HSK2
1015	压	1550	1550	473	99.2582	HSK3
1016	免	1544	1544	360	99.2600	HSK4
1017	烧	1538	1538	406	99.2618	HSK4
1018	猫	1537	1535	324	99.2635	HSK2
1019	熟	1531	1531	274	99.2653	HSK2
1020	印	1530	1530	492	99.2671	HSK2
1021	題	1518	1518	186	99.2688	
1022	测	1518	1518	304	99.2706	HSK4
1023	怖	1511	1511	28	99.2723	HSK7-9
1024	石	1500	1500	1205	99.2740	HSK3
1025	毒	1497	1497	704	99.2757	HSK5
1026	秒	1496	1496	93	99.2775	HSK5
1027	健	1495	1495	326	99.2792	HSK2
1028	络	1491	1491	134	99.2809	HSK4
1029	毛	1491	1483	836	99.2826	HSK1
1030	推	1484	1484	477	99.2843	HSK2
1031	牛	1477	1477	764	99.2860	HSK1
1032	输	1474	1474	440	99.2877	HSK3
1033	团	1474	1463	513	99.2894	HSK3
1034	伦	1472	1472	1195	99.2911	HSK7-9
1035	啤	1471	1471	46	99.2928	HSK3
1036	暂	1468	1468	87	99.2945	HSK5
1037	殺	1465	1465	458	99.2962	
1038	索	1463	1463	1442	99.2979	HSK5
1039	降	1459	1459	374	99.2996	HSK4
1040	庆	1454	1454	208	99.3012	HSK3
1041	稍	1454	1446	121	99.3029	HSK5
1042	祷	1450	1450	39	99.3046	HSK7-9
1043	科	1447	1447	1977	99.3062	HSK2
1044	授	1445	1445	189	99.3079	HSK4
1045	巨	1443	1443	494	99.3096	HSK4
1046	長	1428	1428	1190	99.3112	
1047	举	1425	1425	342	99.3128	HSK2
1048	疗	1424	1424	120	99.3145	HSK4
1049	商	1420	1420	598	99.3161	HSK1
1050	馆	1419	1419	259	99.3178	HSK1
1051	票	1418	1418	641	99.3194	HSK1
1052	摆	1416	1416	258	99.3210	HSK4
1053	忍	1413	1407	229	99.3226	HSK5
1054	嫁	1408	1408	113	99.3243	HSK7-9
1055	效	1404	1404	234	99.3259	HSK3
1056	仔	1400	1400	772	99.3275	HSK5
1057	踢	1399	1399	83	99.3291	HSK6
1058	祈	1399	1399	75	99.3307	HSK7-9
1059	领	1396	1396	503	99.3323	HSK3
1060	孤	1395	1395	258	99.3339	HSK6
1061	尤	1392	1392	404	99.3355	HSK5
1062	末	1392	1392	195	99.3371	HSK2
1063	咬	1389	1389	163	99.3387	HSK5
1064	微	1378	1375	386	99.3403	HSK4
1065	認	1377	1377	498	99.3419	
1066	厕	1376	1376	37	99.3435	HSK6
1067	技	1357	1357	415	99.3451	HSK3
1068	兰	1357	1357	1686	99.3466	HSK7-9
1069	挑	1352	1352	351	99.3482	HSK4
1070	刀	1348	1348	644	99.3497	HSK3
1071	爬	1341	1341	91	99.3513	HSK2
1072	悲	1339	1339	184	99.3528	HSK5
1073	屎	1336	1336	103	99.3544	
1074	纸	1335	1335	420	99.3559	HSK2
1075	双	1329	1328	618	99.3574	HSK3
1076	守	1326	1326	717	99.3589	HSK4
1077	共	1325	1325	780	99.3605	HSK2
1078	黎	1307	1307	310	99.3620	HSK7-9
1079	副	1305	1305	166	99.3635	HSK6
1080	众	1305	1305	320	99.3650	HSK3
1081	李	1304	1304	1393	99.3665	HSK3
1082	维	1302	1302	1951	99.3680	HSK4
1083	汽	1298	1298	161	99.3695	HSK1
1084	種	1295	1295	730	99.3710	
1085	惧	1291	1291	49	99.3725	HSK7-9
1086	致	1291	1291	403	99.3739	HSK4
1087	园	1283	1283	326	99.3754	HSK2
1088	颜	1282	1282	137	99.3769	HSK2
1089	顿	1277	1277	1092	99.3784	HSK3
1090	胜	1270	1270	545	99.3798	HSK3
1091	鞋	1268	1268	379	99.3813	HSK2
1092	形	1260	1260	581	99.3827	HSK3
1093	毫	1258	1258	320	99.3842	HSK4
1094	厨	1257	1257	132	99.3856	HSK5
1095	族	1256	1256	622	99.3871	HSK3
1096	伴	1249	1249	286	99.3885	HSK4
1097	迹	1248	1248	123	99.3900	HSK7-9
1098	厅	1244	1244	163	99.3914	HSK5
1099	森	1244	1244	2054	99.3928	HSK4
1100	签	1243	1243	251	99.3943	HSK5
1101	暴	1242	1242	375	99.3957	HSK6
1102	愛	1232	1232	2221	99.3971	
1103	牲	1227	1227	64	99.3985	HSK6
1104	寓	1225	1225	29	99.3999	HSK7-9
1105	巧	1222	1222	205	99.4013	HSK3
1106	锁	1214	1214	313	99.4027	HSK5
1107	凶	1212	1212	181	99.4041	HSK6
1108	宣	1212	1212	255	99.4055	HSK3
1109	恋	1211	1211	199	99.4069	HSK5
1110	抗	1210	1210	331	99.4083	HSK6
1111	型	1210	1210	564	99.4097	HSK4
1112	桌	1209	1209	265	99.4111	HSK1
1113	傲	1198	1198	108	99.4125	HSK6
1114	执	1193	1193	173	99.4138	HSK5
1115	耍	1192	1191	132	99.4152	HSK7-9
1116	土	1191	1189	797	99.4166	HSK3
1117	判	1190	1190	427	99.4180	HSK3
1118	鸟	1186	1186	570	99.4193	HSK2
1119	汤	1185	1185	499	99.4207	HSK3
1120	艾	1183	1183	2521	99.4221	HSK7-9
1121	進	1183	1183	1300	99.4234	
1122	酷	1179	1179	355	99.4248	HSK6
1123	辦	1177	1177	401	99.4261	
1124	窗	1173	1173	299	99.4275	HSK4
1125	临	1165	1165	431	99.4288	HSK4
1126	牺	1159	1159	16	99.4302	HSK6
1127	茶	1158	1158	331	99.4315	HSK1
1128	恢	1150	1150	45	99.4328	HSK5
1129	互	1149	1149	297	99.4341	HSK3
1130	妙	1149	1149	229	99.4355	HSK6
1131	悔	1147	1147	178	99.4368	HSK5
1132	摸	1143	1077	224	99.4381	HSK4
1133	敬	1138	1138	559	99.4394	HSK5
1134	殊	1134	1134	73	99.4407	HSK4
1135	玛	1134	1134	1596	99.4420	
1136	依	1123	1123	706	99.4433	HSK4
1137	裤	1121	1121	178	99.4446	HSK3
1138	亚	1121	1121	2267	99.4459	HSK4
1139	烂	1116	1116	477	99.4472	HSK5
1140	七	1116	1116	1220	99.4485	HSK1
1141	帽	1114	1114	324	99.4497	HSK4
1142	彩	1113	1113	373	99.4510	HSK3
1143	址	1110	1110	63	99.4523	HSK4
1144	娶	1105	1105	72	99.4536	HSK7-9
1145	堆	1100	1100	230	99.4548	HSK5
1146	骄	1098	1098	33	99.4561	HSK6
1147	叛	1097	1097	127	99.4574	HSK7-9
1148	吉	1097	1097	2254	99.4586	HSK6
1149	娜	1095	1091	1533	99.4599	
1150	掌	1089	1089	234	99.4611	HSK5
1151	裏	1088	1088	1	99.4624	
1152	绑	1087	1087	88	99.4637	HSK7-9
1153	灭	1086	1086	267	99.4649	HSK6
1154	箱	1084	1084	387	99.4661	HSK3
1155	皮	1082	1081	1584	99.4674	HSK3
1156	封	1082	1082	465	99.4686	HSK2
1157	赏	1081	1081	182	99.4699	HSK4
1158	养	1078	1078	568	99.4711	HSK2
1159	境	1075	1075	307	99.4724	HSK3
1160	旧	1074	1074	422	99.4736	HSK3
1161	醉	1074	1074	289	99.4748	HSK5
1162	诺	1071	1071	1479	99.4761	HSK6
1163	百	1068	1021	1739	99.4773	HSK1
1164	孕	1067	1067	115	99.4785	HSK7-9
1165	镇	1064	1064	585	99.4798	HSK6
1166	低	1062	1062	553	99.4810	HSK2
1167	招	1060	1060	528	99.4822	HSK4
1168	课	1059	1059	341	99.4834	HSK1
1169	嘘	1058	1056	39	99.4846	
1170	搜	1050	1050	201	99.4858	HSK5
1171	艺	1048	1048	308	99.4871	HSK3
1172	探	1043	1043	420	99.4883	HSK6
1173	预	1033	1033	215	99.4894	HSK3
1174	货	1025	1025	580	99.4906	HSK4
1175	模	1024	1024	396	99.4918	HSK4
1176	邪	1021	1021	165	99.4930	HSK7-9
1177	耳	1020	1020	524	99.4942	HSK4
1178	升	1019	1019	523	99.4953	HSK3
1179	距	1018	1018	173	99.4965	HSK4
1180	挥	1016	1016	206	99.4977	HSK4
1181	避	1016	1015	238	99.4988	HSK4
1182	温	1012	1012	676	99.5000	HSK2
1183	隐	1010	1010	183	99.5012	HSK6
1184	握	1007	1007	214	99.5023	HSK3
1185	敦	1002	1002	284	99.5035	HSK7-9
1186	鸡	1002	977	577	99.5046	HSK1
1187	颗	989	989	150	99.5058	HSK5
1188	洲	983	983	250	99.5069	
1189	離	981	981	788	99.5080	
1190	剧	978	978	271	99.5092	HSK3
1191	优	974	974	343	99.5103	HSK3
1192	晨	971	971	130	99.5114	HSK2
1193	闹	969	968	212	99.5125	HSK4
1194	肚	966	966	237	99.5136	HSK4
1195	牙	966	961	693	99.5147	HSK4
1196	澡	962	962	70	99.5158	HSK2
1197	启	961	961	168	99.5170	HSK5
1198	禁	959	959	306	99.5181	HSK4
1199	聚	958	953	264	99.5192	HSK4
1200	備	954	954	417	99.5203	
1201	摄	952	952	112	99.5214	HSK5
1202	朝	948	948	742	99.5224	HSK3
1203	準	947	947	327	99.5235	
1204	欺	947	937	109	99.5246	HSK6
1205	镜	947	947	292	99.5257	HSK4
1206	尿	946	946	375	99.5268	HSK7-9
1207	袭	945	945	84	99.5279	HSK7-9
1208	协	945	945	158	99.5290	HSK5
1209	朵	941	941	209	99.5301	HSK5
1210	矩	939	938	71	99.5311	HSK7-9
1211	兩	932	932	968	99.5322	
1212	词	932	932	362	99.5333	HSK2
1213	猪	930	929	335	99.5344	HSK3
1214	琌	928	928	20	99.5354	
1215	妓	927	927	155	99.5365	
1216	拖	922	920	236	99.5376	HSK6
1217	诞	919	919	43	99.5386	HSK6
1218	罚	908	908	136	99.5397	HSK5
1219	树	907	907	833	99.5407	HSK1
1220	项	898	898	208	99.5417	HSK4
1221	俱	887	887	162	99.5428	HSK5
1222	擦	887	878	196	99.5438	HSK4
1223	折	887	887	326	99.5448	HSK4
1224	鼻	886	886	204	99.5458	HSK5
1225	沙	879	878	1557	99.5468	HSK3
1226	顶	878	878	385	99.5478	HSK4
1227	盖	877	877	711	99.5489	HSK4
1228	哼	872	867	15	99.5499	HSK7-9
1229	雷	871	871	2486	99.5509	HSK4
1230	凭	869	869	87	99.5519	HSK5
1231	陷	869	869	139	99.5529	HSK6
1232	雨	869	869	689	99.5539	HSK1
1233	漫	868	863	200	99.5549	HSK5
1234	洞	867	867	452	99.5559	HSK5
1235	呵	863	499	34	99.5569	HSK7-9
1236	骑	862	862	235	99.5579	HSK2
1237	菜	860	860	524	99.5588	HSK1
1238	蓝	859	859	625	99.5598	HSK2
1239	秀	857	857	1036	99.5608	HSK4
1240	触	853	853	170	99.5618	HSK5
1241	笔	852	852	397	99.5628	HSK2
1242	欧	850	850	899	99.5638	
1243	夏	849	849	1009	99.5647	HSK2
1244	彻	848	842	231	99.5657	HSK4
1245	欣	848	848	199	99.5667	HSK5
1246	抛	845	845	114	99.5677	HSK7-9
1247	华	845	845	1213	99.5686	HSK3
1248	露	845	842	841	99.5696	HSK6
1249	初	843	843	431	99.5706	HSK3
1250	贵	843	843	450	99.5716	HSK1
1251	宁	836	836	437	99.5725	HSK4
1252	親	836	835	772	99.5735	
1253	邊	835	835	835	99.5744	
1254	散	835	818	415	99.5754	HSK3
1255	揍	834	834	24	99.5764	HSK7-9
1256	趴	834	834	67	99.5773	HSK7-9
1257	遭	831	831	243	99.5783	HSK6
1258	环	830	830	489	99.5792	HSK3
1259	广	826	826	351	99.5802	HSK2
1260	磨	824	822	298	99.5811	HSK6
1261	宜	823	823	136	99.5821	HSK2
1262	幻	823	823	215	99.5830	HSK6
1263	洛	822	822	2196	99.5840	
1264	扮	817	817	237	99.5849	HSK5
1265	實	817	817	829	99.5859	
1266	访	815	815	130	99.5868	HSK3
1267	透	812	798	352	99.5877	HSK4
1268	估	809	809	152	99.5887	HSK5
1269	古	809	809	1176	99.5896	HSK3
1270	罢	802	802	50	99.5905	HSK6
1271	脖	801	801	39	99.5914	HSK7-9
1272	良	800	800	480	99.5924	HSK4
1273	智	799	799	481	99.5933	HSK4
1274	键	798	798	128	99.5942	HSK5
1275	扯	798	798	125	99.5951	HSK7-9
1276	鼠	796	796	307	99.5960	HSK5
1277	采	796	796	312	99.5969	HSK3
1278	電	789	789	1310	99.5979	
1279	泳	784	784	141	99.5988	HSK3
1280	丹	781	781	897	99.5997	HSK7-9
1281	档	779	779	195	99.6006	HSK6
1282	姻	778	778	50	99.6015	HSK7-9
1283	記	777	776	703	99.6023	
1284	序	775	775	177	99.6032	HSK4
1285	妮	772	772	1004	99.6041	
1286	冰	767	765	821	99.6050	HSK4
1287	惩	766	766	88	99.6059	HSK7-9
1288	梯	764	764	213	99.6068	HSK4
1289	吐	763	763	342	99.6077	HSK5
1290	讶	762	762	23	99.6085	HSK7-9
1291	須	755	755	129	99.6094	
1292	配	754	754	613	99.6103	HSK3
1293	州	751	751	805	99.6111	
1294	挡	747	747	167	99.6120	HSK5
1295	灯	745	745	438	99.6128	HSK2
1296	喊	744	744	160	99.6137	HSK2
1297	悉	743	743	57	99.6146	HSK5
1298	邻	743	743	92	99.6154	HSK5
1299	劲	740	740	211	99.6163	HSK4
1300	诚	738	737	206	99.6171	HSK4
1301	無	737	737	1667	99.6180	
1302	姓	733	733	392	99.6188	HSK2
1303	牌	732	732	818	99.6197	HSK3
1304	迪	730	730	3296	99.6205	HSK7-9
1305	莎	727	727	1169	99.6213	
1306	結	726	726	527	99.6222	
1307	唉	725	725	10	99.6230	HSK7-9
1308	育	725	725	324	99.6238	HSK2
1309	凯	725	725	784	99.6247	HSK7-9
1310	援	718	718	147	99.6255	HSK6
1311	皇	715	715	323	99.6263	HSK6
1312	黄	714	714	728	99.6271	HSK2
1313	墙	713	713	319	99.6280	HSK2
1314	善	707	707	610	99.6288	HSK3
1315	尺	706	706	189	99.6296	HSK4
1316	轮	706	706	382	99.6304	HSK4
1317	陌	705	705	19	99.6312	HSK7-9
1318	港	704	704	386	99.6320	HSK6
1319	莱	699	699	1303	99.6328	
1320	與	697	697	151	99.6336	
1321	损	697	697	143	99.6344	HSK5
1322	惨	696	696	146	99.6352	HSK6
1323	弗	694	694	1116	99.6360	
1324	仇	691	691	192	99.6368	HSK7-9
1325	短	690	680	391	99.6376	HSK2
1326	貌	689	689	136	99.6384	HSK5
1327	南	687	687	1323	99.6392	HSK1
1328	网	685	685	513	99.6400	HSK1
1329	戒	684	684	283	99.6408	HSK5
1330	荒	684	684	208	99.6416	HSK7-9
1331	渴	682	682	87	99.6424	HSK1
1332	佑	682	682	133	99.6431	HSK7-9
1333	偶	680	680	183	99.6439	HSK5
1334	野	680	680	948	99.6447	HSK6
1335	伊	678	677	1892	99.6455	HSK7-9
1336	雇	676	676	113	99.6463	HSK7-9
1337	傢	674	674	3	99.6470	
1338	途	672	672	172	99.6478	HSK4
1339	摧	669	669	62	99.6486	HSK7-9
1340	怨	668	668	161	99.6494	HSK5
1341	增	667	667	227	99.6501	HSK3
1342	瑞	666	666	2694	99.6509	HSK7-9
1343	硬	665	665	388	99.6517	HSK5
1344	寄	663	663	314	99.6524	HSK4
1345	波	660	652	1982	99.6532	HSK6
1346	防	660	660	746	99.6539	HSK3
1347	牢	654	649	218	99.6547	HSK6
1348	糖	653	653	358	99.6554	HSK3
1349	遵	653	653	54	99.6562	HSK5
1350	珍	653	653	560	99.6570	HSK5
1351	踩	652	652	33	99.6577	HSK6
1352	勒	652	652	1277	99.6585	HSK7-9
1353	辜	648	648	68	99.6592	HSK7-9
1354	宇	645	645	388	99.6599	HSK6
1355	宙	645	645	44	99.6607	HSK7-9
1356	稣	638	638	13	99.6614	
1357	耐	638	638	231	99.6622	HSK5
1358	怒	634	634	219	99.6629	HSK6
1359	景	632	632	488	99.6636	HSK3
1360	归	631	631	411	99.6643	HSK4
1361	残	631	631	251	99.6651	HSK6
1362	麽	630	630	1	99.6658	
1363	绪	630	630	83	99.6665	HSK6
1364	塔	629	629	1905	99.6672	HSK6
1365	源	629	628	443	99.6680	HSK4
1366	剛	629	466	753	99.6687	
1367	富	628	628	604	99.6694	HSK3
1368	椅	627	627	142	99.6701	HSK2
1369	唔	626	626	10	99.6709	
1370	趁	626	626	144	99.6716	HSK7-9
1371	伯	625	614	2129	99.6723	HSK7-9
1372	驾	623	623	179	99.6730	HSK5
1373	機	623	623	1400	99.6737	
1374	瓶	622	622	280	99.6744	HSK2
1375	係	621	621	1	99.6752	
1376	哟	621	621	73	99.6759	
1377	隔	620	620	270	99.6766	HSK4
1378	鲜	618	618	187	99.6773	HSK4
1379	范	614	614	519	99.6780	HSK3
1380	蒂	611	611	2077	99.6787	HSK7-9
1381	埋	608	608	190	99.6794	HSK6
1382	财	607	607	306	99.6801	HSK4
1383	犹	606	606	106	99.6808	HSK5
1384	識	605	605	352	99.6815	
1385	材	604	604	207	99.6822	HSK3
1386	申	600	600	294	99.6829	HSK4
1387	變	594	594	701	99.6836	
1388	坦	593	593	808	99.6843	HSK5
1389	烈	592	590	311	99.6849	HSK3
1390	骂	591	591	85	99.6856	HSK5
1391	撤	590	590	139	99.6863	HSK6
1392	妇	587	587	204	99.6870	HSK4
1393	冠	586	586	405	99.6877	HSK5
1394	挖	586	586	171	99.6883	HSK6
1395	域	582	582	193	99.6890	HSK5
1396	尉	581	581	54	99.6897	
1397	帅	581	581	210	99.6903	HSK4
1398	弱	576	576	258	99.6910	HSK4
1399	例	574	574	186	99.6917	HSK2
1400	買	572	572	436	99.6923	
1401	质	571	571	295	99.6930	HSK4
1402	租	570	570	318	99.6936	HSK2
1403	播	567	567	393	99.6943	HSK3
1404	堡	566	566	484	99.6949	HSK7-9
1405	登	566	566	884	99.6956	HSK4
1406	擔	565	565	191	99.6962	
1407	羞	563	563	95	99.6969	HSK7-9
1408	稱	560	559	411	99.6975	
1409	掩	559	558	141	99.6982	HSK7-9
1410	九	559	559	1019	99.6988	HSK1
1411	姨	558	558	197	99.6995	HSK4
1412	俄	558	546	276	99.7001	HSK7-9
1413	趟	557	557	68	99.7007	HSK6
1414	席	552	552	497	99.7014	HSK4
1415	胆	550	550	217	99.7020	HSK5
1416	愤	548	548	52	99.7026	HSK6
1417	审	548	548	208	99.7033	HSK6
1418	丁	547	546	860	99.7039	HSK7-9
1419	泡	546	533	330	99.7045	HSK6
1420	煮	545	545	80	99.7052	HSK6
1421	限	545	545	243	99.7058	HSK4
1422	處	544	544	642	99.7064	
1423	暖	542	541	216	99.7070	HSK3
1424	仰	540	540	107	99.7077	HSK6
1425	總	540	540	626	99.7083	
1426	葬	539	539	170	99.7089	HSK7-9
1427	甩	536	536	71	99.7095	HSK7-9
1428	迈	536	536	229	99.7101	HSK7-9
1429	爽	534	534	276	99.7108	HSK6
1430	邦	532	532	446	99.7114	HSK7-9
1431	迫	532	532	199	99.7120	HSK4
1432	碎	531	531	319	99.7126	HSK5
1433	抵	530	530	197	99.7132	HSK6
1434	婴	529	529	59	99.7138	HSK7-9
1435	續	529	529	280	99.7144	
1436	佬	525	525	232	99.7150	
1437	詹	524	524	163	99.7156	
1438	砍	524	524	76	99.7162	HSK7-9
1439	占	524	524	214	99.7168	HSK2
1440	莫	523	523	1671	99.7174	HSK7-9
1441	胖	523	522	240	99.7180	HSK3
1442	關	520	520	1551	99.7186	
1443	北	520	520	954	99.7192	HSK1
1444	繼	519	519	225	99.7198	
1445	硂	516	516	1	99.7204	
1446	尖	516	516	272	99.7210	HSK6
1447	丝	513	513	1491	99.7216	HSK7-9
1448	卻	512	512	91	99.7222	
1449	稳	512	512	216	99.7228	HSK4
1450	動	512	512	1739	99.7234	
1451	瞒	511	511	66	99.7240	HSK7-9
1452	讯	511	511	142	99.7246	HSK6
1453	莉	511	450	2725	99.7251	
1454	瞎	510	510	150	99.7257	HSK7-9
1455	脆	504	504	102	99.7263	HSK5
1456	許	504	504	953	99.7269	
1457	奖	504	504	283	99.7275	HSK4
1458	臂	501	501	137	99.7280	HSK7-9
1459	典	501	501	261	99.7286	HSK2
1460	贱	500	500	128	99.7292	HSK7-9
1461	啰	499	499	7	99.7298	
1462	難	499	499	502	99.7303	
1463	丑	499	499	160	99.7309	HSK5
1464	阵	498	496	295	99.7315	HSK4
1465	蛮	497	497	189	99.7321	HSK7-9
1466	徒	497	497	219	99.7326	HSK6
1467	童	496	496	395	99.7332	HSK4
1468	咪	495	461	157	99.7338	
1469	违	495	495	88	99.7344	HSK5
1470	辱	494	494	92	99.7349	HSK7-9
1471	染	493	493	265	99.7355	HSK5
1472	苏	493	493	754	99.7361	HSK6
1473	岛	491	491	741	99.7366	HSK6
1474	盘	491	491	385	99.7372	HSK4
1475	驶	490	490	117	99.7378	HSK5
1476	決	490	490	333	99.7383	
1477	闪	489	480	235	99.7389	HSK4
1478	陛	488	488	5	99.7394	
1479	確	488	488	536	99.7400	
1480	饼	488	488	183	99.7406	HSK5
1481	亨	487	487	203	99.7411	
1482	柔	486	486	238	99.7417	HSK7-9
1483	咒	486	486	154	99.7422	
1484	劫	481	481	236	99.7428	HSK7-9
1485	河	481	481	909	99.7434	HSK2
1486	奥	480	480	1408	99.7439	HSK7-9
1487	乡	479	479	185	99.7445	HSK3
1488	批	477	477	255	99.7450	HSK3
1489	缺	476	476	283	99.7456	HSK3
1490	國	473	473	2273	99.7461	
1491	沉	471	469	341	99.7466	HSK4
1492	村	471	471	685	99.7472	HSK3
1493	返	469	469	203	99.7477	HSK5
1494	龄	468	468	95	99.7483	HSK5
1495	农	468	468	327	99.7488	HSK3
1496	插	467	467	206	99.7493	HSK5
1497	肤	466	466	76	99.7499	HSK5
1498	异	465	465	247	99.7504	HSK6
1499	爹	464	463	181	99.7509	HSK7-9
1500	营	464	464	420	99.7515	HSK3
1501	圈	463	461	414	99.7520	HSK4
1502	擎	462	462	50	99.7525	HSK7-9
1503	晓	462	462	218	99.7531	HSK6
1504	忠	457	457	381	99.7536	HSK6
1505	摩	454	454	683	99.7541	HSK5
1506	势	453	453	244	99.7546	HSK3
1507	谬	451	451	45	99.7552	HSK7-9
1508	塞	451	451	1258	99.7557	HSK6
1509	赞	451	451	260	99.7562	HSK4
1510	擅	450	450	43	99.7567	HSK7-9
1511	墨	450	450	367	99.7572	HSK6
1512	霉	449	449	146	99.7578	HSK7-9
1513	託	448	448	1	99.7583	
1514	寂	448	448	52	99.7588	HSK7-9
1515	捉	448	448	156	99.7593	HSK6
1516	呐	448	448	60	99.7598	HSK7-9
1517	曲	448	448	462	99.7603	HSK5
1518	誉	447	447	70	99.7609	HSK6
1519	盒	446	446	247	99.7614	HSK5
1520	浴	446	446	168	99.7619	HSK7-9
1521	敲	445	443	174	99.7624	HSK5
1522	兽	444	444	251	99.7629	HSK7-9
1523	纯	444	444	234	99.7634	HSK4
1524	述	443	443	146	99.7639	HSK4
1525	談	443	320	558	99.7644	
1526	乘	441	441	262	99.7649	HSK5
1527	劳	440	440	688	99.7654	HSK5
1528	补	440	439	374	99.7660	HSK3
1529	杉	438	438	244	99.7665	
1530	描	438	438	111	99.7670	HSK4
1531	壁	437	437	235	99.7675	HSK5
1532	豪	437	437	403	99.7680	HSK5
1533	汉	437	437	951	99.7685	HSK1
1534	玻	436	436	122	99.7690	HSK5
1535	祖	436	436	529	99.7695	HSK6
1536	盛	434	434	335	99.7700	HSK6
1537	滩	434	434	83	99.7705	HSK7-9
1538	扫	434	434	203	99.7710	HSK4
1539	默	434	422	512	99.7715	HSK4
1540	析	433	433	76	99.7720	HSK5
1541	饮	432	432	178	99.7725	HSK5
1542	矶	431	431	26	99.7730	
1543	璃	431	431	87	99.7735	HSK5
1544	予	431	431	176	99.7740	HSK6
1545	咯	429	424	153	99.7745	
1546	妒	429	429	38	99.7749	HSK7-9
1547	章	429	429	354	99.7754	HSK3
1548	蜜	429	429	370	99.7759	HSK7-9
1549	抬	429	429	133	99.7764	HSK5
1550	敏	428	428	433	99.7769	HSK5
1551	寞	426	426	17	99.7774	HSK7-9
1552	雪	425	425	1133	99.7779	HSK2
1553	艘	425	425	91	99.7784	HSK7-9
1554	绿	424	424	389	99.7789	HSK2
1555	委	424	424	460	99.7794	HSK5
1556	佛	421	421	1203	99.7799	HSK6
1557	撑	420	420	130	99.7803	HSK6
1558	寫	419	419	268	99.7808	
1559	佳	419	419	466	99.7813	HSK6
1560	鲁	419	419	1636	99.7818	HSK7-9
1561	盾	417	417	544	99.7823	HSK5
1562	贺	416	416	373	99.7827	HSK5
1563	厂	415	415	317	99.7832	HSK3
1564	嫌	415	415	151	99.7837	HSK6
1565	膀	414	414	82	99.7842	HSK7-9
1566	洋	412	412	445	99.7847	HSK6
1567	興	411	411	301	99.7851	
1568	胸	409	409	272	99.7856	HSK4
1569	余	405	405	318	99.7861	HSK4
1570	诅	404	404	13	99.7865	
1571	央	404	404	117	99.7870	HSK5
1572	帐	404	404	127	99.7875	HSK7-9
1573	航	402	402	362	99.7879	HSK4
1574	侵	401	401	102	99.7884	HSK6
1575	伍	400	400	432	99.7888	HSK6
1576	嫉	397	397	27	99.7893	HSK7-9
1577	拼	397	397	180	99.7898	HSK5
1578	燃	397	397	167	99.7902	HSK4
1579	阴	397	397	276	99.7907	HSK2
1580	骨	395	395	602	99.7911	HSK4
1581	牧	394	394	168	99.7916	HSK7-9
1582	惑	393	393	63	99.7920	HSK7-9
1583	裙	390	390	100	99.7925	HSK3
1584	液	388	388	235	99.7929	HSK6
1585	廉	387	387	144	99.7934	HSK7-9
1586	奴	385	385	314	99.7938	HSK7-9
1587	爵	385	385	173	99.7943	HSK7-9
1588	狠	385	251	167	99.7947	HSK6
1589	烤	383	383	175	99.7951	HSK5
1590	卷	383	383	407	99.7956	HSK4
1591	青	383	383	694	99.7960	HSK2
1592	菲	375	374	1157	99.7965	
1593	春	374	374	741	99.7969	HSK2
1594	评	372	372	170	99.7973	HSK3
1595	肮	371	371	24	99.7977	
1596	仗	370	370	105	99.7982	HSK7-9
1597	卧	370	370	103	99.7986	HSK5
1598	夺	369	369	193	99.7990	HSK6
1599	献	369	369	164	99.7994	HSK5
1600	仪	368	368	230	99.7999	HSK6
1601	奏	368	368	188	99.8003	HSK6
1602	況	367	367	100	99.8007	
1603	忌	367	367	108	99.8011	HSK7-9
1604	醫	367	367	468	99.8016	
1605	妞	367	367	184	99.8020	
1606	碍	366	364	104	99.8024	HSK5
1607	征	366	366	201	99.8028	HSK4
1608	試	366	238	505	99.8032	
1609	魅	365	365	31	99.8037	HSK7-9
1610	慧	361	361	251	99.8041	HSK6
1611	捡	361	361	24	99.8045	HSK6
1612	零	361	356	359	99.8049	HSK1
1613	渐	361	251	95	99.8053	HSK4
1614	钻	360	360	163	99.8057	HSK6
1615	幾	360	360	873	99.8062	
1616	草	360	359	696	99.8066	HSK2
1617	纳	358	358	2215	99.8070	HSK6
1618	隶	357	357	20	99.8074	HSK7-9
1619	猴	357	357	232	99.8078	HSK5
1620	壮	356	356	182	99.8082	HSK6
1621	诗	355	355	295	99.8086	HSK4
1622	绳	353	353	209	99.8090	HSK7-9
1623	慰	352	352	143	99.8094	HSK5
1624	夸	351	350	98	99.8098	HSK7-9
1625	泰	350	350	1251	99.8102	HSK7-9
1626	尬	348	348	44	99.8106	HSK7-9
1627	筑	348	348	115	99.8110	HSK5
1628	载	348	348	348	99.8114	HSK4
1629	羅	345	345	1643	99.8118	
1630	尴	343	343	8	99.8122	HSK7-9
1631	恕	342	342	35	99.8126	HSK7-9
1632	督	342	342	176	99.8130	HSK6
1633	编	341	341	257	99.8134	HSK4
1634	赋	340	340	43	99.8138	HSK7-9
1635	車	338	338	2147	99.8142	
1636	欲	336	335	247	99.8146	HSK6
1637	赖	336	336	364	99.8150	HSK6
1638	企	335	335	176	99.8154	HSK4
1639	频	335	335	117	99.8157	HSK5
1640	廊	334	334	48	99.8161	HSK7-9
1641	蛇	334	334	369	99.8165	HSK5
1642	摔	334	334	76	99.8169	HSK5
1643	针	333	333	349	99.8173	HSK4
1644	曼	331	331	1825	99.8177	
1645	璶	330	330	6	99.8180	
1646	狼	329	329	389	99.8184	HSK7-9
1647	辞	329	329	141	99.8188	HSK5
1648	陆	329	329	285	99.8192	HSK4
1649	耀	328	328	151	99.8196	HSK6
1650	猎	328	328	169	99.8199	HSK7-9
1651	約	326	326	500	99.8203	
1652	障	326	326	154	99.8207	HSK6
1653	齿	325	325	147	99.8211	HSK7-9
1654	列	325	325	792	99.8214	HSK4
1655	症	324	324	323	99.8218	HSK6
1656	埃	324	324	856	99.8222	
1657	款	323	323	378	99.8226	HSK5
1658	震	322	322	303	99.8229	HSK5
1659	扶	320	320	125	99.8233	HSK5
1660	构	319	319	141	99.8237	HSK4
1661	娃	319	177	281	99.8240	HSK6
1662	唐	318	318	540	99.8244	
1663	遠	318	316	669	99.8248	
1664	艰	316	316	39	99.8251	HSK5
1665	瞄	316	316	76	99.8255	HSK7-9
1666	摇	315	312	247	99.8258	HSK4
1667	歲	314	314	161	99.8262	
1668	夠	314	314	834	99.8266	
1669	嘲	313	313	30	99.8269	HSK7-9
1670	隻	312	312	1	99.8273	
1671	幽	312	312	109	99.8277	HSK5
1672	漠	311	311	57	99.8280	HSK5
1673	恼	308	308	33	99.8284	HSK7-9
1674	瘋	307	307	152	99.8287	
1675	池	307	307	321	99.8291	HSK5
1676	滑	307	307	362	99.8294	HSK5
1677	舌	306	306	244	99.8298	HSK6
1678	崩	306	306	173	99.8301	HSK7-9
1679	朗	306	306	778	99.8305	HSK5
1680	逐	306	306	157	99.8308	HSK4
1681	订	306	306	267	99.8312	HSK3
1682	學	306	306	1897	99.8315	
1683	媒	305	305	108	99.8319	HSK3
1684	熊	305	303	437	99.8322	HSK5
1685	胎	303	303	228	99.8326	HSK7-9
1686	凡	303	303	438	99.8329	HSK6
1687	丧	302	302	173	99.8333	HSK6
1688	虫	301	300	408	99.8336	HSK4
1689	策	301	301	210	99.8340	HSK6
1690	贴	300	300	199	99.8343	HSK4
1691	济	299	299	216	99.8347	HSK3
1692	萨	297	297	1515	99.8350	HSK7-9
1693	铁	296	296	664	99.8354	HSK2
1694	炒	294	294	111	99.8357	HSK6
1695	灾	294	294	132	99.8360	HSK5
1696	跪	294	294	40	99.8364	HSK6
1697	宰	293	293	152	99.8367	HSK7-9
1698	软	293	292	318	99.8370	HSK5
1699	粉	292	292	494	99.8374	HSK6
1700	壞	291	291	408	99.8377	
1701	库	291	291	652	99.8380	HSK5
1702	固	290	290	182	99.8384	HSK4
1703	侮	289	289	31	99.8387	HSK7-9
1704	槟	289	289	11	99.8390	
1705	槍	288	288	454	99.8394	
1706	龙	288	288	1211	99.8397	HSK3
1707	阱	287	287	13	99.8400	HSK7-9
1708	尾	287	287	603	99.8404	HSK4
1709	剑	286	286	372	99.8407	HSK6
1710	阁	286	286	109	99.8410	HSK7-9
1711	仿	286	286	71	99.8414	HSK5
1712	溃	285	285	57	99.8417	HSK7-9
1713	施	285	285	652	99.8420	HSK4
1714	卑	284	284	103	99.8423	HSK7-9
1715	磅	283	283	82	99.8427	HSK7-9
1716	额	283	283	179	99.8430	HSK6
1717	殿	282	282	150	99.8433	HSK7-9
1718	倦	281	281	64	99.8436	HSK7-9
1719	剪	281	281	168	99.8440	HSK5
1720	鼓	280	280	305	99.8443	HSK5
1721	冬	279	279	285	99.8446	HSK2
1722	煩	275	275	212	99.8449	
1723	穦	274	274	5	99.8452	
1724	證	274	274	539	99.8456	
1725	扎	274	274	468	99.8459	HSK6
1726	鄙	273	273	39	99.8462	HSK7-9
1727	桥	273	273	467	99.8465	HSK3
1728	木	272	272	1114	99.8468	HSK3
1729	復	271	271	1	99.8471	
1730	兔	269	269	146	99.8474	HSK5
1731	减	269	269	211	99.8477	HSK4
1732	腔	268	268	478	99.8481	HSK7-9
1733	侦	268	268	63	99.8484	HSK7-9
1734	纹	267	267	171	99.8487	HSK7-9
1735	墓	266	266	117	99.8490	HSK6
1736	召	266	266	203	99.8493	HSK4
1737	符	265	265	235	99.8496	HSK4
1738	伸	265	265	165	99.8499	HSK5
1739	挣	265	265	54	99.8502	HSK5
1740	省	265	235	367	99.8505	HSK2
1741	尚	265	265	450	99.8508	HSK4
1742	衬	264	264	67	99.8511	HSK3
1743	肩	264	263	185	99.8514	HSK5
1744	闯	264	264	93	99.8517	HSK5
1745	唤	263	263	63	99.8520	HSK7-9
1746	刑	262	262	233	99.8523	HSK7-9
1747	宗	261	261	374	99.8526	HSK6
1748	薪	260	260	105	99.8529	HSK6
1749	芝	259	259	188	99.8532	HSK7-9
1750	衫	257	257	153	99.8535	HSK3
1751	雅	257	257	1067	99.8538	HSK7-9
1752	囚	256	256	80	99.8541	HSK7-9
1753	痕	255	255	159	99.8544	HSK7-9
1754	盟	253	253	188	99.8547	HSK6
1755	軍	253	253	1327	99.8550	
1756	計	253	253	643	99.8553	
1757	蒙	253	253	1114	99.8556	HSK6
1758	脾	252	252	64	99.8559	HSK5
1759	險	251	251	236	99.8561	
1760	奸	251	251	176	99.8564	HSK7-9
1761	慈	251	251	143	99.8567	HSK7-9
1762	胳	250	250	15	99.8570	HSK7-9
1763	膊	250	250	28	99.8573	HSK7-9
1764	泣	250	250	55	99.8576	HSK7-9
1765	疾	250	250	157	99.8579	HSK6
1766	版	250	250	367	99.8582	HSK5
1767	虚	250	250	214	99.8585	HSK5
1768	碞	248	248	1	99.8587	
1769	扂	248	248	1	99.8590	
1770	耻	248	248	105	99.8593	HSK7-9
1771	阶	247	247	146	99.8596	HSK4
1772	拆	246	246	163	99.8599	HSK5
1773	繫	243	243	1	99.8602	
1774	宽	243	243	157	99.8604	HSK4
1775	喉	242	242	113	99.8607	HSK7-9
1776	鲍	242	242	273	99.8610	
1777	励	242	242	38	99.8613	HSK5
1778	略	242	242	278	99.8616	HSK6
1779	邮	241	241	144	99.8618	HSK3
1780	偿	241	241	105	99.8621	HSK5
1781	谍	240	240	49	99.8624	HSK7-9
1782	凌	240	240	145	99.8627	HSK7-9
1783	泪	240	240	169	99.8629	HSK4
1784	诱	240	240	75	99.8632	HSK7-9
1785	噩	239	239	54	99.8635	
1786	拳	239	239	428	99.8638	HSK7-9
1787	夢	238	238	375	99.8640	
1788	簡	237	237	136	99.8643	
1789	购	235	235	134	99.8646	HSK4
1790	咙	234	234	10	99.8649	HSK7-9
1791	內	233	233	784	99.8651	
1792	氣	233	233	1214	99.8654	
1793	忽	232	232	84	99.8657	HSK2
1794	雖	231	231	84	99.8659	
1795	飯	231	231	244	99.8662	
1796	贼	231	231	186	99.8665	HSK7-9
1797	慌	231	231	110	99.8667	HSK5
1798	場	231	231	1052	99.8670	
1799	劝	230	225	65	99.8672	HSK5
1800	選	230	230	664	99.8675	
1801	洁	230	230	312	99.8678	HSK6
1802	偏	229	170	227	99.8680	HSK6
1803	護	226	226	700	99.8683	
1804	孙	226	226	320	99.8686	HSK4
1805	饶	225	225	60	99.8688	HSK7-9
1806	崇	225	225	85	99.8691	HSK6
1807	胞	225	225	122	99.8693	HSK6
1808	革	224	224	186	99.8696	HSK5
1809	绕	224	224	175	99.8699	HSK5
1810	绅	223	223	30	99.8701	HSK7-9
1811	倍	223	223	156	99.8704	HSK4
1812	潜	223	223	132	99.8706	HSK6
1813	亦	222	222	109	99.8709	HSK7-9
1814	咦	220	220	1	99.8711	
1815	輕	220	219	381	99.8714	
1816	亏	220	220	79	99.8716	HSK5
1817	糊	220	218	255	99.8719	HSK5
1818	益	219	219	209	99.8721	HSK4
1819	京	219	219	411	99.8724	HSK1
1820	緊	219	217	307	99.8727	
1821	销	219	219	199	99.8729	HSK4
1822	绩	218	218	63	99.8732	HSK2
1823	懦	218	218	14	99.8734	
1824	聲	218	218	658	99.8737	
1825	层	217	216	321	99.8739	HSK2
1826	袖	216	216	93	99.8742	HSK6
1827	巾	215	215	89	99.8744	HSK4
1828	径	215	215	82	99.8747	HSK6
1829	迅	214	214	45	99.8749	HSK4
1830	粹	214	214	72	99.8751	HSK7-9
1831	详	213	213	54	99.8754	HSK5
1832	涉	213	213	109	99.8756	HSK6
1833	氛	212	212	40	99.8759	HSK6
1834	晕	212	212	140	99.8761	HSK6
1835	肃	211	211	29	99.8764	HSK5
1836	夹	211	211	176	99.8766	HSK5
1837	鬆	210	210	1	99.8768	
1838	妨	210	210	32	99.8771	HSK7-9
1839	單	210	210	461	99.8773	
1840	羊	210	210	442	99.8776	HSK3
1841	報	210	210	535	99.8778	
1842	蹈	208	208	61	99.8781	HSK6
1843	岸	208	208	187	99.8783	HSK5
1844	苹	206	206	40	99.8785	HSK3
1845	沿	206	206	137	99.8788	HSK6
1846	胃	206	206	170	99.8790	HSK5
1847	缘	206	206	141	99.8792	HSK6
1848	端	206	205	368	99.8795	HSK6
1849	賣	205	205	369	99.8797	
1850	號	205	205	1042	99.8800	
1851	钮	205	205	135	99.8802	
1852	瑟	205	205	860	99.8804	
1853	勃	204	203	380	99.8807	HSK7-9
1854	盗	204	204	151	99.8809	HSK6
1855	瞭	203	203	69	99.8811	
1856	翅	203	203	84	99.8814	HSK7-9
1857	昏	203	203	179	99.8816	HSK6
1858	瞬	202	202	87	99.8818	HSK7-9
1859	祸	202	202	133	99.8821	HSK7-9
1860	琴	202	202	459	99.8823	HSK5
1861	售	202	202	214	99.8825	HSK4
1862	帕	202	202	1358	99.8828	HSK7-9
1863	臉	201	201	235	99.8830	
1864	湿	201	200	212	99.8832	HSK4
1865	逗	201	201	97	99.8835	HSK7-9
1866	傷	201	201	541	99.8837	
1867	肥	200	200	435	99.8839	HSK4
1868	瘦	199	199	145	99.8841	HSK5
1869	琳	199	199	626	99.8844	
1870	珠	198	198	441	99.8846	HSK5
1871	伪	197	197	167	99.8848	HSK7-9
1872	弧	196	196	195	99.8851	HSK7-9
1873	骚	196	196	132	99.8853	HSK7-9
1874	竞	196	196	90	99.8855	HSK5
1875	番	195	195	185	99.8857	HSK6
1876	宴	194	194	114	99.8860	HSK6
1877	隨	194	194	281	99.8862	
1878	宫	194	194	485	99.8864	HSK6
1879	遥	193	193	79	99.8866	HSK7-9
1880	薄	193	193	296	99.8868	HSK4
1881	玫	192	192	37	99.8871	HSK7-9
1882	瑰	192	192	24	99.8873	HSK7-9
1883	樂	192	192	1069	99.8875	
1884	萬	191	191	1147	99.8877	
1885	涂	191	191	242	99.8879	HSK7-9
1886	咐	190	190	22	99.8882	HSK7-9
1887	荐	190	190	50	99.8884	HSK7-9
1888	肌	190	190	111	99.8886	HSK5
1889	缠	190	190	114	99.8888	HSK7-9
1890	吩	189	189	8	99.8890	HSK7-9
1891	舔	189	189	8	99.8893	HSK7-9
1892	植	189	189	337	99.8895	HSK4
1893	灰	188	188	404	99.8897	HSK5
1894	喽	187	187	8	99.8899	
1895	擇	187	187	97	99.8901	
1896	振	187	187	270	99.8903	HSK5
1897	幅	187	187	140	99.8906	HSK5
1898	讽	186	186	160	99.8908	HSK7-9
1899	絕	186	186	440	99.8910	
1900	乏	185	185	54	99.8912	HSK5
1901	傅	184	184	152	99.8914	HSK5
1902	蹲	184	184	41	99.8916	HSK6
1903	沮	183	183	29	99.8918	HSK7-9
1904	扁	183	183	118	99.8920	HSK6
1905	盡	183	183	263	99.8923	
1906	巫	183	183	92	99.8925	HSK7-9
1907	愈	183	163	228	99.8927	HSK7-9
1908	虎	182	180	491	99.8929	HSK5
1909	党	182	182	383	99.8931	HSK6
1910	粗	182	182	205	99.8933	HSK4
1911	恒	181	181	109	99.8935	HSK7-9
1912	患	181	181	163	99.8937	HSK6
1913	張	181	181	594	99.8939	
1914	將	181	181	2345	99.8941	
1915	延	181	181	265	99.8943	HSK4
1916	甲	180	180	415	99.8946	HSK5
1917	寶	179	177	729	99.8948	
1918	膝	177	177	90	99.8950	HSK7-9
1919	討	177	177	175	99.8952	
1920	舰	177	177	191	99.8954	HSK6
1921	俊	176	176	560	99.8956	HSK7-9
1922	體	176	176	726	99.8958	
1923	笵	175	175	4	99.8960	
1924	钢	175	175	283	99.8962	HSK5
1925	仁	174	174	460	99.8964	HSK7-9
1926	赐	174	174	76	99.8966	HSK7-9
1927	眠	173	173	104	99.8968	HSK5
1928	宾	173	173	446	99.8970	HSK5
1929	衡	171	171	136	99.8972	HSK6
1930	貝	170	170	736	99.8974	
1931	齐	170	170	601	99.8976	HSK3
1932	饰	170	170	185	99.8978	HSK5
1933	融	170	170	154	99.8980	HSK6
1934	奉	170	170	219	99.8982	HSK6
1935	閉	169	169	173	99.8983	
1936	蹤	168	168	1	99.8985	
1937	砰	168	163	10	99.8987	
1938	達	168	168	1019	99.8989	
1939	丰	168	168	176	99.8991	HSK3
1940	屠	168	168	95	99.8993	HSK7-9
1941	鐘	168	168	439	99.8995	
1942	素	168	168	576	99.8997	HSK6
1943	頭	168	168	2178	99.8999	
1944	柏	167	167	987	99.9001	HSK7-9
1945	渣	167	167	115	99.9003	HSK7-9
1946	飛	167	167	657	99.9005	
1947	谷	167	167	535	99.9007	HSK6
1948	郎	167	167	429	99.9009	HSK4
1949	荡	167	163	165	99.9010	HSK7-9
1950	辑	167	167	52	99.9012	HSK5
1951	隧	166	166	21	99.9014	HSK7-9
1952	製	166	166	1	99.9016	
1953	辩	166	166	113	99.9018	HSK4
1954	寸	166	166	180	99.9020	HSK4
1955	淋	165	162	136	99.9022	HSK7-9
1956	潮	165	165	264	99.9024	HSK4
1957	戰	165	165	1059	99.9026	
1958	奔	165	165	184	99.9028	HSK6
1959	箭	164	164	237	99.9030	HSK6
1960	戚	163	163	78	99.9031	HSK7-9
1961	唇	163	163	135	99.9033	HSK7-9
1962	钉	163	163	171	99.9035	HSK7-9
1963	淹	163	163	47	99.9037	HSK7-9
1964	柜	163	163	154	99.9039	HSK5
1965	姿	162	162	137	99.9041	HSK7-9
1966	刮	162	162	147	99.9043	HSK6
1967	扇	162	162	138	99.9045	HSK5
1968	赔	162	162	121	99.9046	HSK5
1969	瓦	162	162	1572	99.9048	HSK7-9
1970	穷	162	162	204	99.9050	HSK4
1971	皆	161	161	66	99.9052	HSK7-9
1972	沟	161	161	124	99.9054	HSK5
1973	酪	161	161	37	99.9056	
1974	旋	161	161	214	99.9058	HSK6
1975	滋	160	160	157	99.9059	HSK7-9
1976	割	160	160	232	99.9061	HSK7-9
1977	拦	160	160	94	99.9063	HSK7-9
1978	眔	159	159	1	99.9065	
1979	辣	158	157	270	99.9067	HSK4
1980	論	157	157	330	99.9068	
1981	裂	156	156	235	99.9070	HSK6
1982	髮	155	155	1	99.9072	
1983	倆	155	155	28	99.9074	
1984	抹	155	155	100	99.9076	HSK7-9
1985	裹	155	155	80	99.9077	HSK4
1986	願	155	155	302	99.9079	
1987	宠	154	154	82	99.9081	HSK6
1988	靜	154	153	353	99.9083	
1989	倾	154	154	133	99.9085	HSK6
1990	栋	154	154	129	99.9086	HSK7-9
1991	仓	153	153	222	99.9088	HSK6
1992	堵	153	153	128	99.9090	HSK4
1993	佩	153	153	728	99.9092	HSK7-9
1994	腊	153	153	155	99.9093	HSK7-9
1995	條	153	153	694	99.9095	
1996	账	153	153	122	99.9097	HSK6
1997	筁	152	152	11	99.9099	
1998	癌	152	152	115	99.9100	HSK7-9
1999	梅	152	152	1439	99.9102	HSK6
2000	娱	151	151	45	99.9104	HSK6
2001	厭	151	151	114	99.9106	
2002	趕	151	151	160	99.9107	
2003	勉	149	149	64	99.9109	HSK7-9
2004	癸	149	149	74	99.9111	
2005	書	149	149	687	99.9112	
2006	扣	149	149	280	99.9114	HSK6
2007	溜	149	147	151	99.9116	HSK7-9
2008	妥	149	149	124	99.9118	HSK7-9
2009	裁	149	149	197	99.9119	HSK5
2010	率	149	149	363	99.9121	HSK4
2011	烫	148	148	59	99.9123	HSK7-9
2012	咋	148	148	26	99.9124	
2013	畜	148	148	63	99.9126	HSK7-9
2014	核	148	148	400	99.9128	HSK5
2015	運	148	148	752	99.9130	
2016	斕	147	147	89	99.9131	
2017	坞	147	147	20	99.9133	
2018	騙	147	147	124	99.9135	
2019	參	147	147	297	99.9136	
2020	仆	147	147	70	99.9138	HSK7-9
2021	君	147	147	844	99.9140	HSK7-9
2022	泄	147	147	80	99.9141	HSK7-9
2023	谊	145	145	34	99.9143	HSK5
2024	拘	145	145	55	99.9145	HSK7-9
2025	湖	145	145	573	99.9146	HSK2
2026	坟	144	144	39	99.9148	HSK7-9
2027	钓	144	144	92	99.9150	HSK7-9
2028	钩	144	144	123	99.9151	HSK7-9
2029	韩	144	144	323	99.9153	
2030	陈	144	144	495	99.9155	HSK7-9
2031	毯	144	144	61	99.9156	HSK7-9
2032	署	144	144	177	99.9158	HSK7-9
2033	抖	144	144	126	99.9160	HSK7-9
2034	並	144	144	1086	99.9161	
2035	逛	144	110	54	99.9163	HSK4
2036	毙	143	143	139	99.9165	HSK7-9
2037	逻	143	143	41	99.9166	HSK5
2038	扭	143	142	149	99.9168	HSK6
2039	豆	143	140	347	99.9170	HSK4
2040	桶	142	142	184	99.9171	HSK7-9
2041	兹	141	141	1249	99.9173	HSK7-9
2042	亿	141	141	243	99.9174	HSK2
2043	匹	141	141	328	99.9176	HSK5
2044	亂	140	140	344	99.9178	
2045	挤	140	140	150	99.9179	HSK5
2046	舍	140	140	309	99.9181	HSK5
2047	蜂	140	140	175	99.9183	HSK7-9
2048	季	139	139	348	99.9184	HSK4
2049	慕	138	138	266	99.9186	HSK7-9
2050	幼	138	138	200	99.9187	HSK4
2051	污	138	138	178	99.9189	HSK5
2052	哀	137	137	126	99.9191	HSK7-9
2053	庄	137	137	238	99.9192	HSK6
2054	押	137	137	172	99.9194	HSK5
2055	宿	137	137	167	99.9195	HSK5
2056	械	136	136	127	99.9197	HSK6
2057	唬	136	136	28	99.9198	HSK7-9
2058	坠	136	136	87	99.9200	HSK7-9
2059	腳	135	135	379	99.9202	
2060	釋	135	135	160	99.9203	
2061	碗	135	135	149	99.9205	HSK2
2062	抚	135	135	73	99.9206	HSK7-9
2063	門	134	134	1467	99.9208	
2064	顧	133	133	238	99.9209	
2065	炮	133	133	424	99.9211	HSK6
2066	吞	132	129	177	99.9212	HSK6
2067	淇	131	131	32	99.9214	
2068	類	131	131	393	99.9215	
2069	轨	131	131	90	99.9217	HSK6
2070	巡	131	131	164	99.9218	HSK7-9
2071	伏	131	131	252	99.9220	HSK7-9
2072	咧	130	130	50	99.9221	HSK7-9
2073	責	130	130	300	99.9223	
2074	師	130	130	978	99.9224	
2075	蜡	129	129	96	99.9226	HSK7-9
2076	烛	129	129	56	99.9227	HSK7-9
2077	递	129	129	94	99.9229	HSK4
2078	含	129	129	225	99.9230	HSK4
2079	呦	128	128	1	99.9232	
2080	贾	128	128	415	99.9233	HSK7-9
2081	喘	128	128	97	99.9235	HSK7-9
2082	愧	128	128	53	99.9236	HSK7-9
2083	篇	127	127	175	99.9238	HSK2
2084	挨	127	126	88	99.9239	HSK6
2085	勾	126	126	119	99.9241	HSK7-9
2086	罩	126	126	110	99.9242	HSK7-9
2087	漏	126	126	232	99.9243	HSK5
2088	浑	125	125	53	99.9245	HSK7-9
2089	侣	125	125	38	99.9246	HSK7-9
2090	葡	125	125	62	99.9248	HSK5
2091	萄	125	125	43	99.9249	HSK5
2092	诶	124	124	1	99.9251	
2093	矮	124	124	162	99.9252	HSK4
2094	琼	124	124	191	99.9253	
2095	蕾	124	124	427	99.9255	HSK7-9
2096	芭	124	83	150	99.9256	HSK7-9
2097	睁	124	99	18	99.9258	HSK7-9
2098	痷	123	123	1	99.9259	
2099	弥	123	123	139	99.9261	HSK7-9
2100	標	122	122	265	99.9262	
2101	沾	122	122	91	99.9263	HSK7-9
2102	肠	122	122	213	99.9265	HSK5
2103	舱	122	122	168	99.9266	HSK7-9
2104	忧	122	122	121	99.9268	HSK6
2105	秩	121	121	18	99.9269	HSK7-9
2106	厲	121	121	35	99.9270	
2107	劃	121	121	269	99.9272	
2108	焰	121	121	86	99.9273	HSK7-9
2109	哩	121	121	298	99.9275	
2110	贷	121	121	90	99.9276	HSK5
2111	积	121	121	248	99.9277	HSK3
2112	腐	121	121	166	99.9279	HSK4
2113	闲	121	121	232	99.9280	HSK5
2114	秨	120	120	1	99.9282	
2115	務	120	120	570	99.9283	
2116	猛	120	120	269	99.9284	HSK6
2117	滾	119	119	143	99.9286	
2118	吊	119	119	273	99.9287	HSK6
2119	酱	119	119	228	99.9288	HSK6
2120	棍	119	119	171	99.9290	HSK7-9
2121	役	119	119	93	99.9291	HSK7-9
2122	氓	118	118	16	99.9293	HSK7-9
2123	踏	118	118	178	99.9294	HSK6
2124	豫	117	117	55	99.9295	HSK5
2125	堕	117	117	47	99.9297	HSK7-9
2126	堪	117	117	166	99.9298	HSK7-9
2127	妖	117	117	153	99.9299	HSK7-9
2128	弯	117	117	160	99.9301	HSK4
2129	页	116	116	135	99.9302	HSK1
2130	裸	116	112	119	99.9303	HSK7-9
2131	链	116	116	142	99.9305	HSK7-9
2132	翴	115	115	2	99.9306	
2133	厦	115	115	26	99.9307	HSK7-9
2134	耽	115	115	22	99.9309	HSK7-9
2135	跌	115	115	158	99.9310	HSK6
2136	逊	115	115	303	99.9311	HSK7-9
2137	吼	114	113	60	99.9313	HSK7-9
2138	纵	114	114	109	99.9314	HSK6
2139	诡	114	114	58	99.9315	
2140	喷	114	114	230	99.9316	HSK5
2141	汀	114	114	193	99.9318	
2142	隊	114	114	900	99.9319	
2143	岆	113	113	1	99.9320	
2144	羡	113	113	25	99.9322	HSK7-9
2145	狮	113	113	174	99.9323	HSK7-9
2146	芬	113	113	518	99.9324	HSK7-9
2147	爭	112	112	335	99.9326	
2148	較	112	112	89	99.9327	
2149	挽	112	112	44	99.9328	HSK7-9
2150	谣	111	111	20	99.9329	HSK7-9
2151	聯	111	111	412	99.9331	
2152	霍	111	111	690	99.9332	HSK7-9
2153	黃	110	110	235	99.9333	
2154	蛛	110	110	37	99.9335	
2155	妆	110	110	121	99.9336	HSK7-9
2156	塊	110	110	350	99.9337	
2157	牵	110	110	119	99.9338	HSK6
2158	轴	109	109	116	99.9340	HSK7-9
2159	谨	109	109	70	99.9341	HSK7-9
2160	沃	109	109	1091	99.9342	HSK7-9
2161	歇	109	106	173	99.9343	HSK5
2162	員	109	109	1441	99.9345	
2163	蛤	108	108	186	99.9346	
2164	薇	108	107	260	99.9347	
2165	慎	108	108	87	99.9348	HSK7-9
2166	據	108	108	166	99.9350	
2167	铃	108	108	221	99.9351	HSK5
2168	冻	108	108	190	99.9352	HSK5
2169	棺	107	107	52	99.9353	HSK7-9
2170	蜘	107	107	26	99.9355	
2171	侄	107	107	31	99.9356	
2172	汗	107	107	181	99.9357	HSK5
2173	慮	106	106	42	99.9358	
2174	稚	106	106	31	99.9359	HSK7-9
2175	珊	106	106	264	99.9361	
2176	培	106	106	327	99.9362	HSK4
2177	乳	106	106	238	99.9363	HSK6
2178	岩	105	105	221	99.9364	HSK7-9
2179	虐	105	105	82	99.9366	HSK7-9
2180	負	105	105	273	99.9367	
2181	疚	105	105	22	99.9368	
2182	填	105	105	185	99.9369	HSK4
2183	覆	105	105	168	99.9370	HSK7-9
2184	熬	105	105	53	99.9372	HSK7-9
2185	焦	105	105	140	99.9373	HSK6
2186	泥	105	105	265	99.9374	HSK6
2187	窃	105	104	72	99.9375	HSK7-9
2188	呗	104	104	3	99.9376	
2189	闆	104	104	1	99.9378	
2190	慨	104	104	37	99.9379	HSK7-9
2191	础	104	104	29	99.9380	HSK3
2192	酬	104	104	77	99.9381	HSK7-9
2193	荷	104	104	453	99.9382	HSK7-9
2194	乾	104	104	335	99.9384	
2195	悄	104	53	38	99.9385	HSK5
2196	慷	103	103	15	99.9386	HSK7-9
2197	則	103	103	327	99.9387	
2198	餓	102	102	34	99.9388	
2199	氧	102	102	191	99.9390	HSK6
2200	搅	102	102	79	99.9391	HSK7-9
2201	艇	102	102	145	99.9392	HSK7-9
2202	瞷	101	101	1	99.9393	
2203	陋	101	101	37	99.9394	HSK7-9
2204	贡	101	101	126	99.9395	HSK6
2205	丛	101	101	76	99.9397	HSK7-9
2206	措	101	101	71	99.9398	HSK4
2207	擊	101	101	700	99.9399	
2208	舅	101	52	52	99.9400	HSK7-9
2209	刷	101	101	171	99.9401	HSK4
2210	拔	101	101	372	99.9402	HSK5
2211	腰	100	100	197	99.9403	HSK4
2212	汁	100	100	171	99.9405	HSK3
2213	饱	100	100	98	99.9406	HSK2
2214	诊	100	100	89	99.9407	HSK5
2215	佣	100	100	38	99.9408	HSK7-9
2216	删	99	99	32	99.9409	HSK7-9
2217	杜	99	99	994	99.9410	HSK7-9
2218	询	99	99	63	99.9411	HSK5
2219	催	99	99	120	99.9413	HSK7-9
2220	董	99	99	96	99.9414	HSK7-9
2221	揭	99	99	88	99.9415	HSK6
2222	撕	99	99	75	99.9416	HSK7-9
2223	捅	98	98	11	99.9417	HSK7-9
2224	戳	98	98	19	99.9418	HSK7-9
2225	芙	98	98	213	99.9419	
2226	狡	98	98	28	99.9421	HSK7-9
2227	產	98	98	833	99.9422	
2228	轰	98	96	105	99.9423	HSK7-9
2229	昂	98	98	294	99.9424	HSK7-9
2230	恰	98	81	144	99.9425	HSK6
2231	棄	97	97	207	99.9426	
2232	汇	97	97	150	99.9427	HSK4
2233	瘾	97	97	50	99.9428	HSK7-9
2234	靴	96	96	73	99.9430	HSK7-9
2235	贪	96	96	93	99.9431	HSK7-9
2236	朱	96	96	492	99.9432	HSK7-9
2237	憎	95	95	51	99.9433	
2238	御	95	95	209	99.9434	HSK7-9
2239	龟	95	95	190	99.9435	HSK7-9
2240	凉	95	95	228	99.9436	HSK2
2241	統	95	94	383	99.9437	
2242	卢	95	95	545	99.9438	
2243	币	94	94	125	99.9439	HSK3
2244	圆	94	93	309	99.9440	HSK4
2245	癬	93	93	103	99.9442	
2246	辨	93	93	155	99.9443	HSK7-9
2247	嗑	92	92	10	99.9444	
2248	猾	92	92	20	99.9445	HSK7-9
2249	芒	92	92	84	99.9446	HSK7-9
2250	镑	92	92	43	99.9447	HSK7-9
2251	淡	92	91	202	99.9448	HSK4
2252	缩	92	92	193	99.9449	HSK4
2253	稽	91	91	28	99.9450	HSK7-9
2254	袜	91	91	69	99.9451	HSK4
2255	玉	91	91	659	99.9452	HSK4
2256	债	91	91	159	99.9453	HSK6
2257	乌	91	91	450	99.9454	HSK6
2258	複	90	90	1	99.9455	
2259	苍	90	90	66	99.9456	HSK7-9
2260	秋	90	90	559	99.9457	HSK2
2261	夥	90	90	207	99.9458	
2262	纠	90	90	48	99.9459	HSK6
2263	琵	89	89	75	99.9460	
2264	阅	89	89	69	99.9461	HSK4
2265	妄	89	89	75	99.9462	HSK7-9
2266	扩	89	89	68	99.9463	HSK4
2267	懒	89	89	88	99.9465	HSK6
2268	滴	89	89	250	99.9466	HSK6
2269	搶	88	88	105	99.9467	
2270	檢	88	88	285	99.9468	
2271	铐	88	88	26	99.9469	
2272	僵	88	88	39	99.9470	HSK7-9
2273	笼	88	88	141	99.9471	HSK7-9
2274	谱	88	88	103	99.9472	HSK7-9
2275	茄	88	88	99	99.9473	HSK6
2276	兜	88	81	87	99.9474	HSK7-9
2277	叶	88	88	520	99.9475	HSK4
2278	均	87	87	118	99.9476	HSK4
2279	册	87	87	140	99.9477	HSK5
2280	罐	87	87	234	99.9478	HSK7-9
2281	晰	86	86	30	99.9479	HSK7-9
2282	蕉	86	86	46	99.9480	HSK3
2283	賽	86	86	665	99.9481	
2284	藉	86	86	33	99.9482	
2285	驱	86	86	115	99.9483	HSK7-9
2286	習	86	86	251	99.9484	
2287	抑	86	86	62	99.9485	HSK7-9
2288	贩	86	86	87	99.9486	HSK7-9
2289	賺	85	85	35	99.9487	
2290	呜	85	82	43	99.9488	HSK7-9
2291	叭	85	85	40	99.9489	HSK7-9
2292	禮	85	85	449	99.9490	
2293	渡	85	85	229	99.9490	HSK6
2294	睹	84	84	76	99.9491	HSK7-9
2295	疏	84	84	67	99.9492	HSK7-9
2296	缝	84	84	169	99.9493	HSK7-9
2297	蝴	83	83	47	99.9494	
2298	饥	83	83	44	99.9495	HSK7-9
2299	涯	83	83	35	99.9496	HSK7-9
2300	郁	83	83	139	99.9497	HSK7-9
2301	悦	83	83	79	99.9498	HSK7-9
2302	諒	82	82	36	99.9499	
2303	穴	82	82	120	99.9500	HSK7-9
2304	柯	82	82	751	99.9501	
2305	組	82	82	521	99.9502	
2306	滿	82	82	541	99.9503	
2307	業	82	82	596	99.9504	
2308	賸	81	81	2	99.9505	
2309	噪	81	81	43	99.9506	HSK7-9
2310	鲨	81	81	30	99.9507	HSK7-9
2311	披	81	81	119	99.9508	HSK5
2312	拨	81	81	170	99.9508	HSK6
2313	摘	81	81	123	99.9509	HSK5
2314	議	81	81	374	99.9510	
2315	佈	80	80	1	99.9511	
2316	調	80	80	379	99.9512	
2317	捣	80	80	63	99.9513	HSK7-9
2318	缉	80	80	27	99.9514	HSK7-9
2319	云	80	80	765	99.9515	HSK2
2320	視	80	80	494	99.9516	
2321	孔	80	80	315	99.9517	
2322	赎	80	80	36	99.9518	HSK7-9
2323	剂	80	80	291	99.9519	HSK7-9
2324	枚	79	79	59	99.9520	HSK7-9
2325	脉	79	79	159	99.9520	HSK7-9
2326	蝶	78	78	127	99.9521	
2327	擾	78	78	87	99.9522	
2328	樓	78	78	383	99.9523	
2329	寒	77	77	226	99.9524	HSK4
2330	携	77	77	64	99.9525	HSK7-9
2331	盔	77	77	28	99.9526	
2332	惠	77	77	455	99.9527	HSK5
2333	闷	77	73	124	99.9528	HSK7-9
2334	葛	76	76	1035	99.9528	
2335	兼	76	76	112	99.9529	HSK7-9
2336	雕	76	76	113	99.9530	HSK7-9
2337	厚	76	74	252	99.9531	HSK4
2338	泽	76	76	798	99.9532	HSK7-9
2339	猩	76	38	25	99.9533	HSK7-9
2340	鸽	75	75	72	99.9534	HSK7-9
2341	棘	75	75	27	99.9535	HSK7-9
2342	戮	75	75	27	99.9535	
2343	屈	75	75	227	99.9536	HSK7-9
2344	屌	74	74	2	99.9537	
2345	腥	74	74	44	99.9538	HSK7-9
2346	钞	74	74	35	99.9539	HSK7-9
2347	擁	74	74	75	99.9540	
2348	矛	74	74	120	99.9541	HSK5
2349	堅	74	74	141	99.9541	
2350	嚴	74	74	157	99.9542	
2351	丫	74	74	178	99.9543	HSK7-9
2352	姊	74	54	34	99.9544	
2353	忏	73	73	10	99.9545	
2354	勋	73	73	149	99.9546	HSK7-9
2355	唷	72	72	2	99.9546	
2356	喇	72	72	65	99.9547	HSK7-9
2357	罕	72	72	136	99.9548	HSK7-9
2358	煎	72	72	47	99.9549	HSK7-9
2359	礛	71	71	2	99.9550	
2360	枕	71	71	99	99.9551	HSK7-9
2361	哄	71	70	55	99.9551	HSK7-9
2362	夷	71	71	58	99.9552	HSK7-9
2363	適	71	71	196	99.9553	
2364	杆	71	71	295	99.9554	HSK6
2365	祥	71	71	404	99.9555	HSK6
2366	截	71	71	159	99.9556	HSK6
2367	桑	71	71	714	99.9556	HSK7-9
2368	腦	71	71	488	99.9557	
2369	逝	71	71	78	99.9558	HSK7-9
2370	郡	70	70	144	99.9559	
2371	戲	70	70	449	99.9560	
2372	缸	70	70	67	99.9560	HSK7-9
2373	資	70	70	370	99.9561	
2374	岂	70	70	27	99.9562	HSK7-9
2375	尘	70	69	189	99.9563	HSK7-9
2376	疲	70	70	59	99.9564	HSK7-9
2377	風	69	69	947	99.9564	
2378	歷	69	69	193	99.9565	
2379	添	69	69	232	99.9566	HSK6
2380	祇	68	68	2	99.9567	
2381	墅	68	68	19	99.9568	HSK7-9
2382	弊	68	68	70	99.9568	HSK7-9
2383	暑	68	68	39	99.9569	HSK4
2384	抄	68	68	120	99.9570	HSK4
2385	乃	68	68	254	99.9571	HSK7-9
2386	窝	68	68	144	99.9571	HSK7-9
2387	诀	68	68	107	99.9572	HSK7-9
2388	诸	68	68	115	99.9573	HSK6
2389	丸	68	68	173	99.9574	HSK7-9
2390	仙	68	68	440	99.9575	HSK7-9
2391	繁	68	68	102	99.9575	HSK5
2392	婪	67	67	9	99.9576	HSK7-9
2393	遊	67	67	403	99.9577	
2394	狀	67	67	146	99.9578	
2395	囉	66	66	1	99.9578	
2396	聰	66	66	97	99.9579	
2397	腕	66	66	134	99.9580	HSK7-9
2398	莓	66	66	77	99.9581	
2399	篷	66	66	49	99.9581	HSK7-9
2400	劣	66	66	101	99.9582	HSK7-9
2401	敗	66	66	235	99.9583	
2402	懷	66	66	283	99.9584	
2403	湾	66	66	240	99.9585	HSK6
2404	叉	66	66	167	99.9585	HSK5
2405	癡	65	65	1	99.9586	
2406	蝇	65	65	52	99.9587	HSK7-9
2407	杠	65	65	126	99.9588	HSK7-9
2408	聋	65	65	57	99.9588	HSK7-9
2409	肺	65	65	110	99.9589	HSK6
2410	辉	65	65	208	99.9590	HSK6
2411	薯	65	65	146	99.9591	HSK6
2412	贫	65	65	115	99.9591	HSK6
2413	塑	65	65	99	99.9592	HSK4
2414	晒	64	64	104	99.9593	HSK4
2415	誤	64	64	135	99.9594	
2416	盲	64	64	208	99.9594	HSK6
2417	肖	64	64	237	99.9595	HSK7-9
2418	戈	64	64	793	99.9596	HSK7-9
2419	畏	64	64	128	99.9596	HSK7-9
2420	田	64	64	1013	99.9597	HSK6
2421	崔	63	63	441	99.9598	
2422	剥	63	63	74	99.9599	HSK7-9
2423	疫	63	63	59	99.9599	HSK7-9
2424	麵	62	62	1	99.9600	
2425	炫	62	62	107	99.9601	HSK7-9
2426	憐	61	61	60	99.9601	
2427	鸭	61	61	127	99.9602	HSK5
2428	練	61	61	367	99.9603	
2429	循	61	61	83	99.9604	HSK6
2430	級	61	61	316	99.9604	
2431	斷	61	61	398	99.9605	
2432	屉	60	60	5	99.9606	HSK7-9
2433	酗	60	60	37	99.9606	HSK7-9
2434	盐	60	60	194	99.9607	HSK4
2435	掘	60	60	73	99.9608	HSK7-9
2436	咳	60	59	46	99.9608	HSK5
2437	铺	60	60	141	99.9609	HSK6
2438	謊	60	60	75	99.9610	
2439	遣	60	60	112	99.9611	HSK7-9
2440	悯	59	59	12	99.9611	
2441	敵	59	59	265	99.9612	
2442	際	59	59	201	99.9613	
2443	庞	59	59	138	99.9613	HSK7-9
2444	驴	59	59	84	99.9614	
2445	遲	59	59	119	99.9615	
2446	悬	59	59	98	99.9615	HSK6
2447	爾	59	59	3272	99.9616	
2448	獄	59	59	88	99.9617	
2449	歹	59	59	45	99.9617	HSK7-9
2450	呈	59	59	66	99.9618	HSK7-9
2451	缓	59	55	119	99.9619	HSK4
2452	盼	59	59	82	99.9619	HSK6
2453	棵	59	59	66	99.9620	HSK4
2454	狦	58	58	2	99.9621	
2455	玡	58	58	1	99.9621	
2456	斤	58	58	149	99.9622	HSK2
2457	镖	58	58	37	99.9623	
2458	敞	58	58	33	99.9623	HSK7-9
2459	捏	58	58	41	99.9624	HSK7-9
2460	搏	58	58	87	99.9625	HSK7-9
2461	碼	58	58	243	99.9625	
2462	惡	58	58	357	99.9626	
2463	伞	58	58	108	99.9627	HSK4
2464	跨	58	58	105	99.9627	HSK6
2465	髒	57	57	1	99.9628	
2466	竒	57	57	2	99.9629	
2467	刹	57	57	65	99.9629	HSK7-9
2468	粘	57	57	126	99.9630	HSK7-9
2469	賭	57	57	175	99.9631	
2470	呕	57	57	36	99.9631	HSK7-9
2471	筋	57	57	104	99.9632	HSK7-9
2472	捐	57	57	131	99.9633	HSK6
2473	儘	56	56	1	99.9633	
2474	稲	56	56	80	99.9634	
2475	嫂	56	56	87	99.9635	HSK7-9
2476	俘	56	56	30	99.9635	HSK7-9
2477	映	56	56	140	99.9636	HSK4
2478	雾	56	56	189	99.9637	HSK7-9
2479	漆	56	55	175	99.9637	HSK7-9
2480	侧	56	56	198	99.9638	HSK6
2481	蛙	55	55	65	99.9638	HSK7-9
2482	旨	55	55	78	99.9639	HSK7-9
2483	遺	55	55	127	99.9640	
2484	炼	55	55	133	99.9640	HSK4
2485	狐	55	55	160	99.9641	
2486	狸	55	55	110	99.9642	
2487	棕	55	55	87	99.9642	
2488	翔	55	55	102	99.9643	HSK7-9
2489	厢	55	55	61	99.9643	HSK7-9
2490	乞	55	55	43	99.9644	HSK7-9
2491	監	55	55	273	99.9645	
2492	侍	55	55	105	99.9645	HSK7-9
2493	臀	54	54	45	99.9646	
2494	費	54	54	775	99.9647	
2495	顯	54	54	165	99.9647	
2496	鹰	54	54	167	99.9648	HSK7-9
2497	旗	54	54	275	99.9649	HSK6
2498	赣	53	53	151	99.9649	
2499	臣	53	53	229	99.9650	HSK7-9
2500	匆	53	43	27	99.9650	HSK7-9
2501	疤	53	53	48	99.9651	
2502	驚	53	53	160	99.9652	
2503	俗	53	53	191	99.9652	HSK4
2504	錄	52	52	313	99.9653	
2505	洒	52	52	113	99.9653	HSK5
2506	虾	52	52	110	99.9654	HSK7-9
2507	勿	52	52	59	99.9655	HSK7-9
2508	晃	52	49	162	99.9655	HSK7-9
2509	傳	52	52	568	99.9656	
2510	宅	52	52	195	99.9656	HSK6
2511	栏	52	52	140	99.9657	HSK6
2512	蠅	51	51	107	99.9658	
2513	颤	51	51	59	99.9658	HSK7-9
2514	娩	51	51	36	99.9659	
2515	笆	51	51	62	99.9659	
2516	柴	51	51	221	99.9660	HSK5
2517	哲	51	51	376	99.9660	HSK6
2518	淘	51	51	67	99.9661	HSK7-9
2519	終	51	51	476	99.9662	
2520	浮	51	51	246	99.9662	HSK6
2521	澳	51	51	88	99.9663	
2522	規	51	51	221	99.9663	
2523	厄	51	51	201	99.9664	HSK7-9
2524	狟	50	50	1	99.9665	
2525	牠	50	50	1	99.9665	
2526	蔬	50	50	63	99.9666	HSK5
2527	鑰	50	50	16	99.9666	
2528	窒	50	50	42	99.9667	HSK7-9
2529	坑	50	50	153	99.9667	HSK7-9
2530	歪	50	46	97	99.9668	HSK7-9
2531	橄	50	50	41	99.9669	
2532	榄	50	50	26	99.9669	
2533	逞	50	50	38	99.9670	HSK7-9
2534	鸦	50	50	49	99.9670	HSK7-9
2535	垫	50	50	118	99.9671	HSK7-9
2536	顽	50	50	36	99.9671	HSK6
2537	腹	50	50	230	99.9672	HSK7-9
2538	耗	50	50	175	99.9673	HSK6
2539	猭	49	49	2	99.9673	
2540	锻	49	49	20	99.9674	HSK4
2541	紹	49	49	83	99.9674	
2542	楷	49	49	61	99.9675	HSK7-9
2543	雞	49	49	359	99.9675	
2544	馅	49	49	33	99.9676	HSK7-9
2545	趾	49	49	49	99.9677	
2546	訓	49	49	160	99.9677	
2547	徽	49	49	80	99.9678	HSK7-9
2548	跃	49	49	74	99.9678	HSK6
2549	講	49	48	699	99.9679	
2550	丟	49	49	161	99.9679	
2551	甘	49	49	414	99.9680	HSK7-9
2552	胶	49	49	210	99.9681	HSK5
2553	強	49	49	597	99.9681	
2554	涴	48	48	1	99.9682	
2555	砆	48	48	1	99.9682	
2556	疭	48	48	1	99.9683	
2557	狩	48	48	37	99.9683	
2558	瞪	48	48	50	99.9684	HSK7-9
2559	吾	48	48	171	99.9684	
2560	響	48	48	249	99.9685	
2561	饵	48	48	21	99.9686	HSK7-9
2562	醋	48	48	60	99.9686	HSK6
2563	屏	48	48	105	99.9687	HSK6
2564	搁	48	48	45	99.9687	HSK7-9
2565	線	48	48	648	99.9688	
2566	韦	48	48	417	99.9688	
2567	寡	47	47	85	99.9689	HSK7-9
2568	虏	47	47	27	99.9689	HSK7-9
2569	瓣	47	47	133	99.9690	HSK7-9
2570	狙	47	47	27	99.9690	
2571	喻	47	47	46	99.9691	HSK7-9
2572	谜	47	47	38	99.9692	HSK7-9
2573	殖	47	47	57	99.9692	HSK6
2574	淫	47	47	209	99.9693	
2575	塌	47	47	97	99.9693	HSK7-9
2576	眖	46	46	3	99.9694	
2577	帘	46	46	55	99.9694	HSK5
2578	嘱	46	46	16	99.9695	HSK7-9
2579	禽	46	46	74	99.9695	HSK7-9
2580	捧	46	46	57	99.9696	HSK7-9
2581	崽	46	46	53	99.9696	
2582	脫	46	46	223	99.9697	
2583	孽	46	46	78	99.9697	
2584	扑	46	46	86	99.9698	HSK6
2585	爺	46	27	252	99.9698	
2586	篮	46	46	111	99.9699	HSK2
2587	赫	46	46	805	99.9700	HSK7-9
2588	秈	45	45	34	99.9700	
2589	繷	45	45	3	99.9701	
2590	珨	45	45	2	99.9701	
2591	贿	45	45	34	99.9702	HSK7-9
2592	履	45	45	87	99.9702	HSK7-9
2593	拟	45	45	86	99.9703	HSK7-9
2594	聞	45	45	286	99.9703	
2595	润	45	45	135	99.9704	HSK5
2596	昧	45	45	69	99.9704	HSK7-9
2597	扳	45	45	41	99.9705	HSK7-9
2598	讀	45	45	304	99.9705	
2599	腾	45	44	164	99.9706	HSK7-9
2600	設	45	45	226	99.9706	
2601	區	45	45	783	99.9707	
2602	裝	45	45	936	99.9707	
2603	奈	45	45	800	99.9708	HSK5
2604	储	45	45	138	99.9708	HSK6
2605	炉	45	45	142	99.9709	HSK6
2606	虹	44	44	42	99.9709	HSK7-9
2607	冤	44	44	89	99.9710	HSK7-9
2608	皂	44	44	36	99.9710	HSK7-9
2609	麗	44	44	774	99.9711	
2610	紫	44	44	231	99.9711	HSK5
2611	爪	44	44	115	99.9712	HSK7-9
2612	態	44	44	127	99.9712	
2613	熄	44	44	40	99.9713	HSK7-9
2614	泉	44	44	233	99.9713	HSK4
2615	獺	43	43	33	99.9714	
2616	茎	43	43	28	99.9714	HSK7-9
2617	枉	43	43	34	99.9715	HSK7-9
2618	尋	43	43	279	99.9715	
2619	江	43	43	563	99.9716	HSK4
2620	嗦	43	43	28	99.9716	HSK7-9
2621	磁	43	43	182	99.9717	HSK7-9
2622	順	43	43	301	99.9717	
2623	窥	43	43	104	99.9718	HSK7-9
2624	鉴	43	43	69	99.9718	HSK6
2625	黛	43	43	545	99.9719	
2626	岿	42	42	40	99.9719	
2627	赂	42	42	8	99.9720	HSK7-9
2628	缚	42	42	23	99.9720	HSK7-9
2629	綁	42	42	37	99.9721	
2630	崖	42	42	69	99.9721	HSK7-9
2631	輩	42	42	117	99.9722	
2632	痒	42	38	70	99.9722	HSK7-9
2633	筹	42	42	99	99.9723	HSK7-9
2634	娅	42	42	249	99.9723	
2635	畢	42	42	132	99.9724	
2636	價	42	42	384	99.9724	
2637	術	42	42	367	99.9725	
2638	隆	42	40	606	99.9725	HSK7-9
2639	禗	41	41	1	99.9726	
2640	瀑	41	41	24	99.9726	HSK7-9
2641	婓	41	41	3	99.9727	
2642	柠	41	41	47	99.9727	
2643	檬	41	41	48	99.9727	
2644	岗	41	41	95	99.9728	HSK6
2645	摊	41	41	114	99.9728	HSK7-9
2646	枝	41	41	303	99.9729	HSK6
2647	菌	41	41	177	99.9729	HSK6
2648	契	41	41	283	99.9730	HSK7-9
2649	連	41	41	1334	99.9730	
2650	拐	41	41	93	99.9731	HSK6
2651	圖	41	41	427	99.9731	
2652	匪	41	41	82	99.9732	HSK7-9
2653	舧	40	40	3	99.9732	
2654	織	40	40	128	99.9733	
2655	噁	40	40	1	99.9733	
2656	煌	40	40	45	99.9734	HSK7-9
2657	稰	40	40	1	99.9734	
2658	礚	40	40	2	99.9735	
2659	羽	40	40	179	99.9735	HSK5
2660	榴	40	40	41	99.9735	
2661	勁	40	40	109	99.9736	
2662	叨	40	38	55	99.9736	HSK7-9
2663	蝙	40	40	7	99.9737	
2664	蝠	40	40	30	99.9737	
2665	鲸	40	40	78	99.9738	
2666	挪	40	40	97	99.9738	HSK7-9
2667	祭	40	40	104	99.9739	HSK7-9
2668	穆	40	40	312	99.9739	HSK7-9
2669	灌	40	40	133	99.9740	HSK7-9
2670	專	40	40	277	99.9740	
2671	捷	40	40	186	99.9740	HSK7-9
2672	诈	40	40	73	99.9741	HSK7-9
2673	嗽	39	39	10	99.9741	HSK7-9
2674	绰	39	38	36	99.9742	HSK7-9
2675	菇	39	39	58	99.9742	HSK7-9
2676	粮	39	39	113	99.9743	HSK4
2677	恳	39	39	22	99.9743	HSK7-9
2678	赴	39	39	43	99.9744	HSK7-9
2679	挚	39	39	14	99.9744	HSK7-9
2680	郊	39	39	51	99.9745	HSK5
2681	嘉	39	39	807	99.9745	HSK6
2682	兆	39	39	150	99.9745	HSK7-9
2683	桃	39	39	292	99.9746	HSK5
2684	歧	39	39	42	99.9746	HSK7-9
2685	锋	39	39	135	99.9747	HSK6
2686	贏	39	39	427	99.9747	
2687	曝	38	38	15	99.9748	HSK7-9
2688	狥	38	38	1	99.9748	
2689	譯	38	38	81	99.9749	
2690	搂	38	38	13	99.9749	HSK7-9
2691	銀	38	38	315	99.9749	
2692	吟	38	38	61	99.9750	
2693	葱	38	38	64	99.9750	HSK7-9
2694	览	38	38	55	99.9751	HSK5
2695	躁	38	38	62	99.9751	HSK7-9
2696	垒	38	38	83	99.9752	HSK7-9
2697	眨	38	38	14	99.9752	HSK7-9
2698	绘	38	38	124	99.9752	HSK6
2699	驗	38	38	252	99.9753	
2700	叹	38	38	66	99.9753	HSK6
2701	義	38	38	744	99.9754	
2702	碟	38	38	101	99.9754	HSK7-9
2703	婶	38	26	41	99.9755	
2704	獨	38	38	330	99.9755	
2705	矿	38	38	185	99.9756	HSK4
2706	粄	37	37	1	99.9756	
2707	噬	37	37	35	99.9756	
2708	衄	37	37	1	99.9757	
2709	紐	37	37	136	99.9757	
2710	脅	37	37	59	99.9758	
2711	虔	37	37	25	99.9758	HSK7-9
2712	呻	37	37	7	99.9759	
2713	宋	37	37	243	99.9759	
2714	獲	37	37	172	99.9759	
2715	晶	37	34	196	99.9760	HSK7-9
2716	細	37	37	274	99.9760	
2717	槽	37	37	86	99.9761	HSK7-9
2718	謂	37	37	40	99.9761	
2719	凑	37	37	82	99.9762	HSK7-9
2720	寿	37	37	177	99.9762	HSK5
2721	彈	37	37	726	99.9762	
2722	導	37	37	443	99.9763	
2723	扬	37	37	230	99.9763	HSK4
2724	髦	36	36	11	99.9764	HSK7-9
2725	拽	36	36	7	99.9764	HSK7-9
2726	炳	36	36	183	99.9764	
2727	筿	36	36	1	99.9765	
2728	瘟	36	36	23	99.9765	HSK7-9
2729	唠	36	35	15	99.9766	HSK7-9
2730	嚼	36	36	53	99.9766	HSK7-9
2731	蔓	36	36	87	99.9767	HSK7-9
2732	洱	36	31	87	99.9767	
2733	遮	36	35	143	99.9767	HSK7-9
2734	宵	36	36	42	99.9768	HSK7-9
2735	筒	36	36	161	99.9768	HSK7-9
2736	權	36	36	462	99.9769	
2737	税	36	36	200	99.9769	HSK6
2738	數	36	36	870	99.9769	
2739	勤	36	36	305	99.9770	HSK5
2740	翼	36	31	242	99.9770	HSK7-9
2741	盿	35	35	1	99.9771	
2742	蘑	35	35	16	99.9771	HSK7-9
2743	稦	35	35	1	99.9771	
2744	剔	35	35	38	99.9772	HSK7-9
2745	淑	35	35	138	99.9772	
2746	沼	35	35	86	99.9773	HSK7-9
2747	哮	35	35	14	99.9773	
2748	靈	35	35	509	99.9773	
2749	届	35	35	89	99.9774	HSK5
2750	刘	35	35	291	99.9774	
2751	蔽	35	35	41	99.9775	HSK7-9
2752	膛	35	35	43	99.9775	HSK7-9
2753	犬	35	35	220	99.9776	HSK7-9
2754	翁	35	35	152	99.9776	HSK7-9
2755	節	35	35	405	99.9776	
2756	鹅	35	35	162	99.9777	HSK7-9
2757	肝	35	35	132	99.9777	HSK6
2758	竭	35	35	160	99.9778	HSK7-9
2759	萝	35	35	511	99.9778	HSK7-9
2760	轉	35	34	699	99.9778	
2761	饒	34	34	97	99.9779	
2762	沖	34	34	1	99.9779	
2763	嗷	34	34	10	99.9780	
2764	螂	34	34	15	99.9780	
2765	屍	34	34	255	99.9780	
2766	跤	34	34	40	99.9781	HSK7-9
2767	悼	34	34	41	99.9781	HSK7-9
2768	極	34	34	359	99.9781	
2769	憶	34	34	82	99.9782	
2770	畫	34	33	660	99.9782	
2771	辅	34	34	123	99.9783	HSK5
2772	壳	34	34	129	99.9783	HSK7-9
2773	蟑	33	33	8	99.9783	
2774	瞶	33	33	1	99.9784	
2775	撼	33	33	42	99.9784	HSK7-9
2776	慣	33	33	105	99.9785	
2777	棉	33	33	148	99.9785	HSK6
2778	匿	33	33	50	99.9785	HSK7-9
2779	酸	33	33	364	99.9786	HSK4
2780	逢	33	33	108	99.9786	HSK7-9
2781	鹿	33	33	280	99.9786	HSK7-9
2782	職	33	33	243	99.9787	
2783	毀	33	33	314	99.9787	
2784	紀	33	33	312	99.9788	
2785	稀	33	33	112	99.9788	HSK7-9
2786	衷	33	33	55	99.9788	HSK7-9
2787	語	33	33	489	99.9789	
2788	陳	32	32	102	99.9789	
2789	俺	32	32	24	99.9789	
2790	谐	32	32	30	99.9790	HSK6
2791	輸	32	32	311	99.9790	
2792	榜	32	32	72	99.9791	HSK6
2793	闽	32	32	67	99.9791	
2794	赤	32	32	243	99.9791	HSK7-9
2795	斥	32	32	55	99.9792	HSK7-9
2796	衰	32	32	201	99.9792	HSK7-9
2797	丐	31	31	4	99.9792	HSK7-9
2798	碌	31	31	42	99.9793	HSK7-9
2799	杨	31	31	295	99.9793	HSK7-9
2800	咆	31	31	10	99.9793	
2801	舊	31	31	210	99.9794	
2802	扒	31	31	33	99.9794	HSK7-9
2803	鳄	31	31	11	99.9795	HSK7-9
2804	蔼	31	31	58	99.9795	HSK7-9
2805	課	31	31	162	99.9795	
2806	壓	31	31	290	99.9796	
2807	鬧	31	31	124	99.9796	
2808	剃	31	31	40	99.9796	HSK7-9
2809	幢	31	31	38	99.9797	HSK7-9
2810	橱	31	31	21	99.9797	HSK7-9
2811	铲	31	31	46	99.9797	HSK7-9
2812	串	31	31	159	99.9798	HSK6
2813	嚷	31	18	41	99.9798	HSK7-9
2814	坡	31	31	139	99.9798	HSK6
2815	棋	31	31	187	99.9799	HSK7-9
2816	僅	31	22	186	99.9799	
2817	崭	30	30	6	99.9800	HSK7-9
2818	徘	30	30	8	99.9800	HSK7-9
2819	徊	30	30	11	99.9800	HSK7-9
2820	汰	30	30	41	99.9801	HSK7-9
2821	焊	30	30	134	99.9801	HSK7-9
2822	聆	30	30	9	99.9801	
2823	痊	30	30	5	99.9802	
2824	測	30	30	195	99.9802	
2825	庇	30	30	67	99.9802	
2826	鱿	30	30	7	99.9803	
2827	榮	30	30	196	99.9803	
2828	垮	30	30	45	99.9803	HSK7-9
2829	觀	30	30	340	99.9804	
2830	促	30	30	66	99.9804	HSK4
2831	颠	30	30	89	99.9804	HSK7-9
2832	瘫	29	29	33	99.9805	HSK7-9
2833	痪	29	29	4	99.9805	HSK7-9
2834	穝	29	29	2	99.9805	
2835	犧	29	29	21	99.9806	
2836	骤	29	29	30	99.9806	HSK7-9
2837	皑	29	29	130	99.9806	
2838	婿	29	29	32	99.9807	HSK7-9
2839	玂	29	29	3	99.9807	
2840	卦	29	29	34	99.9807	HSK7-9
2841	鳥	29	29	222	99.9808	
2842	惫	29	29	15	99.9808	HSK7-9
2843	抉	29	29	14	99.9808	
2844	莽	29	29	55	99.9809	HSK7-9
2845	坪	29	29	44	99.9809	HSK7-9
2846	劈	29	29	60	99.9809	HSK7-9
2847	伺	29	29	28	99.9810	HSK7-9
2848	揪	29	29	10	99.9810	HSK7-9
2849	創	29	29	154	99.9810	
2850	療	29	29	74	99.9811	
2851	哑	29	29	63	99.9811	HSK7-9
2852	頂	29	29	212	99.9811	
2853	谦	29	29	64	99.9812	HSK6
2854	椒	29	29	41	99.9812	HSK7-9
2855	粒	29	29	148	99.9812	HSK7-9
2856	掏	29	29	54	99.9813	HSK6
2857	蟹	29	29	94	99.9813	
2858	泊	29	29	209	99.9813	HSK7-9
2859	蹭	29	27	22	99.9814	HSK7-9
2860	聖	29	29	514	99.9814	
2861	團	29	29	465	99.9814	
2862	糗	28	28	1	99.9815	
2863	砛	28	28	1	99.9815	
2864	澄	28	28	65	99.9815	HSK7-9
2865	蚁	28	28	53	99.9816	
2866	偉	28	28	234	99.9816	
2867	谴	28	28	15	99.9816	HSK7-9
2868	峡	28	28	47	99.9817	HSK7-9
2869	廣	28	28	296	99.9817	
2870	傑	28	28	632	99.9817	
2871	惕	28	28	14	99.9818	HSK7-9
2872	桩	28	28	49	99.9818	HSK7-9
2873	肆	28	28	49	99.9818	HSK7-9
2874	悟	28	28	93	99.9819	HSK6
2875	削	28	28	127	99.9819	HSK7-9
2876	鞭	28	28	87	99.9819	HSK7-9
2877	讼	27	27	27	99.9820	HSK7-9
2878	钡	27	27	19	99.9820	
2879	喵	27	27	1	99.9820	
2880	暫	27	27	61	99.9820	
2881	宪	27	27	70	99.9821	HSK7-9
2882	募	27	27	42	99.9821	HSK7-9
2883	赦	27	27	31	99.9821	
2884	輛	27	27	206	99.9822	
2885	眉	27	27	175	99.9822	HSK7-9
2886	驳	27	27	50	99.9822	HSK7-9
2887	奢	27	27	32	99.9823	HSK7-9
2888	館	27	27	195	99.9823	
2889	橡	27	27	130	99.9823	HSK7-9
2890	佐	27	26	565	99.9824	HSK7-9
2891	拷	27	27	43	99.9824	
2892	盽	26	26	1	99.9824	
2893	紈	26	26	8	99.9824	
2894	肈	26	26	1	99.9825	
2895	蚂	26	26	16	99.9825	
2896	墟	26	26	21	99.9825	HSK7-9
2897	殴	26	26	16	99.9826	HSK7-9
2898	哗	26	26	32	99.9826	HSK7-9
2899	鬥	26	26	346	99.9826	
2900	贸	26	26	73	99.9827	HSK5
2901	捞	26	26	88	99.9827	HSK7-9
2902	籍	26	26	126	99.9827	HSK5
2903	朽	26	26	26	99.9827	HSK7-9
2904	绷	26	26	21	99.9828	HSK7-9
2905	兑	26	26	44	99.9828	HSK7-9
2906	厩	26	26	69	99.9828	
2907	聘	26	26	121	99.9829	HSK6
2908	煙	26	26	289	99.9829	
2909	頓	26	26	539	99.9829	
2910	哨	26	26	89	99.9830	HSK7-9
2911	坻	25	25	134	99.9830	
2912	豚	25	25	23	99.9830	
2913	辐	25	25	34	99.9830	HSK7-9
2914	懼	25	25	59	99.9831	
2915	癘	25	25	46	99.9831	
2916	铅	25	25	57	99.9831	HSK6
2917	钝	25	25	32	99.9832	
2918	潘	25	25	347	99.9832	
2919	詞	25	25	159	99.9832	
2920	牡	25	25	72	99.9832	HSK7-9
2921	渺	25	25	32	99.9833	HSK7-9
2922	苗	25	25	114	99.9833	HSK7-9
2923	憋	25	25	16	99.9833	HSK7-9
2924	圍	25	25	212	99.9834	
2925	嗅	25	25	30	99.9834	HSK7-9
2926	践	25	25	27	99.9834	HSK6
2927	茫	25	23	56	99.9834	HSK7-9
2928	戶	25	25	218	99.9835	
2929	柄	25	25	54	99.9835	HSK7-9
2930	蓄	25	25	100	99.9835	HSK7-9
2931	橙	25	25	73	99.9836	HSK7-9
2932	稿	25	25	127	99.9836	HSK6
2933	渊	24	24	60	99.9836	HSK7-9
2934	璸	24	24	1	99.9836	
2935	秆	24	24	40	99.9837	
2936	酋	24	24	18	99.9837	
2937	侏	24	24	8	99.9837	
2938	捍	24	24	36	99.9838	HSK7-9
2939	窖	24	24	17	99.9838	
2940	吁	24	23	14	99.9838	HSK7-9
2941	驼	24	24	50	99.9838	
2942	歸	24	24	202	99.9839	
2943	脂	24	24	114	99.9839	HSK7-9
2944	絡	24	24	100	99.9839	
2945	浸	24	24	93	99.9839	HSK7-9
2946	灿	24	24	125	99.9840	HSK7-9
2947	陽	24	24	380	99.9840	
2948	挫	24	24	61	99.9840	HSK7-9
2949	嗜	24	24	46	99.9841	HSK7-9
2950	掰	24	22	18	99.9841	HSK7-9
2951	斩	24	24	85	99.9841	HSK7-9
2952	洪	24	24	375	99.9841	HSK6
2953	翘	24	21	57	99.9842	HSK7-9
2954	骸	24	24	75	99.9842	
2955	紅	24	24	877	99.9842	
2956	廢	24	24	114	99.9843	
2957	井	24	23	477	99.9843	HSK6
2958	赠	24	24	87	99.9843	HSK5
2959	秃	24	24	38	99.9843	HSK7-9
2960	躯	24	24	50	99.9844	HSK7-9
2961	伐	24	24	123	99.9844	HSK7-9
2962	浓	24	24	111	99.9844	HSK4
2963	肿	24	24	111	99.9844	HSK6
2964	祟	24	13	17	99.9845	
2965	梳	24	24	97	99.9845	HSK7-9
2966	瓳	23	23	1	99.9845	
2967	咨	23	23	28	99.9846	HSK6
2968	儒	23	23	72	99.9846	HSK7-9
2969	頗	23	23	36	99.9846	
2970	跺	23	23	40	99.9846	
2971	骆	23	23	53	99.9847	
2972	撐	23	23	67	99.9847	
2973	烹	23	23	28	99.9847	HSK7-9
2974	浩	23	23	445	99.9847	HSK7-9
2975	逍	23	23	14	99.9848	
2976	檔	23	23	134	99.9848	
2977	逆	23	23	151	99.9848	HSK7-9
2978	揮	23	23	209	99.9848	
2979	穌	23	23	80	99.9849	
2980	颈	23	23	107	99.9849	HSK7-9
2981	掐	23	23	28	99.9849	HSK7-9
2982	巷	23	23	114	99.9850	HSK7-9
2983	雜	23	23	199	99.9850	
2984	夕	23	23	144	99.9850	HSK5
2985	嚇	23	23	251	99.9850	
2986	纷	23	16	60	99.9851	HSK4
2987	横	23	23	229	99.9851	HSK6
2988	兮	23	12	29	99.9851	
2989	馨	22	22	42	99.9851	HSK7-9
2990	蕩	22	22	1	99.9852	
2991	盢	22	22	2	99.9852	
2992	呸	22	22	1	99.9852	
2993	飓	22	22	4	99.9852	
2994	喲	22	22	22	99.9853	
2995	氨	22	22	53	99.9853	
2996	憑	22	22	40	99.9853	
2997	執	22	22	148	99.9853	
2998	昆	22	22	234	99.9854	HSK7-9
2999	蓋	22	22	341	99.9854	
3000	嚣	22	22	19	99.9854	
3001	輪	22	22	305	99.9854	
3002	掷	22	22	26	99.9855	
3003	擺	22	22	129	99.9855	
3004	狄	22	22	523	99.9855	
3005	锐	22	22	76	99.9855	HSK7-9
3006	纱	22	22	122	99.9856	HSK7-9
3007	绞	22	22	57	99.9856	HSK7-9
3008	寺	22	22	182	99.9856	HSK6
3009	涨	22	22	147	99.9856	HSK5
3010	滅	22	22	191	99.9857	
3011	丘	22	22	269	99.9857	HSK7-9
3012	泼	22	22	107	99.9857	HSK5
3013	驻	22	22	90	99.9857	HSK6
3014	茱	22	22	212	99.9858	
3015	廷	22	22	169	99.9858	HSK7-9
3016	領	22	22	428	99.9858	
3017	峰	22	22	294	99.9858	HSK6
3018	罵	21	21	27	99.9859	
3019	甡	21	21	1	99.9859	
3020	屿	21	21	9	99.9859	HSK7-9
3021	肪	21	21	15	99.9859	HSK7-9
3022	傍	21	21	33	99.9860	HSK6
3023	矪	21	21	1	99.9860	
3024	琩	21	21	1	99.9860	
3025	饪	21	21	2	99.9860	
3026	淨	21	21	138	99.9861	
3027	菊	21	21	133	99.9861	HSK7-9
3028	啟	21	21	125	99.9861	
3029	锤	21	21	75	99.9861	HSK7-9
3030	誠	21	21	179	99.9862	
3031	综	21	21	37	99.9862	HSK4
3032	褲	21	21	125	99.9862	
3033	甸	21	21	54	99.9862	HSK7-9
3034	巢	21	21	109	99.9863	HSK7-9
3035	掀	21	21	50	99.9863	HSK7-9
3036	拇	21	21	17	99.9863	
3037	珀	21	21	155	99.9863	
3038	飘	21	18	149	99.9864	HSK7-9
3039	嘗	21	17	142	99.9864	
3040	瘤	21	21	71	99.9864	HSK7-9
3041	柱	21	21	212	99.9864	HSK6
3042	曹	21	21	176	99.9865	
3043	臨	21	21	159	99.9865	
3044	卜	21	21	254	99.9865	HSK7-9
3045	肾	21	21	58	99.9865	HSK7-9
3046	浅	21	21	133	99.9865	HSK4
3047	煤	21	21	153	99.9866	HSK5
3048	蒜	21	21	37	99.9866	HSK7-9
3049	舉	21	21	228	99.9866	
3050	換	21	21	715	99.9866	
3051	悠	21	21	118	99.9867	HSK7-9
3052	嘞	20	20	1	99.9867	
3053	蚊	20	20	73	99.9867	HSK7-9
3054	奧	20	20	647	99.9867	
3055	噓	20	20	14	99.9868	
3056	衅	20	20	8	99.9868	HSK7-9
3057	矗	20	20	28	99.9868	
3058	靡	20	20	77	99.9868	
3059	樹	20	20	499	99.9869	
3060	亵	20	20	17	99.9869	
3061	躬	20	20	38	99.9869	HSK7-9
3062	剖	20	20	47	99.9869	HSK7-9
3063	徹	20	20	203	99.9869	
3064	樱	20	20	117	99.9870	
3065	嗓	20	20	33	99.9870	HSK7-9
3066	裔	20	20	67	99.9870	HSK7-9
3067	雀	20	20	180	99.9870	HSK7-9
3068	弓	20	20	142	99.9871	HSK7-9
3069	廳	20	20	118	99.9871	
3070	卸	20	20	96	99.9871	HSK7-9
3071	喬	20	20	322	99.9871	
3072	杖	20	20	52	99.9872	HSK7-9
3073	衛	20	20	566	99.9872	
3074	陶	20	20	257	99.9872	HSK7-9
3075	斑	20	19	158	99.9872	HSK7-9
3076	垂	20	20	180	99.9872	HSK7-9
3077	牆	19	19	152	99.9873	
3078	硄	19	19	1	99.9873	
3079	撿	19	19	7	99.9873	
3080	獶	19	19	1	99.9873	
3081	螟	19	19	43	99.9874	
3082	矹	19	19	1	99.9874	
3083	肋	19	19	30	99.9874	
3084	沫	19	19	61	99.9874	HSK7-9
3085	拚	19	19	22	99.9874	
3086	碧	19	19	352	99.9875	HSK7-9
3087	勝	19	19	455	99.9875	
3088	铭	19	19	58	99.9875	HSK7-9
3089	侈	19	19	13	99.9875	HSK7-9
3090	裕	19	19	109	99.9875	HSK7-9
3091	簿	19	19	54	99.9876	
3092	優	19	19	185	99.9876	
3093	滥	19	19	66	99.9876	HSK7-9
3094	眾	19	19	330	99.9876	
3095	維	19	19	1029	99.9877	
3096	邓	19	19	143	99.9877	
3097	氏	19	19	379	99.9877	HSK7-9
3098	脊	19	19	67	99.9877	HSK7-9
3099	溺	19	19	39	99.9877	
3100	肢	19	19	71	99.9878	HSK7-9
3101	姬	19	19	410	99.9878	
3102	颁	19	19	31	99.9878	HSK7-9
3103	愁	19	19	118	99.9878	HSK5
3104	蒸	19	19	116	99.9879	HSK7-9
3105	膏	19	19	105	99.9879	HSK7-9
3106	沦	19	19	21	99.9879	
3107	惭	18	18	9	99.9879	HSK7-9
3108	環	18	18	275	99.9879	
3109	絋	18	18	1	99.9880	
3110	驹	18	18	90	99.9880	
3111	睲	18	18	1	99.9880	
3112	烁	18	18	12	99.9880	HSK7-9
3113	讚	18	18	1	99.9880	
3114	朕	18	18	6	99.9881	
3115	咩	18	18	2	99.9881	
3116	柑	18	18	64	99.9881	
3117	颊	18	18	21	99.9881	HSK7-9
3118	衔	18	18	32	99.9881	HSK7-9
3119	媳	18	18	47	99.9882	HSK7-9
3120	扛	18	18	21	99.9882	HSK7-9
3121	梭	18	18	91	99.9882	
3122	鄉	18	18	111	99.9882	
3123	擋	18	18	58	99.9883	
3124	坨	18	18	13	99.9883	
3125	斧	18	18	54	99.9883	HSK7-9
3126	刊	18	18	117	99.9883	HSK6
3127	兇	18	18	85	99.9883	
3128	蚀	18	18	47	99.9884	HSK7-9
3129	亞	18	18	1398	99.9884	
3130	芥	18	18	44	99.9884	
3131	粪	18	18	75	99.9884	HSK7-9
3132	匠	18	18	112	99.9884	HSK7-9
3133	協	18	18	141	99.9885	
3134	莲	18	18	386	99.9885	HSK7-9
3135	畅	18	18	62	99.9885	HSK6
3136	锅	18	18	196	99.9885	HSK5
3137	茨	18	18	357	99.9885	
3138	绊	18	18	44	99.9886	
3139	绵	18	17	91	99.9886	HSK7-9
3140	茜	18	18	428	99.9886	
3141	侠	18	18	115	99.9886	HSK7-9
3142	琪	18	16	413	99.9886	
3143	凝	18	18	99	99.9887	HSK7-9
3144	啃	17	17	23	99.9887	HSK7-9
3145	渎	17	17	19	99.9887	
3146	捨	17	17	1	99.9887	
3147	糑	17	17	1	99.9887	
3148	鞠	17	17	24	99.9888	HSK7-9
3149	捲	17	17	1	99.9888	
3150	碭	17	17	64	99.9888	
3151	驕	17	17	14	99.9888	
3152	螃	17	17	5	99.9888	
3153	廁	17	17	55	99.9889	
3154	烊	17	17	1	99.9889	
3155	紙	17	17	292	99.9889	
3156	禱	17	17	26	99.9889	
3157	奮	17	17	126	99.9889	
3158	燈	17	17	223	99.9890	
3159	绽	17	17	14	99.9890	HSK7-9
3160	啪	17	15	24	99.9890	
3161	僚	17	17	25	99.9890	HSK7-9
3162	掠	17	17	65	99.9890	HSK7-9
3163	豹	17	17	117	99.9891	HSK7-9
3164	捆	17	17	56	99.9891	HSK7-9
3165	庙	17	17	97	99.9891	HSK7-9
3166	園	17	17	343	99.9891	
3167	坛	17	17	102	99.9891	HSK7-9
3168	窍	17	17	60	99.9892	HSK7-9
3169	預	17	17	175	99.9892	
3170	浆	17	17	101	99.9892	HSK7-9
3171	悚	16	16	14	99.9892	
3172	狝	16	16	1	99.9892	
3173	酚	16	16	82	99.9893	
3174	踹	16	16	2	99.9893	HSK7-9
3175	顏	16	16	74	99.9893	
3176	羆	16	16	1	99.9893	
3177	蹋	16	16	12	99.9893	
3178	羘	16	16	2	99.9893	
3179	鍵	16	16	53	99.9894	
3180	琍	16	16	1	99.9894	
3181	襲	16	16	114	99.9894	
3182	颇	16	16	27	99.9894	HSK7-9
3183	县	16	16	215	99.9894	HSK4
3184	轿	16	16	28	99.9895	HSK7-9
3185	仑	16	16	43	99.9895	
3186	褐	16	16	86	99.9895	
3187	岳	16	16	62	99.9895	HSK7-9
3188	叮	16	15	78	99.9895	HSK7-9
3189	渔	16	16	58	99.9895	HSK7-9
3190	碑	16	16	55	99.9896	HSK7-9
3191	鏡	16	16	215	99.9896	
3192	喋	16	8	7	99.9896	
3193	辰	16	16	87	99.9896	HSK7-9
3194	囊	16	16	119	99.9896	HSK7-9
3195	斜	16	16	104	99.9897	HSK5
3196	枯	16	16	83	99.9897	HSK7-9
3197	炎	16	16	192	99.9897	HSK6
3198	券	16	16	118	99.9897	HSK6
3199	螺	16	16	90	99.9897	HSK7-9
3200	袍	16	16	82	99.9897	HSK7-9
3201	筆	16	16	313	99.9898	
3202	咕	16	12	98	99.9898	
3203	粥	15	15	34	99.9898	HSK6
3204	傀	15	15	8	99.9898	
3205	儡	15	15	95	99.9898	
3206	吴	15	15	271	99.9899	
3207	臺	15	15	1	99.9899	
3208	簀	15	15	1	99.9899	
3209	揉	15	15	17	99.9899	HSK7-9
3210	癳	15	15	1	99.9899	
3211	睾	15	15	21	99.9899	
3212	铬	15	15	24	99.9900	
3213	瞅	15	15	9	99.9900	HSK7-9
3214	禲	15	15	1	99.9900	
3215	沐	15	15	36	99.9900	HSK7-9
3216	悍	15	15	58	99.9900	
3217	塘	15	15	65	99.9900	HSK7-9
3218	厘	15	15	59	99.9901	HSK4
3219	吨	15	15	74	99.9901	HSK5
3220	凤	15	15	246	99.9901	HSK7-9
3221	臟	15	15	142	99.9901	
3222	渗	15	15	46	99.9901	HSK7-9
3223	淌	15	15	21	99.9901	HSK7-9
3224	謀	15	15	209	99.9902	
3225	癖	15	15	34	99.9902	
3226	簽	15	15	218	99.9902	
3227	麥	15	15	558	99.9902	
3228	阔	15	15	92	99.9902	HSK6
3229	梁	15	15	269	99.9903	HSK6
3230	呛	15	15	9	99.9903	HSK7-9
3231	昔	15	15	35	99.9903	HSK7-9
3232	藥	15	15	640	99.9903	
3233	坎	15	15	296	99.9903	
3234	養	15	15	413	99.9903	
3235	溫	15	15	355	99.9904	
3236	癫	15	12	75	99.9904	
3237	藤	15	15	432	99.9904	HSK7-9
3238	霸	15	15	245	99.9904	HSK7-9
3239	笲	14	14	2	99.9904	
3240	蜥	14	14	13	99.9904	
3241	蜴	14	14	7	99.9905	
3242	醚	14	14	14	99.9905	
3243	祂	14	14	1	99.9905	
3244	栅	14	14	38	99.9905	
3245	芯	14	14	51	99.9905	HSK7-9
3246	雲	14	14	234	99.9905	
3247	寐	14	14	28	99.9906	
3248	妦	14	14	1	99.9906	
3249	淆	14	14	6	99.9906	HSK7-9
3250	猁	14	14	51	99.9906	
3251	帜	14	14	6	99.9906	HSK7-9
3252	簆	14	14	1	99.9906	
3253	茉	14	14	43	99.9906	
3254	颅	14	14	35	99.9907	
3255	烬	14	14	7	99.9907	
3256	拧	14	14	15	99.9907	HSK7-9
3257	匈	14	14	19	99.9907	
3258	廚	14	14	71	99.9907	
3259	罰	14	14	65	99.9907	
3260	朴	14	14	427	99.9908	HSK7-9
3261	諾	14	14	738	99.9908	
3262	胀	14	14	57	99.9908	HSK7-9
3263	驰	14	14	76	99.9908	HSK7-9
3264	倫	14	14	709	99.9908	
3265	卓	14	14	495	99.9908	HSK7-9
3266	飲	14	14	147	99.9909	
3267	蹦	14	13	42	99.9909	HSK7-9
3268	辖	14	14	23	99.9909	HSK7-9
3269	藍	14	14	214	99.9909	
3270	熏	14	14	77	99.9909	HSK7-9
3271	隱	14	14	144	99.9909	
3272	晋	14	14	56	99.9910	HSK7-9
3273	庸	14	14	49	99.9910	HSK7-9
3274	跡	14	14	117	99.9910	
3275	津	14	14	208	99.9910	HSK7-9
3276	帆	14	14	178	99.9910	HSK7-9
3277	華	14	14	721	99.9910	
3278	糙	13	13	20	99.9910	HSK7-9
3279	踝	13	13	11	99.9911	
3280	歼	13	13	21	99.9911	HSK7-9
3281	痙	13	13	18	99.9911	
3282	冯	13	13	113	99.9911	
3283	欸	13	13	1	99.9911	
3284	镯	13	13	12	99.9911	
3285	掃	13	13	115	99.9912	
3286	垛	13	13	12	99.9912	
3287	拎	13	13	4	99.9912	HSK7-9
3288	竊	13	13	90	99.9912	
3289	貼	13	13	68	99.9912	
3290	羶	13	13	24	99.9912	
3291	笷	13	13	2	99.9912	
3292	凰	13	13	28	99.9913	HSK7-9
3293	哒	13	13	11	99.9913	
3294	孬	13	13	10	99.9913	
3295	佔	13	13	57	99.9913	
3296	苛	13	13	25	99.9913	HSK7-9
3297	甥	13	13	9	99.9913	
3298	拋	13	13	75	99.9913	
3299	窟	13	13	52	99.9914	HSK7-9
3300	賤	13	13	70	99.9914	
3301	哔	13	13	19	99.9914	
3302	伎	13	13	25	99.9914	
3303	嫩	13	13	98	99.9914	HSK7-9
3304	損	13	13	80	99.9914	
3305	凳	13	13	39	99.9915	HSK7-9
3306	亥	13	13	69	99.9915	
3307	飙	13	13	53	99.9915	HSK7-9
3308	驯	13	13	49	99.9915	HSK7-9
3309	逸	13	13	82	99.9915	HSK7-9
3310	叙	13	12	54	99.9915	HSK7-9
3311	伽	13	13	128	99.9915	
3312	酵	13	11	70	99.9916	HSK7-9
3313	雙	13	13	423	99.9916	
3314	竖	13	13	36	99.9916	HSK7-9
3315	贯	13	13	80	99.9916	HSK6
3316	犀	13	13	25	99.9916	
3317	沸	13	13	61	99.9916	HSK7-9
3318	奎	13	13	373	99.9916	
3319	川	13	13	588	99.9917	HSK7-9
3320	攝	13	13	140	99.9917	
3321	項	13	13	122	99.9917	
3322	網	13	13	360	99.9917	
3323	窾	12	12	1	99.9917	
3324	吋	12	12	1	99.9917	
3325	溅	12	12	33	99.9918	HSK7-9
3326	扉	12	12	10	99.9918	
3327	讪	12	12	4	99.9918	
3328	眎	12	12	2	99.9918	
3329	玷	12	12	4	99.9918	
3330	慶	12	12	232	99.9918	
3331	珂	12	12	22	99.9918	
3332	懲	12	12	30	99.9918	
3333	瓁	12	12	1	99.9919	
3334	痹	12	12	13	99.9919	HSK7-9
3335	阑	12	12	54	99.9919	
3336	繰	12	12	1	99.9919	
3337	瞴	12	12	2	99.9919	
3338	姜	12	12	219	99.9919	HSK7-9
3339	咸	12	12	161	99.9919	HSK4
3340	拙	12	12	50	99.9920	HSK7-9
3341	矣	12	12	18	99.9920	HSK7-9
3342	拭	12	12	18	99.9920	
3343	緒	12	12	65	99.9920	
3344	氮	12	12	56	99.9920	
3345	僻	12	12	41	99.9920	HSK7-9
3346	戀	12	12	253	99.9920	
3347	秽	12	12	24	99.9921	HSK7-9
3348	羔	12	12	15	99.9921	
3349	蔚	12	12	152	99.9921	
3350	誌	12	12	37	99.9921	
3351	週	12	12	245	99.9921	
3352	藝	12	12	253	99.9921	
3353	歐	12	12	289	99.9921	
3354	橘	12	12	64	99.9922	HSK7-9
3355	穩	12	12	107	99.9922	
3356	涡	12	12	36	99.9922	HSK7-9
3357	郑	12	12	212	99.9922	HSK7-9
3358	浇	12	12	60	99.9922	HSK7-9
3359	卒	12	12	23	99.9922	HSK7-9
3360	獸	12	12	99	99.9922	
3361	拌	12	12	46	99.9922	HSK7-9
3362	魁	12	12	108	99.9923	HSK7-9
3363	铜	12	12	153	99.9923	HSK6
3364	衍	12	12	25	99.9923	HSK7-9
3365	晴	12	12	98	99.9923	HSK2
3366	撇	12	12	40	99.9923	HSK7-9
3367	嘟	12	9	80	99.9923	
3368	壶	12	12	82	99.9923	HSK6
3369	訊	12	12	255	99.9924	
3370	芳	12	12	247	99.9924	HSK7-9
3371	劇	12	12	255	99.9924	
3372	皊	11	11	1	99.9924	
3373	赵	11	11	212	99.9924	
3374	臔	11	11	1	99.9924	
3375	筷	11	11	14	99.9924	HSK2
3376	膥	11	11	1	99.9924	
3377	膨	11	11	29	99.9925	HSK7-9
3378	囱	11	11	4	99.9925	HSK7-9
3379	椰	11	11	45	99.9925	HSK7-9
3380	剁	11	11	4	99.9925	
3381	骰	11	11	16	99.9925	
3382	潇	11	11	19	99.9925	HSK7-9
3383	橇	11	11	28	99.9925	
3384	顆	11	11	151	99.9926	
3385	恙	11	11	16	99.9926	
3386	黏	11	11	78	99.9926	HSK7-9
3387	燥	11	11	53	99.9926	HSK7-9
3388	缆	11	11	37	99.9926	HSK7-9
3389	賞	11	11	151	99.9926	
3390	锯	11	11	72	99.9926	HSK7-9
3391	勺	11	11	77	99.9926	HSK6
3392	採	11	11	119	99.9927	
3393	漢	11	11	504	99.9927	
3394	誕	11	11	119	99.9927	
3395	栽	11	11	65	99.9927	HSK7-9
3396	貴	11	11	280	99.9927	
3397	嚎	11	11	47	99.9927	
3398	熱	11	11	676	99.9927	
3399	屬	11	11	381	99.9927	
3400	攀	11	11	98	99.9928	HSK7-9
3401	侯	11	11	196	99.9928	
3402	笛	11	11	99	99.9928	HSK7-9
3403	涌	11	11	101	99.9928	HSK7-9
3404	迁	11	11	87	99.9928	HSK6
3405	鎮	11	11	376	99.9928	
3406	殃	10	10	17	99.9928	HSK7-9
3407	証	10	10	1	99.9928	
3408	賊	10	10	85	99.9929	
3409	匕	10	10	26	99.9929	
3410	睼	10	10	1	99.9929	
3411	椎	10	10	53	99.9929	
3412	胊	10	10	2	99.9929	
3413	眷	10	10	51	99.9929	
3414	愣	10	10	14	99.9929	HSK7-9
3415	蹟	10	10	1	99.9929	
3416	袱	10	10	5	99.9929	HSK7-9
3417	踞	10	10	31	99.9930	
3418	絬	10	10	1	99.9930	
3419	腀	10	10	1	99.9930	
3420	龍	10	10	614	99.9930	
3421	鬍	10	10	1	99.9930	
3422	盞	10	10	67	99.9930	
3423	繦	10	10	1	99.9930	
3424	璣	10	10	24	99.9930	
3425	佽	10	10	1	99.9930	
3426	邋	10	10	7	99.9931	
3427	遢	10	10	7	99.9931	
3428	鎘	10	10	98	99.9931	
3429	瑈	10	10	2	99.9931	
3430	壤	10	10	26	99.9931	HSK7-9
3431	晾	10	10	15	99.9931	
3432	譽	10	10	68	99.9931	
3433	黨	10	10	212	99.9931	
3434	譬	10	10	6	99.9932	HSK7-9
3435	奪	10	10	162	99.9932	
3436	禦	10	10	112	99.9932	
3437	锦	10	10	131	99.9932	HSK7-9
3438	煽	10	10	26	99.9932	HSK7-9
3439	泛	10	10	109	99.9932	HSK5
3440	騎	10	10	118	99.9932	
3441	挟	10	10	18	99.9932	HSK7-9
3442	鮮	10	10	213	99.9932	
3443	匡	10	10	67	99.9933	
3444	廠	10	10	133	99.9933	
3445	甭	10	10	17	99.9933	
3446	舷	10	10	38	99.9933	
3447	溪	10	10	135	99.9933	HSK7-9
3448	矫	10	10	46	99.9933	HSK7-9
3449	絲	10	10	521	99.9933	
3450	鎖	10	10	385	99.9933	
3451	茸	10	5	13	99.9933	
3452	奄	10	5	8	99.9934	
3453	挠	10	10	41	99.9934	HSK7-9
3454	锚	10	10	57	99.9934	
3455	舵	10	10	56	99.9934	HSK7-9
3456	跋	10	10	50	99.9934	
3457	艳	10	10	154	99.9934	HSK5
3458	蘭	10	10	1083	99.9934	
3459	訪	10	10	113	99.9934	
3460	燒	10	10	398	99.9934	
3461	锣	9	9	73	99.9935	
3462	贰	9	9	6	99.9935	
3463	億	9	9	184	99.9935	
3464	奻	9	9	1	99.9935	
3465	眏	9	9	1	99.9935	
3466	琢	9	9	19	99.9935	HSK7-9
3467	盉	9	9	1	99.9935	
3468	糒	9	9	1	99.9935	
3469	慾	9	9	1	99.9935	
3470	猵	9	9	1	99.9936	
3471	畍	9	9	1	99.9936	
3472	獽	9	9	1	99.9936	
3473	曙	9	9	3	99.9936	HSK7-9
3474	惰	9	9	19	99.9936	HSK7-9
3475	寬	9	9	63	99.9936	
3476	嬰	9	9	41	99.9936	
3477	噗	9	9	15	99.9936	
3478	訝	9	9	22	99.9936	
3479	繧	9	9	4	99.9936	
3480	喱	9	9	14	99.9937	
3481	觸	9	9	134	99.9937	
3482	鄰	9	9	87	99.9937	
3483	糶	9	9	1	99.9937	
3484	獹	9	9	1	99.9937	
3485	籔	9	9	1	99.9937	
3486	迴	9	9	1	99.9937	
3487	秖	9	9	1	99.9937	
3488	禣	9	9	2	99.9937	
3489	筽	9	9	1	99.9938	
3490	魏	9	9	228	99.9938	
3491	畉	9	9	1	99.9938	
3492	硈	9	9	1	99.9938	
3493	锈	9	9	57	99.9938	HSK7-9
3494	瑜	9	9	24	99.9938	
3495	涕	9	9	19	99.9938	HSK7-9
3496	焉	9	9	42	99.9938	
3497	陨	9	9	11	99.9938	HSK7-9
3498	钦	9	9	94	99.9938	HSK7-9
3499	虱	9	9	22	99.9939	
3500	弦	9	9	94	99.9939	HSK7-9
3501	蔑	9	9	19	99.9939	HSK7-9
3502	昵	9	9	33	99.9939	
3503	萎	9	9	64	99.9939	HSK7-9
3504	炖	9	9	46	99.9939	HSK7-9
3505	琐	9	9	19	99.9939	
3506	綠	9	9	179	99.9939	
3507	瑪	9	9	692	99.9939	
3508	湯	9	9	325	99.9939	
3509	瞞	9	9	21	99.9940	
3510	孟	9	9	166	99.9940	
3511	鸣	9	9	183	99.9940	HSK7-9
3512	審	9	9	148	99.9940	
3513	焚	9	9	55	99.9940	HSK7-9
3514	財	9	9	235	99.9940	
3515	瘸	9	9	10	99.9940	
3516	狭	9	9	37	99.9940	HSK7-9
3517	窄	9	9	69	99.9940	HSK7-9
3518	旺	9	9	241	99.9941	HSK6
3519	坝	9	9	56	99.9941	HSK7-9
3520	阀	9	9	54	99.9941	HSK7-9
3521	砖	9	9	92	99.9941	HSK7-9
3522	嬉	9	9	24	99.9941	HSK7-9
3523	咽	9	9	70	99.9941	HSK7-9
3524	贞	9	9	153	99.9941	HSK7-9
3525	盆	9	9	169	99.9941	HSK5
3526	綼	8	8	1	99.9941	
3527	註	8	8	1	99.9941	
3528	紆	8	8	8	99.9942	
3529	捱	8	8	10	99.9942	
3530	蜗	8	8	26	99.9942	
3531	楣	8	8	13	99.9942	
3532	忒	8	8	26	99.9942	
3533	猔	8	8	1	99.9942	
3534	殆	8	8	8	99.9942	
3535	鹦	8	8	8	99.9942	
3536	鹉	8	8	5	99.9942	
3537	罺	8	8	1	99.9942	
3538	濟	8	8	130	99.9942	
3539	飽	8	8	36	99.9943	
3540	玒	8	8	16	99.9943	
3541	咁	8	8	1	99.9943	
3542	峈	8	8	1	99.9943	
3543	篊	8	8	1	99.9943	
3544	憤	8	8	58	99.9943	
3545	淩	8	8	1	99.9943	
3546	蚤	8	8	20	99.9943	
3547	漩	8	8	4	99.9943	
3548	嗒	8	8	16	99.9943	
3549	鍾	8	8	27	99.9943	
3550	玱	8	8	1	99.9944	
3551	绸	8	8	29	99.9944	HSK7-9
3552	荧	8	8	12	99.9944	HSK7-9
3553	邂	8	8	5	99.9944	
3554	逅	8	8	2	99.9944	
3555	劍	8	8	159	99.9944	
3556	珇	8	8	1	99.9944	
3557	憩	8	8	119	99.9944	
3558	娥	8	8	56	99.9944	HSK7-9
3559	霹	8	8	23	99.9944	
3560	雳	8	8	14	99.9944	
3561	痜	8	8	1	99.9945	
3562	鲑	8	8	4	99.9945	
3563	儀	8	8	107	99.9945	
3564	憧	8	8	5	99.9945	
3565	憬	8	8	5	99.9945	
3566	硑	8	8	1	99.9945	
3567	眤	8	8	1	99.9945	
3568	腺	8	8	68	99.9945	HSK7-9
3569	纤	8	8	67	99.9945	HSK7-9
3570	肛	8	8	44	99.9945	
3571	洽	8	8	35	99.9945	HSK7-9
3572	鐵	8	8	389	99.9946	
3573	磕	8	8	52	99.9946	HSK7-9
3574	骷	8	8	8	99.9946	
3575	髅	8	8	6	99.9946	
3576	載	8	8	199	99.9946	
3577	函	8	8	74	99.9946	HSK7-9
3578	宏	8	8	183	99.9946	HSK6
3579	皱	8	8	50	99.9946	HSK7-9
3580	疙	8	8	12	99.9946	
3581	瘩	8	8	14	99.9946	
3582	農	8	8	178	99.9946	
3583	瑕	8	8	12	99.9947	
3584	敷	8	8	59	99.9947	HSK7-9
3585	違	8	8	81	99.9947	
3586	闖	8	8	66	99.9947	
3587	辙	8	8	19	99.9947	HSK7-9
3588	亭	8	8	106	99.9947	HSK7-9
3589	觅	8	8	26	99.9947	HSK7-9
3590	辭	8	8	69	99.9947	
3591	舟	8	8	112	99.9947	HSK7-9
3592	撬	8	8	37	99.9947	HSK7-9
3593	掺	8	8	28	99.9947	HSK7-9
3594	澈	8	8	25	99.9948	
3595	鑽	8	8	90	99.9948	
3596	貨	8	8	501	99.9948	
3597	睿	8	8	46	99.9948	
3598	萧	8	8	128	99.9948	HSK7-9
3599	醺	8	4	5	99.9948	
3600	咚	8	6	32	99.9948	
3601	饲	8	8	25	99.9948	HSK7-9
3602	營	8	8	339	99.9948	
3603	補	8	8	268	99.9948	
3604	碳	8	8	79	99.9949	HSK7-9
3605	噜	8	8	38	99.9949	
3606	彷	8	8	13	99.9949	
3607	啼	8	4	54	99.9949	
3608	冈	8	8	263	99.9949	HSK7-9
3609	缅	8	8	30	99.9949	HSK7-9
3610	棚	8	8	107	99.9949	HSK7-9
3611	殘	8	8	159	99.9949	
3612	腻	8	8	60	99.9949	HSK7-9
3613	俯	8	8	51	99.9949	HSK7-9
3614	耿	8	4	52	99.9949	HSK7-9
3615	腞	7	7	3	99.9950	
3616	淮	7	7	70	99.9950	
3617	瘆	7	7	1	99.9950	
3618	眶	7	7	29	99.9950	
3619	汜	7	7	42	99.9950	
3620	痞	7	7	29	99.9950	
3621	窩	7	7	80	99.9950	
3622	隸	7	7	38	99.9950	
3623	捎	7	7	13	99.9950	HSK7-9
3624	町	7	7	52	99.9950	
3625	痁	7	7	1	99.9950	
3626	蹊	7	7	17	99.9950	
3627	跷	7	7	24	99.9950	
3628	烩	7	7	9	99.9951	
3629	蘋	7	7	25	99.9951	
3630	菩	7	7	34	99.9951	HSK7-9
3631	癶	7	7	1	99.9951	
3632	奀	7	7	1	99.9951	
3633	珿	7	7	1	99.9951	
3634	砑	7	7	1	99.9951	
3635	勸	7	7	23	99.9951	
3636	驭	7	7	7	99.9951	HSK7-9
3637	簘	7	7	2	99.9951	
3638	箫	7	7	13	99.9951	
3639	祘	7	7	1	99.9951	
3640	齡	7	7	61	99.9952	
3641	彭	7	7	140	99.9952	
3642	砃	7	7	1	99.9952	
3643	禬	7	7	4	99.9952	
3644	倘	7	7	20	99.9952	HSK7-9
3645	膚	7	7	86	99.9952	
3646	錶	7	7	1	99.9952	
3647	発	7	7	1	99.9952	
3648	夔	7	7	14	99.9952	
3649	羛	7	7	1	99.9952	
3650	擠	7	7	48	99.9952	
3651	硉	7	7	1	99.9952	
3652	叼	7	7	1	99.9952	HSK7-9
3653	肘	7	7	58	99.9953	
3654	辽	7	7	48	99.9953	HSK7-9
3655	毅	7	7	59	99.9953	HSK7-9
3656	侥	7	7	17	99.9953	
3657	阉	7	7	16	99.9953	
3658	耙	7	7	11	99.9953	
3659	拴	7	7	13	99.9953	HSK7-9
3660	疵	7	7	7	99.9953	
3661	吶	7	7	89	99.9953	
3662	框	7	7	118	99.9953	HSK7-9
3663	駕	7	7	153	99.9953	
3664	辫	7	7	24	99.9953	HSK7-9
3665	迄	7	7	5	99.9954	HSK7-9
3666	妃	7	7	81	99.9954	
3667	盈	7	7	68	99.9954	HSK7-9
3668	凄	7	7	34	99.9954	HSK7-9
3669	豁	7	7	25	99.9954	HSK7-9
3670	韵	7	7	71	99.9954	HSK7-9
3671	霜	7	7	126	99.9954	HSK7-9
3672	納	7	7	990	99.9954	
3673	咻	7	7	35	99.9954	
3674	窮	7	7	102	99.9954	
3675	屑	7	7	56	99.9954	HSK7-9
3676	陀	7	7	113	99.9954	
3677	盤	7	7	270	99.9955	
3678	媚	7	7	115	99.9955	HSK7-9
3679	嗝	7	7	19	99.9955	
3680	厮	7	7	18	99.9955	
3681	衝	7	7	291	99.9955	
3682	虧	7	7	48	99.9955	
3683	坊	7	7	71	99.9955	
3684	寧	7	7	213	99.9955	
3685	稻	7	7	72	99.9955	HSK7-9
3686	嬷	7	5	30	99.9955	
3687	睦	7	7	38	99.9955	HSK7-9
3688	竹	7	7	218	99.9955	HSK5
3689	蘇	7	7	419	99.9955	
3690	閃	7	7	148	99.9956	
3691	漸	7	5	63	99.9956	
3692	梨	7	7	134	99.9956	HSK5
3693	婦	7	7	223	99.9956	
3694	髓	7	7	27	99.9956	HSK7-9
3695	膜	7	7	92	99.9956	HSK6
3696	叠	7	7	94	99.9956	HSK7-9
3697	芽	7	7	95	99.9956	HSK7-9
3698	質	7	7	246	99.9956	
3699	魚	7	7	671	99.9956	
3700	凱	7	7	469	99.9956	
3701	睇	6	6	12	99.9956	
3702	餵	6	6	14	99.9956	
3703	秤	6	6	36	99.9957	HSK7-9
3704	礹	6	6	1	99.9957	
3705	獀	6	6	1	99.9957	
3706	赽	6	6	1	99.9957	
3707	碉	6	6	5	99.9957	
3708	楊	6	6	132	99.9957	
3709	嘣	6	6	2	99.9957	
3710	藐	6	6	9	99.9957	
3711	羪	6	6	1	99.9957	
3712	紇	6	6	22	99.9957	
3713	範	6	6	102	99.9957	
3714	穨	6	6	1	99.9957	
3715	癒	6	6	1	99.9957	
3716	扼	6	6	26	99.9957	
3717	殡	6	6	14	99.9958	
3718	骯	6	6	8	99.9958	
3719	汝	6	6	176	99.9958	
3720	甧	6	6	1	99.9958	
3721	篱	6	6	37	99.9958	
3722	癥	6	6	1	99.9958	
3723	诽	6	6	9	99.9958	HSK7-9
3724	谤	6	6	13	99.9958	HSK7-9
3725	紮	6	6	1	99.9958	
3726	唸	6	6	15	99.9958	
3727	醬	6	6	107	99.9958	
3728	浣	6	6	2	99.9958	
3729	珃	6	6	1	99.9958	
3730	腌	6	6	23	99.9958	
3731	禫	6	6	1	99.9959	
3732	皘	6	6	1	99.9959	
3733	瓆	6	6	2	99.9959	
3734	詛	6	6	12	99.9959	
3735	蹩	6	6	7	99.9959	
3736	遜	6	6	207	99.9959	
3737	梗	6	6	88	99.9959	
3738	耞	6	6	2	99.9959	
3739	堤	6	6	174	99.9959	HSK7-9
3740	磯	6	6	44	99.9959	
3741	賀	6	6	97	99.9959	
3742	龌	6	6	4	99.9959	
3743	龊	6	6	3	99.9959	
3744	骡	6	6	15	99.9959	
3745	痫	6	6	7	99.9959	
3746	齒	6	6	115	99.9960	
3747	帚	6	6	10	99.9960	
3748	臮	6	6	1	99.9960	
3749	骼	6	6	10	99.9960	
3750	搓	6	6	19	99.9960	HSK7-9
3751	鸥	6	6	19	99.9960	
3752	齊	6	6	216	99.9960	
3753	構	6	6	86	99.9960	
3754	搐	6	6	16	99.9960	
3755	筝	6	6	4	99.9960	HSK7-9
3756	陣	6	6	203	99.9960	
3757	啄	6	6	19	99.9960	
3758	刁	6	6	58	99.9960	HSK7-9
3759	烙	6	6	33	99.9960	
3760	瑚	6	6	16	99.9961	
3761	贬	6	6	37	99.9961	HSK7-9
3762	繩	6	6	90	99.9961	
3763	滤	6	6	43	99.9961	HSK7-9
3764	涅	6	6	199	99.9961	
3765	泵	6	6	90	99.9961	
3766	菠	6	6	44	99.9961	
3767	勘	6	6	62	99.9961	HSK7-9
3768	昭	6	6	97	99.9961	
3769	蠻	6	6	87	99.9961	
3770	靶	6	6	40	99.9961	HSK7-9
3771	層	6	6	198	99.9961	
3772	赃	6	6	64	99.9961	HSK7-9
3773	汪	6	5	88	99.9961	HSK7-9
3774	瓷	6	6	92	99.9961	HSK7-9
3775	焕	6	6	60	99.9962	HSK7-9
3776	嘻	6	5	45	99.9962	
3777	褪	6	6	18	99.9962	
3778	紋	6	6	78	99.9962	
3779	闸	6	6	48	99.9962	HSK7-9
3780	純	6	6	134	99.9962	
3781	猶	6	6	155	99.9962	
3782	溶	6	6	79	99.9962	HSK7-9
3783	帥	6	6	179	99.9962	
3784	嘎	6	5	88	99.9962	
3785	唆	6	6	15	99.9962	
3786	鼎	6	3	61	99.9962	HSK7-9
3787	擒	6	6	39	99.9962	
3788	溢	6	6	60	99.9962	HSK7-9
3789	酿	6	6	76	99.9963	HSK7-9
3790	斐	6	6	121	99.9963	
3791	耕	6	6	110	99.9963	HSK7-9
3792	獵	6	6	161	99.9963	
3793	異	6	6	193	99.9963	
3794	隙	6	6	64	99.9963	HSK7-9
3795	魄	6	6	73	99.9963	HSK7-9
3796	燕	6	6	190	99.9963	HSK7-9
3797	煞	6	6	82	99.9963	
3798	岔	6	6	37	99.9963	HSK7-9
3799	唾	6	6	20	99.9963	HSK7-9
3800	嗡	6	3	14	99.9963	
3801	慘	6	6	123	99.9963	
3802	獻	6	6	171	99.9963	
3803	勢	6	6	162	99.9963	
3804	魯	6	6	606	99.9964	
3805	碿	5	5	1	99.9964	
3806	莅	5	5	3	99.9964	
3807	狶	5	5	1	99.9964	
3808	簍	5	5	51	99.9964	
3809	刽	5	5	2	99.9964	
3810	憔	5	5	3	99.9964	
3811	悴	5	5	6	99.9964	
3812	畸	5	5	19	99.9964	HSK7-9
3813	簈	5	5	1	99.9964	
3814	弘	5	5	123	99.9964	HSK7-9
3815	甮	5	5	1	99.9964	
3816	竚	5	5	1	99.9964	
3817	谛	5	5	10	99.9964	
3818	績	5	5	37	99.9964	
3819	砫	5	5	1	99.9964	
3820	尷	5	5	4	99.9964	
3821	毞	5	5	1	99.9965	
3822	岈	5	5	1	99.9965	
3823	拣	5	5	20	99.9965	HSK7-9
3824	斌	5	5	59	99.9965	
3825	艱	5	5	28	99.9965	
3826	禜	5	5	1	99.9965	
3827	沌	5	5	6	99.9965	
3828	豌	5	5	24	99.9965	
3829	癚	5	5	1	99.9965	
3830	翱	5	5	3	99.9965	
3831	嗬	5	5	1	99.9965	
3832	呎	5	5	1	99.9965	
3833	駛	5	5	164	99.9965	
3834	繺	5	5	3	99.9965	
3835	箉	5	5	1	99.9965	
3836	燙	5	5	15	99.9965	
3837	僊	5	5	1	99.9965	
3838	窱	5	5	1	99.9966	
3839	狹	5	5	44	99.9966	
3840	癠	5	5	1	99.9966	
3841	筐	5	5	25	99.9966	HSK7-9
3842	猳	5	5	1	99.9966	
3843	镍	5	5	9	99.9966	
3844	艶	5	5	1	99.9966	
3845	簸	5	5	9	99.9966	
3846	芠	5	5	1	99.9966	
3847	冇	5	5	1	99.9966	
3848	滇	5	5	12	99.9966	
3849	沧	5	5	48	99.9966	HSK7-9
3850	柿	5	5	15	99.9966	HSK5
3851	趋	5	5	48	99.9966	HSK4
3852	馋	5	5	17	99.9966	HSK7-9
3853	砞	5	5	2	99.9966	
3854	籐	5	5	1	99.9966	
3855	続	5	5	6	99.9966	
3856	瞦	5	5	1	99.9967	
3857	秸	5	5	33	99.9967	
3858	钵	5	5	27	99.9967	
3859	枷	5	5	7	99.9967	
3860	崛	5	5	14	99.9967	HSK7-9
3861	杏	5	5	99	99.9967	
3862	狈	5	5	11	99.9967	HSK7-9
3863	瑿	5	5	1	99.9967	
3864	揽	5	5	53	99.9967	HSK7-9
3865	眕	5	5	2	99.9967	
3866	惱	5	5	49	99.9967	
3867	栓	5	5	100	99.9967	HSK7-9
3868	壕	5	5	18	99.9967	
3869	壯	5	5	106	99.9967	
3870	纏	5	5	50	99.9967	
3871	寇	5	5	249	99.9967	
3872	啸	5	5	30	99.9967	HSK7-9
3873	滨	5	5	80	99.9968	HSK7-9
3874	昼	5	5	43	99.9968	HSK7-9
3875	湮	5	5	59	99.9968	
3876	淚	5	5	77	99.9968	
3877	娼	5	5	35	99.9968	
3878	吝	5	5	23	99.9968	
3879	啬	5	5	3	99.9968	
3880	賜	5	5	63	99.9968	
3881	裘	5	5	88	99.9968	
3882	撂	5	5	8	99.9968	
3883	稼	5	5	25	99.9968	HSK7-9
3884	绣	5	5	45	99.9968	HSK7-9
3885	孝	5	5	192	99.9968	HSK7-9
3886	拓	5	5	104	99.9968	HSK7-9
3887	浦	5	5	281	99.9968	
3888	怯	5	5	50	99.9968	HSK7-9
3889	渠	5	5	47	99.9968	HSK6
3890	攒	5	5	34	99.9968	HSK7-9
3891	锡	5	5	252	99.9969	HSK7-9
3892	灘	5	5	90	99.9969	
3893	涵	5	5	39	99.9969	HSK7-9
3894	靓	5	5	105	99.9969	
3895	颂	5	5	79	99.9969	HSK7-9
3896	吮	5	5	11	99.9969	
3897	帖	5	5	76	99.9969	HSK7-9
3898	嚏	5	5	12	99.9969	
3899	诵	5	5	39	99.9969	HSK7-9
3900	闺	5	5	35	99.9969	HSK7-9
3901	惦	5	5	15	99.9969	HSK7-9
3902	緣	5	5	87	99.9969	
3903	贊	5	5	111	99.9969	
3904	勵	5	5	30	99.9969	
3905	柬	5	5	17	99.9969	HSK7-9
3906	咀	5	5	29	99.9969	
3907	誇	5	5	44	99.9969	
3908	倔	5	5	22	99.9970	HSK7-9
3909	爛	5	5	456	99.9970	
3910	瞳	5	5	63	99.9970	
3911	桨	5	5	58	99.9970	HSK7-9
3912	刃	5	5	77	99.9970	
3913	跛	5	5	10	99.9970	
3914	礙	5	5	92	99.9970	
3915	醇	5	5	85	99.9970	HSK7-9
3916	猿	5	5	58	99.9970	
3917	懈	5	5	21	99.9970	HSK7-9
3918	艦	5	5	135	99.9970	
3919	帳	5	5	156	99.9970	
3920	翠	5	5	298	99.9970	HSK7-9
3921	萊	5	5	827	99.9970	
3922	熔	5	5	65	99.9970	
3923	卵	5	5	126	99.9970	HSK7-9
3924	陸	5	5	243	99.9970	
3925	疹	5	5	48	99.9971	
3926	俏	5	5	46	99.9971	HSK7-9
3927	喧	5	5	41	99.9971	HSK7-9
3928	評	5	5	94	99.9971	
3929	烘	5	4	35	99.9971	HSK7-9
3930	獎	5	5	256	99.9971	
3931	禀	5	5	22	99.9971	
3932	叽	5	3	46	99.9971	
3933	鋪	4	4	53	99.9971	
3934	竜	4	4	1	99.9971	
3935	誒	4	4	1	99.9971	
3936	蛎	4	4	7	99.9971	
3937	乙	4	4	105	99.9971	HSK5
3938	廓	4	4	24	99.9971	HSK7-9
3939	欴	4	4	1	99.9971	
3940	痣	4	4	18	99.9971	
3941	罙	4	4	2	99.9971	
3942	缇	4	4	3	99.9971	
3943	瞏	4	4	1	99.9971	
3944	硐	4	4	1	99.9971	
3945	濕	4	4	110	99.9972	
3946	宛	4	4	32	99.9972	
3947	裴	4	4	106	99.9972	
3948	唏	4	4	8	99.9972	
3949	籖	4	4	1	99.9972	
3950	谚	4	4	4	99.9972	
3951	猌	4	4	1	99.9972	
3952	縀	4	4	1	99.9972	
3953	繞	4	4	87	99.9972	
3954	琎	4	4	1	99.9972	
3955	粂	4	4	1	99.9972	
3956	萤	4	4	26	99.9972	
3957	撥	4	4	62	99.9972	
3958	幌	4	4	10	99.9972	
3959	縒	4	4	2	99.9972	
3960	癵	4	4	1	99.9972	
3961	砯	4	4	1	99.9972	
3962	篝	4	4	1	99.9972	
3963	腇	4	4	1	99.9972	
3964	佢	4	4	1	99.9972	
3965	郵	4	4	84	99.9972	
3966	惘	4	4	11	99.9972	
3967	氟	4	4	45	99.9973	
3968	毖	4	4	3	99.9973	
3969	阪	4	4	84	99.9973	
3970	盎	4	4	38	99.9973	
3971	栈	4	4	19	99.9973	
3972	竡	4	4	1	99.9973	
3973	嘭	4	4	1	99.9973	
3974	吠	4	4	18	99.9973	
3975	蹂	4	4	6	99.9973	
3976	躏	4	4	2	99.9973	
3977	璚	4	4	1	99.9973	
3978	裳	4	4	15	99.9973	
3979	笴	4	4	1	99.9973	
3980	褫	4	4	23	99.9973	
3981	峻	4	4	30	99.9973	HSK7-9
3982	苤	4	4	4	99.9973	
3983	僕	4	4	49	99.9973	
3984	琿	4	4	17	99.9973	
3985	魇	4	4	9	99.9973	
3986	詳	4	4	47	99.9973	
3987	冕	4	4	37	99.9973	
3988	眒	4	4	1	99.9973	
3989	崋	4	4	1	99.9974	
3990	浏	4	4	8	99.9974	HSK7-9
3991	琜	4	4	1	99.9974	
3992	簎	4	4	1	99.9974	
3993	璉	4	4	18	99.9974	
3994	豈	4	4	9	99.9974	
3995	痉	4	4	6	99.9974	
3996	挛	4	4	23	99.9974	
3997	簧	4	4	43	99.9974	
3998	圭	4	4	214	99.9974	
3999	縷	4	4	15	99.9974	
4000	癮	4	4	28	99.9974	
4001	猧	4	4	1	99.9974	
4002	絏	4	4	1	99.9974	
4003	額	4	4	123	99.9974	
4004	惬	4	4	2	99.9974	
4005	礶	4	4	1	99.9974	
4006	瑀	4	4	1	99.9974	
4007	玥	4	4	8	99.9974	
4008	彿	4	4	1	99.9974	
4009	徐	4	4	204	99.9974	HSK7-9
4010	攫	4	4	27	99.9975	
4011	肞	4	4	1	99.9975	
4012	枭	4	4	6	99.9975	
4013	竲	4	4	1	99.9975	
4014	彗	4	4	26	99.9975	
4015	桂	4	4	158	99.9975	HSK7-9
4016	臊	4	4	10	99.9975	HSK7-9
4017	珩	4	4	25	99.9975	
4018	攪	4	4	36	99.9975	
4019	笿	4	4	1	99.9975	
4020	徑	4	4	70	99.9975	
4021	铛	4	4	10	99.9975	
4022	縫	4	4	80	99.9975	
4023	絞	4	4	59	99.9975	
4024	璽	4	4	35	99.9975	
4025	針	4	4	237	99.9975	
4026	競	4	4	81	99.9975	
4027	災	4	4	94	99.9975	
4028	钳	4	4	41	99.9975	HSK7-9
4029	猥	4	4	15	99.9975	
4030	賦	4	4	31	99.9975	
4031	葵	4	4	82	99.9975	
4032	掂	4	4	12	99.9976	
4033	榨	4	4	52	99.9976	HSK7-9
4034	缴	4	4	70	99.9976	HSK7-9
4035	鞍	4	4	50	99.9976	
4036	彎	4	4	69	99.9976	
4037	瞌	4	4	9	99.9976	
4038	揣	4	4	37	99.9976	HSK7-9
4039	訂	4	4	192	99.9976	
4040	遏	4	4	49	99.9976	HSK7-9
4041	濒	4	4	18	99.9976	
4042	償	4	4	66	99.9976	
4043	晦	4	4	28	99.9976	
4044	熨	4	4	33	99.9976	
4045	诫	4	4	20	99.9976	HSK7-9
4046	僧	4	4	100	99.9976	HSK7-9
4047	懊	4	4	10	99.9976	
4048	溯	4	4	21	99.9976	HSK7-9
4049	賠	4	4	73	99.9976	
4050	柳	4	4	265	99.9976	HSK7-9
4051	臥	4	4	46	99.9976	
4052	遂	4	4	19	99.9976	HSK7-9
4053	霆	4	4	24	99.9976	
4054	冥	4	4	57	99.9977	
4055	孫	4	4	164	99.9977	
4056	梵	4	4	59	99.9977	
4057	捂	4	4	15	99.9977	HSK7-9
4058	札	4	4	89	99.9977	
4059	亩	4	4	41	99.9977	HSK7-9
4060	蠕	4	4	21	99.9977	
4061	碾	4	4	28	99.9977	
4062	寝	4	4	50	99.9977	HSK7-9
4063	減	4	4	131	99.9977	
4064	寨	4	4	44	99.9977	HSK7-9
4065	栗	4	4	65	99.9977	
4066	旷	4	4	30	99.9977	HSK7-9
4067	姥	4	2	13	99.9977	HSK7-9
4068	瘀	4	4	12	99.9977	
4069	夭	4	2	31	99.9977	
4070	窜	4	4	29	99.9977	HSK7-9
4071	凿	4	4	42	99.9977	HSK7-9
4072	頻	4	4	94	99.9977	
4073	徵	4	4	150	99.9977	
4074	邸	4	4	18	99.9977	
4075	盜	4	4	109	99.9978	
4076	岌	4	2	15	99.9978	
4077	馒	4	4	22	99.9978	HSK6
4078	遛	4	4	9	99.9978	HSK7-9
4079	勞	4	4	360	99.9978	
4080	嫖	4	4	25	99.9978	
4081	蛊	4	4	12	99.9978	
4082	榈	4	4	9	99.9978	
4083	缪	4	4	87	99.9978	
4084	庫	4	4	330	99.9978	
4085	殉	4	4	29	99.9978	
4086	睫	4	4	41	99.9978	
4087	島	4	4	406	99.9978	
4088	盏	4	4	23	99.9978	HSK7-9
4089	潔	4	4	191	99.9978	
4090	羁	4	4	17	99.9978	
4091	乒	4	4	20	99.9978	HSK7-9
4092	乓	4	4	20	99.9978	HSK7-9
4093	绒	4	4	75	99.9978	HSK5
4094	栖	4	4	66	99.9978	HSK7-9
4095	誘	4	4	66	99.9978	
4096	唧	4	2	20	99.9978	
4097	賴	4	4	183	99.9979	
4098	膽	4	4	227	99.9979	
4099	吱	4	3	32	99.9979	
4100	玲	4	3	254	99.9979	
4101	編	4	4	160	99.9979	
4102	趙	3	3	19	99.9979	
4103	薦	3	3	16	99.9979	
4104	蔡	3	3	95	99.9979	
4105	祀	3	3	14	99.9979	HSK7-9
4106	搽	3	3	6	99.9979	
4107	胔	3	3	1	99.9979	
4108	姦	3	3	46	99.9979	
4109	祅	3	3	1	99.9979	
4110	釜	3	3	8	99.9979	
4111	籇	3	3	1	99.9979	
4112	舦	3	3	1	99.9979	
4113	馊	3	3	6	99.9979	
4114	築	3	3	98	99.9979	
4115	鑒	3	3	1	99.9979	
4116	巅	3	3	14	99.9979	HSK7-9
4117	赘	3	3	13	99.9979	
4118	孵	3	3	22	99.9979	HSK7-9
4119	纞	3	3	1	99.9979	
4120	墳	3	3	17	99.9979	
4121	瑍	3	3	1	99.9979	
4122	倖	3	3	6	99.9979	
4123	甅	3	3	1	99.9979	
4124	襯	3	3	39	99.9979	
4125	艹	3	3	1	99.9980	
4126	劑	3	3	117	99.9980	
4127	蟋	3	3	5	99.9980	
4128	蟀	3	3	11	99.9980	
4129	砌	3	3	18	99.9980	HSK7-9
4130	炬	3	3	13	99.9980	HSK7-9
4131	喏	3	3	4	99.9980	
4132	坴	3	3	1	99.9980	
4133	硓	3	3	1	99.9980	
4134	脯	3	3	24	99.9980	
4135	泌	3	3	39	99.9980	HSK7-9
4136	耋	3	3	74	99.9980	
4137	猡	3	3	5	99.9980	
4138	羲	3	3	52	99.9980	
4139	砲	3	3	1	99.9980	
4140	竧	3	3	1	99.9980	
4141	蝎	3	3	28	99.9980	
4142	諜	3	3	48	99.9980	
4143	裆	3	3	14	99.9980	
4144	琘	3	3	1	99.9980	
4145	饺	3	3	18	99.9980	HSK2
4146	朦	3	3	22	99.9980	HSK7-9
4147	胧	3	3	8	99.9980	HSK7-9
4148	炊	3	3	49	99.9980	HSK7-9
4149	潰	3	3	38	99.9980	
4150	睬	3	3	18	99.9980	HSK7-9
4151	甉	3	3	1	99.9980	
4152	芜	3	3	12	99.9980	
4153	砏	3	3	1	99.9980	
4154	羚	3	3	34	99.9981	
4155	階	3	3	135	99.9981	
4156	萇	3	3	32	99.9981	
4157	紳	3	3	25	99.9981	
4158	罖	3	3	1	99.9981	
4159	酕	3	3	1	99.9981	
4160	佰	3	3	83	99.9981	
4161	阎	3	3	20	99.9981	HSK7-9
4162	畒	3	3	1	99.9981	
4163	豐	3	3	102	99.9981	
4164	馁	3	3	4	99.9981	HSK7-9
4165	曬	3	3	41	99.9981	
4166	粇	3	3	1	99.9981	
4167	沛	3	3	60	99.9981	HSK7-9
4168	敖	3	3	47	99.9981	
4169	哋	3	3	1	99.9981	
4170	檐	3	3	19	99.9981	
4171	檳	3	3	32	99.9981	
4172	毋	3	3	20	99.9981	
4173	曰	3	3	8	99.9981	HSK7-9
4174	嘅	3	3	1	99.9981	
4175	珋	3	3	1	99.9981	
4176	尹	3	3	164	99.9981	
4177	謬	3	3	27	99.9981	
4178	荆	3	3	30	99.9981	HSK7-9
4179	罷	3	3	175	99.9981	
4180	玭	3	3	15	99.9981	
4181	诠	3	3	4	99.9981	
4182	锢	3	3	3	99.9981	
4183	絤	3	3	1	99.9982	
4184	屹	3	3	13	99.9982	HSK7-9
4185	舆	3	3	28	99.9982	HSK7-9
4186	璊	3	3	1	99.9982	
4187	滓	3	3	3	99.9982	
4188	嚨	3	3	10	99.9982	
4189	凹	3	3	39	99.9982	HSK7-9
4190	缄	3	3	8	99.9982	
4191	呣	3	3	1	99.9982	
4192	釘	3	3	44	99.9982	
4193	赡	3	3	7	99.9982	HSK7-9
4194	怂	3	3	11	99.9982	
4195	恿	3	3	9	99.9982	
4196	颓	3	3	63	99.9982	HSK7-9
4197	粿	3	3	1	99.9982	
4198	覂	3	3	1	99.9982	
4199	娛	3	3	24	99.9982	
4200	甶	3	3	1	99.9982	
4201	箇	3	3	2	99.9982	
4202	檯	3	3	1	99.9982	
4203	脄	3	3	1	99.9982	
4204	腨	3	3	1	99.9982	
4205	筛	3	3	21	99.9982	HSK7-9
4206	敛	3	3	13	99.9982	HSK7-9
4207	酝	3	3	6	99.9982	HSK7-9
4208	艙	3	3	78	99.9982	
4209	撸	3	3	1	99.9982	
4210	犁	3	3	60	99.9982	
4211	锭	3	3	28	99.9982	
4212	蝦	3	3	55	99.9983	
4213	眭	3	3	70	99.9983	
4214	溝	3	3	100	99.9983	
4215	圳	3	3	9	99.9983	
4216	嘢	3	3	4	99.9983	
4217	擂	3	3	31	99.9983	
4218	砋	3	3	1	99.9983	
4219	摁	3	3	1	99.9983	
4220	羭	3	3	1	99.9983	
4221	懶	3	3	50	99.9983	
4222	纔	3	3	1	99.9983	
4223	潢	3	3	9	99.9983	
4224	緄	3	3	1	99.9983	
4225	芦	3	3	46	99.9983	HSK7-9
4226	咎	3	3	29	99.9983	
4227	曉	3	3	113	99.9983	
4228	硕	3	3	72	99.9983	HSK5
4229	镳	3	3	8	99.9983	
4230	瘪	3	3	11	99.9983	
4231	雌	3	3	87	99.9983	
4232	喪	3	3	105	99.9983	
4233	薩	3	3	627	99.9983	
4234	蛆	3	3	10	99.9983	
4235	肇	3	3	24	99.9983	HSK7-9
4236	卿	3	3	122	99.9983	
4237	骋	3	3	13	99.9983	
4238	彰	3	3	37	99.9983	HSK7-9
4239	暇	3	3	25	99.9983	
4240	硫	3	3	48	99.9984	
4241	購	3	3	89	99.9984	
4242	徙	3	3	16	99.9984	
4243	喚	3	3	73	99.9984	
4244	嗣	3	3	62	99.9984	
4245	篡	3	3	15	99.9984	
4246	撰	3	3	30	99.9984	HSK7-9
4247	遙	3	3	72	99.9984	
4248	禍	3	3	71	99.9984	
4249	嘀	3	3	18	99.9984	
4250	屡	3	3	42	99.9984	HSK7-9
4251	薰	3	3	21	99.9984	
4252	獗	3	3	22	99.9984	
4253	撮	3	3	12	99.9984	
4254	鸿	3	3	67	99.9984	
4255	哆	3	3	11	99.9984	HSK7-9
4256	旱	3	3	76	99.9984	HSK7-9
4257	谭	3	3	94	99.9984	
4258	貸	3	3	50	99.9984	
4259	迭	3	3	56	99.9984	HSK7-9
4260	炭	3	3	91	99.9984	HSK7-9
4261	掙	3	3	42	99.9984	
4262	軟	3	3	122	99.9984	
4263	肅	3	3	69	99.9984	
4264	脐	3	3	12	99.9984	
4265	詩	3	3	233	99.9984	
4266	炙	3	3	22	99.9984	
4267	鹤	3	3	128	99.9984	HSK7-9
4268	萌	3	3	128	99.9984	HSK7-9
4269	陰	3	3	167	99.9985	
4270	馈	3	3	19	99.9985	HSK7-9
4271	拢	3	3	43	99.9985	HSK7-9
4272	攸	3	3	15	99.9985	
4273	籠	3	3	93	99.9985	
4274	塗	3	3	115	99.9985	
4275	碴	3	3	10	99.9985	
4276	茬	3	3	17	99.9985	
4277	骇	3	3	33	99.9985	HSK7-9
4278	宮	3	3	219	99.9985	
4279	豬	3	3	351	99.9985	
4280	恥	3	3	54	99.9985	
4281	滞	3	3	32	99.9985	HSK7-9
4282	偽	3	3	92	99.9985	
4283	畔	3	3	23	99.9985	HSK7-9
4284	啧	3	2	7	99.9985	
4285	拱	3	3	47	99.9985	HSK7-9
4286	惶	3	2	28	99.9985	
4287	泻	3	3	54	99.9985	HSK7-9
4288	呱	3	2	19	99.9985	
4289	礁	3	3	46	99.9985	HSK7-9
4290	翩	3	2	44	99.9985	
4291	掛	3	3	297	99.9985	
4292	眈	3	2	18	99.9985	
4293	喳	3	2	31	99.9985	
4294	潛	3	3	88	99.9985	
4295	胚	3	3	18	99.9985	HSK7-9
4296	墜	3	3	51	99.9985	
4297	缔	3	3	28	99.9985	HSK7-9
4298	餅	3	3	213	99.9986	
4299	痘	3	2	16	99.9986	
4300	蕃	2	2	16	99.9986	
4301	峨	2	2	46	99.9986	
4302	氪	2	2	1	99.9986	
4303	捶	2	2	14	99.9986	HSK7-9
4304	臩	2	2	1	99.9986	
4305	凍	2	2	93	99.9986	
4306	诋	2	2	2	99.9986	
4307	惋	2	2	5	99.9986	HSK7-9
4308	繻	2	2	13	99.9986	
4309	辍	2	2	8	99.9986	
4310	鋼	2	2	132	99.9986	
4311	葫	2	2	22	99.9986	
4312	萸	2	2	37	99.9986	
4313	蟻	2	2	82	99.9986	
4314	譜	2	2	60	99.9986	
4315	玙	2	2	5	99.9986	
4316	沽	2	2	51	99.9986	HSK7-9
4317	搔	2	2	13	99.9986	
4318	峙	2	2	8	99.9986	HSK7-9
4319	緑	2	2	1	99.9986	
4320	诲	2	2	9	99.9986	
4321	眃	2	2	1	99.9986	
4322	暧	2	2	17	99.9986	
4323	郭	2	2	144	99.9986	
4324	蜻	2	2	8	99.9986	
4325	蜓	2	2	7	99.9986	
4326	禥	2	2	4	99.9986	
4327	妾	2	2	31	99.9986	
4328	绎	2	2	8	99.9986	HSK7-9
4329	孞	2	2	1	99.9986	
4330	筂	2	2	1	99.9986	
4331	纒	2	2	1	99.9986	
4332	篈	2	2	1	99.9986	
4333	筍	2	2	44	99.9986	
4334	砩	2	2	1	99.9986	
4335	甫	2	2	65	99.9986	
4336	铸	2	2	50	99.9986	HSK7-9
4337	掸	2	2	16	99.9986	
4338	紊	2	2	12	99.9986	HSK7-9
4339	煲	2	2	48	99.9986	HSK7-9
4340	緗	2	2	3	99.9986	
4341	巩	2	2	18	99.9987	HSK6
4342	嘍	2	2	9	99.9987	
4343	墊	2	2	40	99.9987	
4344	絚	2	2	1	99.9987	
4345	磷	2	2	39	99.9987	
4346	睪	2	2	1	99.9987	
4347	騷	2	2	77	99.9987	
4348	矢	2	2	111	99.9987	HSK7-9
4349	耑	2	2	1	99.9987	
4350	殭	2	2	1	99.9987	
4351	翹	2	2	21	99.9987	
4352	萦	2	2	17	99.9987	
4353	叁	2	2	64	99.9987	
4354	搗	2	2	21	99.9987	
4355	狾	2	2	1	99.9987	
4356	诬	2	2	14	99.9987	
4357	匣	2	2	31	99.9987	
4358	縉	2	2	32	99.9987	
4359	鳗	2	2	16	99.9987	
4360	镶	2	2	42	99.9987	HSK7-9
4361	鉤	2	2	17	99.9987	
4362	皗	2	2	1	99.9987	
4363	絃	2	2	3	99.9987	
4364	吕	2	2	156	99.9987	
4365	揩	2	2	7	99.9987	
4366	碝	2	2	1	99.9987	
4367	赝	2	2	5	99.9987	
4368	倪	2	2	54	99.9987	
4369	剐	2	2	6	99.9987	
4370	杭	2	2	72	99.9987	
4371	脈	2	2	97	99.9987	
4372	磺	2	2	17	99.9987	
4373	湊	2	2	51	99.9987	
4374	咔	2	2	25	99.9987	
4375	睐	2	2	5	99.9987	
4376	爲	2	2	1	99.9987	
4377	掳	2	2	14	99.9987	
4378	俐	2	2	25	99.9987	
4379	謹	2	2	41	99.9987	
4380	踌	2	2	10	99.9987	
4381	涸	2	2	10	99.9987	
4382	綴	2	2	16	99.9987	
4383	赻	2	2	1	99.9987	
4384	鮑	2	2	98	99.9987	
4385	翡	2	2	13	99.9988	
4386	垀	2	2	1	99.9988	
4387	薛	2	2	133	99.9988	
4388	埔	2	2	20	99.9988	
4389	蘸	2	2	3	99.9988	HSK7-9
4390	蔔	2	2	1	99.9988	
4391	嚯	2	2	1	99.9988	
4392	珼	2	2	1	99.9988	
4393	婉	2	2	88	99.9988	HSK7-9
4394	憨	2	2	21	99.9988	
4395	讬	2	2	1	99.9988	
4396	鸳	2	2	20	99.9988	
4397	鸯	2	2	18	99.9988	
4398	皌	2	2	1	99.9988	
4399	汹	2	2	13	99.9988	HSK7-9
4400	謎	2	2	16	99.9988	
4401	哉	2	2	58	99.9988	
4402	篴	2	2	1	99.9988	
4403	垢	2	2	27	99.9988	
4404	弛	2	2	18	99.9988	HSK7-9
4405	閣	2	2	62	99.9988	
4406	笢	2	2	1	99.9988	
4407	抨	2	2	4	99.9988	HSK7-9
4408	夯	2	2	29	99.9988	
4409	羬	2	2	1	99.9988	
4410	盧	2	2	189	99.9988	
4411	衙	2	2	26	99.9988	
4412	啵	2	2	1	99.9988	
4413	瞰	2	2	5	99.9988	
4414	疱	2	2	10	99.9988	
4415	扪	2	2	5	99.9988	
4416	咫	2	2	9	99.9988	
4417	誼	2	2	31	99.9988	
4418	簙	2	2	1	99.9988	
4419	臫	2	2	1	99.9988	
4420	縐	2	2	10	99.9988	
4421	掣	2	2	15	99.9988	
4422	湛	2	2	47	99.9988	
4423	籹	2	2	1	99.9988	
4424	盋	2	2	1	99.9988	
4425	曆	2	2	1	99.9988	
4426	坍	2	2	10	99.9988	
4427	甊	2	2	1	99.9988	
4428	撩	2	2	28	99.9989	
4429	淏	2	2	1	99.9989	
4430	噶	2	2	53	99.9989	
4431	倡	2	2	21	99.9989	HSK5
4432	眺	2	2	10	99.9989	
4433	碙	2	2	1	99.9989	
4434	杵	2	2	11	99.9989	
4435	甦	2	2	1	99.9989	
4436	籜	2	2	1	99.9989	
4437	飚	2	2	6	99.9989	
4438	坷	2	2	11	99.9989	
4439	茧	2	2	31	99.9989	
4440	玦	2	2	1	99.9989	
4441	礎	2	2	7	99.9989	
4442	鹽	2	2	58	99.9989	
4443	渭	2	2	93	99.9989	
4444	痲	2	2	2	99.9989	
4445	羙	2	2	1	99.9989	
4446	秏	2	2	1	99.9989	
4447	筏	2	2	34	99.9989	
4448	糉	2	2	1	99.9989	
4449	癟	2	2	19	99.9989	
4450	頁	2	2	72	99.9989	
4451	蠟	2	2	42	99.9989	
4452	燭	2	2	52	99.9989	
4453	鼾	2	2	12	99.9989	
4454	橾	2	2	1	99.9989	
4455	暮	2	2	60	99.9989	HSK7-9
4456	蹬	2	2	14	99.9989	HSK7-9
4457	咗	2	2	1	99.9989	
4458	汐	2	2	41	99.9989	
4459	侚	2	2	1	99.9989	
4460	気	2	2	1	99.9989	
4461	貢	2	2	81	99.9989	
4462	祏	2	2	1	99.9989	
4463	竤	2	2	2	99.9989	
4464	瞓	2	2	2	99.9989	
4465	蜚	2	2	14	99.9989	
4466	痔	2	2	15	99.9989	
4467	疮	2	2	42	99.9989	
4468	廈	2	2	53	99.9989	
4469	铝	2	2	56	99.9989	HSK7-9
4470	麋	2	2	4	99.9989	
4471	韓	2	2	176	99.9989	
4472	鈕	2	2	24	99.9990	
4473	玄	2	2	157	99.9990	HSK7-9
4474	斬	2	2	27	99.9990	
4475	恍	2	2	27	99.9990	HSK7-9
4476	惚	2	2	8	99.9990	
4477	纫	2	2	4	99.9990	
4478	釣	2	2	66	99.9990	
4479	獅	2	2	75	99.9990	
4480	徨	2	2	21	99.9990	
4481	褓	2	2	61	99.9990	
4482	仨	2	2	8	99.9990	
4483	牽	2	2	70	99.9990	
4484	臸	2	2	1	99.9990	
4485	陑	2	2	2	99.9990	
4486	隅	2	2	33	99.9990	
4487	稬	2	2	1	99.9990	
4488	嬴	2	2	25	99.9990	
4489	楞	2	2	13	99.9990	
4490	泞	2	2	5	99.9990	
4491	囧	2	2	1	99.9990	
4492	脹	2	2	38	99.9990	
4493	汲	2	2	12	99.9990	
4494	贖	2	2	23	99.9990	
4495	韧	2	2	42	99.9990	HSK7-9
4496	妲	2	2	94	99.9990	
4497	摺	2	2	6	99.9990	
4498	胱	2	2	5	99.9990	
4499	猠	2	2	1	99.9990	
4500	灸	2	2	14	99.9990	HSK7-9
4501	塢	2	2	19	99.9990	
4502	屄	2	2	4	99.9990	
4503	鳕	2	2	5	99.9990	
4504	乜	2	2	32	99.9990	
4505	涼	2	2	131	99.9990	
4506	萃	2	2	23	99.9990	
4507	偎	2	2	9	99.9990	
4508	謠	2	2	41	99.9990	
4509	緓	2	2	1	99.9990	
4510	礟	2	2	1	99.9990	
4511	墮	2	2	16	99.9990	
4512	緻	2	2	1	99.9990	
4513	斃	2	2	50	99.9990	
4514	绯	2	2	11	99.9990	HSK7-9
4515	舘	2	2	1	99.9991	
4516	芔	2	2	1	99.9991	
4517	瞩	2	2	14	99.9991	HSK7-9
4518	鳟	2	2	8	99.9991	
4519	哺	2	2	16	99.9991	HSK7-9
4520	糯	2	2	8	99.9991	
4521	噎	2	2	19	99.9991	
4522	蚚	2	2	1	99.9991	
4523	秅	2	2	1	99.9991	
4524	泭	2	2	1	99.9991	
4525	盥	2	2	4	99.9991	
4526	蹿	2	2	9	99.9991	
4527	璀	2	2	5	99.9991	
4528	璨	2	2	9	99.9991	
4529	嗚	2	2	17	99.9991	
4530	隘	2	2	11	99.9991	HSK7-9
4531	寵	2	2	73	99.9991	
4532	穖	2	2	1	99.9991	
4533	赁	2	2	5	99.9991	HSK7-9
4534	郅	2	2	5	99.9991	
4535	軗	2	2	2	99.9991	
4536	惺	2	1	12	99.9991	
4537	喀	2	2	105	99.9991	
4538	苔	2	2	42	99.9991	
4539	酥	2	2	28	99.9991	HSK7-9
4540	閒	2	2	99	99.9991	
4541	賬	2	2	73	99.9991	
4542	纬	2	2	95	99.9991	HSK7-9
4543	渾	2	2	39	99.9991	
4544	阐	2	2	6	99.9991	HSK7-9
4545	藩	2	2	80	99.9991	
4546	蝗	2	2	31	99.9991	
4547	狒	2	1	2	99.9991	
4548	凋	2	2	15	99.9991	
4549	颖	2	2	39	99.9991	HSK7-9
4550	迢	2	1	6	99.9991	
4551	霄	2	2	27	99.9991	
4552	灼	2	2	39	99.9991	HSK7-9
4553	蛾	2	2	25	99.9991	
4554	餘	2	2	152	99.9991	
4555	貓	2	2	372	99.9991	
4556	痰	2	2	22	99.9991	HSK7-9
4557	盹	2	2	8	99.9991	HSK7-9
4558	渝	2	2	17	99.9992	
4559	滔	2	1	57	99.9992	HSK7-9
4560	坤	2	2	83	99.9992	
4561	傾	2	2	57	99.9992	
4562	轟	2	2	69	99.9992	
4563	诧	2	2	26	99.9992	HSK7-9
4564	眸	2	2	28	99.9992	
4565	銷	2	2	119	99.9992	
4566	蛀	2	2	14	99.9992	
4567	縱	2	2	73	99.9992	
4568	袒	2	2	15	99.9992	
4569	娇	2	2	144	99.9992	HSK7-9
4570	攔	2	2	45	99.9992	
4571	岭	2	2	93	99.9992	HSK7-9
4572	吭	2	2	23	99.9992	HSK7-9
4573	婷	2	1	118	99.9992	
4574	羹	2	2	31	99.9992	
4575	妝	2	2	106	99.9992	
4576	梢	2	2	32	99.9992	HSK7-9
4577	倉	2	2	80	99.9992	
4578	峭	2	2	24	99.9992	
4579	邁	2	2	165	99.9992	
4580	崎	2	2	213	99.9992	
4581	脓	2	2	32	99.9992	
4582	眩	2	2	32	99.9992	
4583	茂	2	2	134	99.9992	HSK7-9
4584	侶	2	2	20	99.9992	
4585	飾	2	2	111	99.9992	
4586	漱	2	2	31	99.9992	
4587	咄	2	1	5	99.9992	
4588	怠	2	2	35	99.9992	HSK7-9
4589	邏	2	2	40	99.9992	
4590	輯	2	2	38	99.9992	
4591	遞	2	2	60	99.9992	
4592	苟	2	2	40	99.9992	
4593	銬	2	2	10	99.9992	
4594	蹄	2	2	95	99.9992	
4595	蟆	2	2	8	99.9992	
4596	喃	2	1	19	99.9992	
4597	竿	2	2	43	99.9992	HSK7-9
4598	晤	2	2	24	99.9992	HSK7-9
4599	棟	2	2	63	99.9992	
4600	佼	2	1	10	99.9992	
4601	彬	2	1	76	99.9992	HSK7-9
4602	撵	2	2	7	99.9993	
4603	栩	2	1	6	99.9993	
4604	邱	2	2	56	99.9993	
4605	硝	2	2	34	99.9993	
4606	倩	2	2	62	99.9993	
4607	茅	2	2	98	99.9993	HSK7-9
4608	伶	2	1	37	99.9993	
4609	辟	1	1	44	99.9993	HSK7-9
4610	琥	1	1	6	99.9993	
4611	飄	1	1	81	99.9993	
4612	畐	1	1	1	99.9993	
4613	蔷	1	1	12	99.9993	
4614	抠	1	1	13	99.9993	HSK7-9
4615	孀	1	1	6	99.9993	
4616	俴	1	1	1	99.9993	
4617	穫	1	1	1	99.9993	
4618	胺	1	1	44	99.9993	
4619	亢	1	1	31	99.9993	
4620	鲱	1	1	2	99.9993	
4621	虳	1	1	1	99.9993	
4622	蜆	1	1	5	99.9993	
4623	偵	1	1	52	99.9993	
4624	藻	1	1	39	99.9993	HSK7-9
4625	掴	1	1	1	99.9993	
4626	墩	1	1	35	99.9993	
4627	菈	1	1	1	99.9993	
4628	緅	1	1	1	99.9993	
4629	啲	1	1	1	99.9993	
4630	撲	1	1	57	99.9993	
4631	聾	1	1	38	99.9993	
4632	馀	1	1	5	99.9993	
4633	穞	1	1	1	99.9993	
4634	匀	1	1	33	99.9993	HSK7-9
4635	穛	1	1	1	99.9993	
4636	蒋	1	1	53	99.9993	
4637	郴	1	1	14	99.9993	
4638	莺	1	1	35	99.9993	
4639	鼹	1	1	5	99.9993	
4640	蛭	1	1	6	99.9993	
4641	胰	1	1	14	99.9993	
4642	嬸	1	1	26	99.9993	
4643	窰	1	1	1	99.9993	
4644	焙	1	1	16	99.9993	
4645	獴	1	1	1	99.9993	
4646	鴨	1	1	53	99.9993	
4647	渍	1	1	40	99.9993	
4648	貪	1	1	51	99.9993	
4649	郔	1	1	1	99.9993	
4650	琂	1	1	1	99.9993	
4651	奠	1	1	33	99.9993	HSK7-9
4652	槌	1	1	22	99.9993	
4653	蓟	1	1	17	99.9993	
4654	嘶	1	1	28	99.9993	
4655	癢	1	1	22	99.9993	
4656	蟒	1	1	15	99.9993	
4657	邃	1	1	6	99.9993	
4658	壽	1	1	143	99.9993	
4659	磝	1	1	1	99.9993	
4660	吔	1	1	1	99.9993	
4661	臼	1	1	19	99.9993	
4662	碔	1	1	1	99.9993	
4663	磀	1	1	1	99.9993	
4664	穎	1	1	28	99.9993	
4665	抡	1	1	1	99.9993	HSK7-9
4666	碱	1	1	42	99.9993	
4667	耴	1	1	1	99.9993	
4668	渤	1	1	18	99.9993	
4669	穓	1	1	1	99.9993	
4670	撈	1	1	38	99.9993	
4671	觊	1	1	8	99.9993	
4672	觎	1	1	1	99.9993	
4673	婬	1	1	1	99.9993	
4674	葩	1	1	16	99.9993	
4675	彆	1	1	1	99.9993	
4676	併	1	1	1	99.9993	
4677	杻	1	1	1	99.9993	
4678	皈	1	1	3	99.9993	
4679	穀	1	1	1	99.9993	
4680	恆	1	1	63	99.9993	
4681	鼬	1	1	9	99.9993	
4682	侬	1	1	31	99.9994	
4683	玪	1	1	1	99.9994	
4684	炽	1	1	17	99.9994	
4685	耚	1	1	1	99.9994	
4686	刪	1	1	13	99.9994	
4687	斋	1	1	78	99.9994	
4688	硌	1	1	1	99.9994	
4689	歎	1	1	1	99.9994	
4690	嘈	1	1	27	99.9994	
4691	垄	1	1	21	99.9994	HSK7-9
4692	瑆	1	1	1	99.9994	
4693	芲	1	1	1	99.9994	
4694	癩	1	1	18	99.9994	
4695	霾	1	1	8	99.9994	
4696	悸	1	1	11	99.9994	
4697	璝	1	1	1	99.9994	
4698	畴	1	1	11	99.9994	HSK7-9
4699	摒	1	1	16	99.9994	
4700	綤	1	1	1	99.9994	
4701	撅	1	1	1	99.9994	
4702	镰	1	1	16	99.9994	
4703	璓	1	1	1	99.9994	
4704	睝	1	1	2	99.9994	
4705	饑	1	1	1	99.9994	
4706	哝	1	1	14	99.9994	
4707	祔	1	1	1	99.9994	
4708	纐	1	1	1	99.9994	
4709	桔	1	1	31	99.9994	
4710	哞	1	1	1	99.9994	
4711	嚟	1	1	1	99.9994	
4712	肕	1	1	1	99.9994	
4713	擬	1	1	41	99.9994	
4714	珈	1	1	8	99.9994	
4715	沈	1	1	133	99.9994	
4716	軸	1	1	58	99.9994	
4717	迂	1	1	9	99.9994	
4718	軌	1	1	54	99.9994	
4719	刨	1	1	26	99.9994	HSK7-9
4720	躓	1	1	1	99.9994	
4721	瞥	1	1	15	99.9994	
4722	溉	1	1	14	99.9994	HSK7-9
4723	馏	1	1	11	99.9994	
4724	鎊	1	1	20	99.9994	
4725	纨	1	1	4	99.9994	
4726	绔	1	1	3	99.9994	
4727	窽	1	1	1	99.9994	
4728	糞	1	1	18	99.9994	
4729	儸	1	1	1	99.9994	
4730	磖	1	1	1	99.9994	
4731	紁	1	1	1	99.9994	
4732	穐	1	1	1	99.9994	
4733	矜	1	1	13	99.9994	
4734	涤	1	1	20	99.9994	HSK7-9
4735	穘	1	1	2	99.9994	
4736	镀	1	1	24	99.9994	
4737	駐	1	1	46	99.9994	
4738	曦	1	1	17	99.9994	
4739	賈	1	1	114	99.9994	
4740	縊	1	1	14	99.9994	
4741	辊	1	1	11	99.9994	
4742	祉	1	1	4	99.9994	
4743	怮	1	1	2	99.9994	
4744	屆	1	1	39	99.9994	
4745	疨	1	1	1	99.9994	
4746	粆	1	1	7	99.9994	
4747	霧	1	1	93	99.9994	
4748	阂	1	1	7	99.9994	HSK7-9
4749	蚯	1	1	2	99.9994	
4750	蚓	1	1	3	99.9994	
4751	枢	1	1	24	99.9994	HSK7-9
4752	篏	1	1	1	99.9994	
4753	竕	1	1	1	99.9994	
4754	昇	1	1	5	99.9994	
4755	傣	1	1	17	99.9994	
4756	迺	1	1	3	99.9994	
4757	捌	1	1	2	99.9994	
4758	舶	1	1	14	99.9994	HSK7-9
4759	畓	1	1	1	99.9994	
4760	偕	1	1	9	99.9994	
4761	鲤	1	1	15	99.9994	
4762	俾	1	1	26	99.9994	
4763	説	1	1	1	99.9994	
4764	蜕	1	1	14	99.9994	
4765	讧	1	1	2	99.9994	
4766	豢	1	1	7	99.9994	
4767	諷	1	1	29	99.9994	
4768	変	1	1	1	99.9994	
4769	糷	1	1	2	99.9995	
4770	秪	1	1	2	99.9995	
4771	柚	1	1	32	99.9995	
4772	辯	1	1	71	99.9995	
4773	昹	1	1	1	99.9995	
4774	孖	1	1	1	99.9995	
4775	惮	1	1	11	99.9995	
4776	铆	1	1	10	99.9995	
4777	灣	1	1	154	99.9995	
4778	咂	1	1	10	99.9995	
4779	祑	1	1	1	99.9995	
4780	臘	1	1	85	99.9995	
4781	笋	1	1	23	99.9995	
4782	虜	1	1	10	99.9995	
4783	蚝	1	1	4	99.9995	
4784	獠	1	1	4	99.9995	
4785	珆	1	1	1	99.9995	
4786	篋	1	1	1	99.9995	
4787	躇	1	1	23	99.9995	
4788	樸	1	1	110	99.9995	
4789	陵	1	1	79	99.9995	HSK7-9
4790	襪	1	1	44	99.9995	
4791	唄	1	1	44	99.9995	
4792	砉	1	1	16	99.9995	
4793	陡	1	1	17	99.9995	HSK7-9
4794	豺	1	1	7	99.9995	
4795	畑	1	1	30	99.9995	
4796	鍊	1	1	1	99.9995	
4797	嗳	1	1	4	99.9995	
4798	丞	1	1	20	99.9995	
4799	搖	1	1	234	99.9995	
4800	酩	1	1	3	99.9995	
4801	酊	1	1	13	99.9995	
4802	侗	1	1	15	99.9995	
4803	琠	1	1	1	99.9995	
4804	淺	1	1	48	99.9995	
4805	铠	1	1	7	99.9995	
4806	鏽	1	1	1	99.9995	
4807	綪	1	1	1	99.9995	
4808	剽	1	1	9	99.9995	
4809	篘	1	1	1	99.9995	
4810	涩	1	1	37	99.9995	
4811	雏	1	1	45	99.9995	
4812	勛	1	1	1	99.9995	
4813	鴿	1	1	23	99.9995	
4814	芛	1	1	1	99.9995	
4815	坳	1	1	30	99.9995	
4816	跆	1	1	5	99.9995	
4817	眳	1	1	1	99.9995	
4818	屙	1	1	1	99.9995	
4819	盚	1	1	1	99.9995	
4820	苯	1	1	61	99.9995	
4821	跩	1	1	1	99.9995	
4822	窿	1	1	22	99.9995	HSK7-9
4823	啜	1	1	16	99.9995	
4824	陬	1	1	1	99.9995	
4825	舖	1	1	1	99.9995	
4826	衾	1	1	3	99.9995	
4827	縮	1	1	97	99.9995	
4828	琁	1	1	1	99.9995	
4829	缀	1	1	15	99.9995	HSK7-9
4830	牒	1	1	7	99.9995	
4831	痿	1	1	8	99.9995	
4832	鳍	1	1	26	99.9995	
4833	籁	1	1	8	99.9995	
4834	礩	1	1	1	99.9995	
4835	頑	1	1	30	99.9995	
4836	剌	1	1	15	99.9995	
4837	鏢	1	1	40	99.9995	
4838	鲔	1	1	1	99.9995	
4839	詭	1	1	26	99.9995	
4840	攜	1	1	28	99.9995	
4841	铀	1	1	10	99.9995	
4842	绢	1	1	17	99.9995	
4843	閱	1	1	45	99.9995	
4844	釬	1	1	40	99.9995	
4845	閑	1	1	1	99.9995	
4846	拂	1	1	43	99.9995	
4847	莊	1	1	128	99.9995	
4848	麾	1	1	4	99.9995	
4849	塚	1	1	11	99.9995	
4850	暍	1	1	1	99.9995	
4851	腎	1	1	24	99.9995	
4852	嘩	1	1	8	99.9995	
4853	瑅	1	1	3	99.9995	
4854	祍	1	1	1	99.9995	
4855	緍	1	1	1	99.9995	
4856	瀚	1	1	13	99.9996	
4857	砐	1	1	1	99.9996	
4858	漲	1	1	77	99.9996	
4859	忱	1	1	13	99.9996	
4860	羨	1	1	17	99.9996	
4861	岱	1	1	24	99.9996	
4862	雹	1	1	9	99.9996	
4863	孺	1	1	21	99.9996	
4864	孪	1	1	9	99.9996	HSK7-9
4865	窘	1	1	17	99.9996	HSK7-9
4866	箍	1	1	30	99.9996	
4867	磋	1	1	9	99.9996	HSK7-9
4868	岖	1	1	4	99.9996	
4869	眯	1	1	21	99.9996	
4870	儆	1	1	12	99.9996	
4871	畕	1	1	2	99.9996	
4872	霰	1	1	11	99.9996	
4873	臆	1	1	22	99.9996	
4874	翧	1	1	1	99.9996	
4875	熙	1	1	230	99.9996	HSK7-9
4876	啞	1	1	62	99.9996	
4877	噱	1	1	6	99.9996	
4878	阰	1	1	1	99.9996	
4879	呒	1	1	1	99.9996	
4880	鲶	1	1	7	99.9996	
4881	虛	1	1	170	99.9996	
4882	畄	1	1	1	99.9996	
4883	鹹	1	1	1	99.9996	
4884	賄	1	1	15	99.9996	
4885	賂	1	1	7	99.9996	
4886	冀	1	1	39	99.9996	
4887	缕	1	1	24	99.9996	HSK7-9
4888	獭	1	1	10	99.9996	
4889	賓	1	1	307	99.9996	
4890	鸵	1	1	11	99.9996	
4891	疶	1	1	1	99.9996	
4892	渥	1	1	52	99.9996	
4893	懺	1	1	6	99.9996	
4894	硚	1	1	6	99.9996	
4895	槛	1	1	5	99.9996	HSK7-9
4896	匯	1	1	86	99.9996	
4897	黯	1	1	19	99.9996	
4898	秦	1	1	126	99.9996	
4899	彙	1	1	1	99.9996	
4900	甃	1	1	1	99.9996	
4901	筳	1	1	1	99.9996	
4902	隴	1	1	22	99.9996	
4903	冪	1	1	6	99.9996	
4904	啾	1	1	7	99.9996	
4905	讣	1	1	4	99.9996	
4906	緝	1	1	54	99.9996	
4907	勳	1	1	49	99.9996	
4908	絪	1	1	1	99.9996	
4909	鯊	1	1	7	99.9996	
4910	綝	1	1	1	99.9996	
4911	剝	1	1	32	99.9996	
4912	緋	1	1	4	99.9996	
4913	焗	1	1	3	99.9996	
4914	蛹	1	1	7	99.9996	
4915	鎔	1	1	3	99.9996	
4916	笹	1	1	21	99.9996	
4917	潭	1	1	35	99.9996	HSK7-9
4918	吖	1	1	2	99.9996	
4919	澎	1	1	19	99.9996	
4920	湃	1	1	9	99.9996	
4921	籤	1	1	1	99.9996	
4922	璍	1	1	1	99.9996	
4923	緇	1	1	1	99.9996	
4924	朮	1	1	1	99.9996	
4925	菏	1	1	21	99.9996	
4926	戛	1	1	11	99.9996	
4927	禅	1	1	58	99.9996	HSK7-9
4928	曳	1	1	24	99.9996	
4929	繃	1	1	7	99.9996	
4930	積	1	1	160	99.9996	
4931	蜷	1	1	15	99.9996	
4932	癞	1	1	13	99.9996	
4933	瞯	1	1	1	99.9996	
4934	咭	1	1	1	99.9996	
4935	穕	1	1	1	99.9996	
4936	衱	1	1	2	99.9996	
4937	驮	1	1	7	99.9996	HSK7-9
4938	繵	1	1	1	99.9996	
4939	榔	1	1	10	99.9996	
4940	暹	1	1	10	99.9996	
4941	呯	1	1	1	99.9996	
4942	燉	1	1	21	99.9996	
4943	衭	1	1	1	99.9997	
4944	扞	1	1	2	99.9997	
4945	貂	1	1	23	99.9997	
4946	玜	1	1	1	99.9997	
4947	籃	1	1	53	99.9997	
4948	籈	1	1	1	99.9997	
4949	嚮	1	1	1	99.9997	
4950	禿	1	1	23	99.9997	
4951	綾	1	1	25	99.9997	
4952	瑌	1	1	1	99.9997	
4953	恀	1	1	1	99.9997	
4954	恁	1	1	11	99.9997	
4955	拸	1	1	1	99.9997	
4956	疟	1	1	6	99.9997	
4957	钧	1	1	27	99.9997	HSK7-9
4958	蚱	1	1	5	99.9997	
4959	蜢	1	1	5	99.9997	
4960	妗	1	1	1	99.9997	
4961	籩	1	1	1	99.9997	
4962	睜	1	1	87	99.9997	
4963	咡	1	1	1	99.9997	
4964	稴	1	1	1	99.9997	
4965	皚	1	1	10	99.9997	
4966	掖	1	1	4	99.9997	
4967	餡	1	1	9	99.9997	
4968	驢	1	1	20	99.9997	
4969	鎗	1	1	15	99.9997	
4970	俚	1	1	5	99.9997	
4971	秂	1	1	1	99.9997	
4972	叩	1	1	34	99.9997	
4973	殷	1	1	35	99.9997	HSK7-9
4974	祢	1	1	14	99.9997	
4975	飢	1	1	17	99.9997	
4976	恪	1	1	9	99.9997	
4977	涛	1	1	67	99.9997	HSK7-9
4978	恺	1	1	6	99.9997	
4979	樑	1	1	1	99.9997	
4980	醱	1	1	1	99.9997	
4981	鈔	1	1	29	99.9997	
4982	蜈	1	1	1	99.9997	
4983	蚣	1	1	3	99.9997	
4984	钛	1	1	4	99.9997	
4985	玶	1	1	1	99.9997	
4986	乍	1	1	29	99.9997	
4987	縤	1	1	1	99.9997	
4988	烏	1	1	179	99.9997	
4989	龜	1	1	76	99.9997	
4990	篗	1	1	1	99.9997	
4991	惟	1	1	34	99.9997	
4992	馱	1	1	6	99.9997	
4993	爐	1	1	80	99.9997	
4994	趼	1	1	2	99.9997	
4995	侖	1	1	1	99.9997	
4996	硼	1	1	15	99.9997	
4997	懵	1	1	20	99.9997	
4998	菸	1	1	7	99.9997	
4999	蜇	1	1	12	99.9997	
5000	癱	1	1	8	99.9997	
5001	瘓	1	1	7	99.9997	
5002	淤	1	1	20	99.9997	
5003	牟	1	1	23	99.9997	
5004	梑	1	1	1	99.9997	
5005	褂	1	1	15	99.9997	
5006	藕	1	1	10	99.9997	
5007	幺	1	1	26	99.9997	
5008	債	1	1	143	99.9997	
5009	傖	1	1	9	99.9997	
5010	蜿	1	1	5	99.9997	
5011	蜒	1	1	6	99.9997	
5012	堋	1	1	2	99.9997	
5013	猬	1	1	2	99.9997	
5014	疣	1	1	7	99.9997	
5015	悅	1	1	46	99.9997	
5016	醜	1	1	104	99.9997	
5017	沥	1	1	14	99.9997	
5018	螳	1	1	9	99.9997	
5019	診	1	1	80	99.9997	
5020	瘠	1	1	7	99.9997	
5021	笭	1	1	1	99.9997	
5022	莴	1	1	3	99.9997	
5023	苣	1	1	7	99.9997	
5024	吏	1	1	55	99.9997	HSK7-9
5025	镁	1	1	17	99.9997	
5026	猀	1	1	1	99.9997	
5027	瘂	1	1	1	99.9997	
5028	獾	1	1	7	99.9997	
5029	陓	1	1	3	99.9998	
5030	璹	1	1	2	99.9998	
5031	籌	1	1	58	99.9998	
5032	缰	1	1	9	99.9998	
5033	玵	1	1	1	99.9998	
5034	鹌	1	1	4	99.9998	
5035	鹑	1	1	9	99.9998	
5036	氢	1	1	54	99.9998	
5037	茲	1	1	424	99.9998	
5038	憊	1	1	5	99.9998	
5039	盠	1	1	1	99.9998	
5040	锹	1	1	5	99.9998	
5041	镬	1	1	1	99.9998	
5042	辄	1	1	7	99.9998	
5043	椿	1	1	45	99.9998	
5044	榭	1	1	40	99.9998	
5045	麒	1	1	12	99.9998	
5046	麟	1	1	46	99.9998	
5047	顔	1	1	1	99.9998	
5048	闡	1	1	24	99.9998	
5049	樁	1	1	26	99.9998	
5050	洩	1	1	59	99.9998	
5051	眀	1	1	1	99.9998	
5052	撫	1	1	78	99.9998	
5053	貧	1	1	57	99.9998	
5054	鲈	1	1	9	99.9998	
5055	涎	1	1	23	99.9998	
5056	綵	1	1	1	99.9998	
5057	遷	1	1	55	99.9998	
5058	骏	1	1	23	99.9998	HSK7-9
5059	猖	1	1	6	99.9998	HSK7-9
5060	咿	1	1	11	99.9998	
5061	谕	1	1	25	99.9998	
5062	蓉	1	1	83	99.9998	
5063	嶺	1	1	51	99.9998	
5064	桅	1	1	34	99.9998	
5065	畊	1	1	2	99.9998	
5066	鍛	1	1	8	99.9998	
5067	煉	1	1	64	99.9998	
5068	氰	1	1	16	99.9998	
5069	粑	1	1	7	99.9998	
5070	钠	1	1	38	99.9998	
5071	禾	1	1	58	99.9998	HSK7-9
5072	祠	1	1	17	99.9998	
5073	谧	1	1	5	99.9998	
5074	幣	1	1	71	99.9998	
5075	螫	1	1	4	99.9998	
5076	腋	1	1	14	99.9998	
5077	魷	1	1	2	99.9998	
5078	冢	1	1	47	99.9998	
5079	蚌	1	1	17	99.9998	
5080	瞺	1	1	1	99.9998	
5081	镭	1	1	3	99.9998	
5082	砂	1	1	108	99.9998	HSK7-9
5083	蕴	1	1	30	99.9998	HSK7-9
5084	胭	1	1	7	99.9998	
5085	壘	1	1	43	99.9998	
5086	襟	1	1	30	99.9998	
5087	谘	1	1	3	99.9998	
5088	祕	1	1	1	99.9998	
5089	苺	1	1	1	99.9998	
5090	禧	1	1	27	99.9998	
5091	痢	1	1	16	99.9998	
5092	詐	1	1	57	99.9998	
5093	憫	1	1	18	99.9998	
5094	瑼	1	1	1	99.9998	
5095	嗆	1	1	6	99.9998	
5096	叢	1	1	73	99.9998	
5097	钾	1	1	25	99.9998	
5098	擴	1	1	44	99.9998	
5099	硁	1	1	1	99.9998	
5100	蔗	1	1	33	99.9998	
5101	玸	1	1	1	99.9998	
5102	徜	1	1	26	99.9998	
5103	徉	1	1	5	99.9998	
5104	滯	1	1	22	99.9998	
5105	绮	1	1	33	99.9998	
5106	詢	1	1	90	99.9998	
5107	擤	1	1	1	99.9998	
5108	瓢	1	1	29	99.9998	
5109	簗	1	1	1	99.9998	
5110	炰	1	1	1	99.9998	
5111	稟	1	1	1	99.9998	
5112	蟾	1	1	10	99.9998	
5113	蜍	1	1	2	99.9998	
5114	蛂	1	1	1	99.9998	
5115	烷	1	1	24	99.9998	
5116	琭	1	1	1	99.9999	
5117	顫	1	1	18	99.9999	
5118	疡	1	1	9	99.9999	
5119	玨	1	1	1	99.9999	
5120	懸	1	1	43	99.9999	
5121	攬	1	1	13	99.9999	
5122	玐	1	1	1	99.9999	
5123	燴	1	1	4	99.9999	
5124	冊	1	1	65	99.9999	
5125	蔻	1	1	24	99.9999	
5126	瞑	1	1	10	99.9999	
5127	蒼	1	1	36	99.9999	
5128	甁	1	1	1	99.9999	
5129	磐	1	1	28	99.9999	
5130	茴	1	1	11	99.9999	
5131	屜	1	1	7	99.9999	
5132	齣	1	1	1	99.9999	
5133	禯	1	1	1	99.9999	
5134	繬	1	1	1	99.9999	
5135	縛	1	1	17	99.9999	
5136	腸	1	1	131	99.9999	
5137	讳	1	1	17	99.9999	HSK7-9
5138	脋	1	1	1	99.9999	
5139	瓀	1	1	1	99.9999	
5140	眻	1	1	1	99.9999	
5141	捚	1	1	1	99.9999	
5142	暨	1	1	5	99.9999	
5143	酶	1	1	21	99.9999	
5144	鳞	1	1	22	99.9999	
5145	膘	1	1	6	99.9999	
5146	甀	1	1	1	99.9999	
5147	糾	1	1	28	99.9999	
5148	樽	1	1	10	99.9999	
5149	罹	1	1	9	99.9999	
5150	輻	1	1	36	99.9999	
5151	枑	1	1	1	99.9999	
5152	撓	1	1	31	99.9999	
5153	縸	1	1	1	99.9999	
5154	逾	1	1	23	99.9999	HSK7-9
5155	挼	1	1	1	99.9999	
5156	盃	1	1	1	99.9999	
5157	袁	1	1	53	99.9999	
5158	箴	1	1	4	99.9999	
5159	菁	1	1	35	99.9999	
5160	穢	1	1	23	99.9999	
5161	稭	1	1	1	99.9999	
5162	殼	1	1	66	99.9999	
5163	拮	1	1	11	99.9999	
5164	锺	1	1	7	99.9999	
5165	囔	1	1	8	99.9999	
5166	殓	1	1	10	99.9999	
5167	窦	1	1	24	99.9999	
5168	叻	1	1	6	99.9999	
5169	梧	1	1	21	99.9999	
5170	镣	1	1	8	99.9999	
5171	疊	1	1	44	99.9999	
5172	廿	1	1	62	99.9999	
5173	蓬	1	1	110	99.9999	HSK7-9
5174	蛰	1	1	20	99.9999	
5175	艮	1	1	41	99.9999	
5176	冗	1	1	17	99.9999	HSK7-9
5177	夾	1	1	160	99.9999	
5178	妍	1	1	108	99.9999	
5179	頸	1	1	30	99.9999	
5180	礦	1	1	119	99.9999	
5181	颚	1	1	14	99.9999	
5182	覚	1	1	1	99.9999	
5183	箂	1	1	1	99.9999	
5184	琕	1	1	1	99.9999	
5185	湍	1	1	22	99.9999	
5186	纉	1	1	1	99.9999	
5187	巖	1	1	1	99.9999	
5188	伫	1	1	5	99.9999	
5189	鯨	1	1	65	99.9999	
5190	疆	1	1	52	99.9999	HSK7-9
5191	衵	1	1	1	99.9999	
5192	恤	1	1	17	99.9999	HSK7-9
5193	甤	1	1	1	99.9999	
5194	鷹	1	1	87	99.9999	
5195	竄	1	1	5	99.9999	
5196	遐	1	1	15	99.9999	
5197	碪	1	1	1	99.9999	
5198	糧	1	1	60	99.9999	
5199	馮	1	1	46	99.9999	
5200	浃	1	1	1	99.9999	
5201	胯	1	1	5	99.9999	
5202	矚	1	1	24	99.9999	
5203	膍	1	1	1	100.0000	
5204	廂	1	1	35	100.0000	
5205	镊	1	1	2	100.0000	
5206	缮	1	1	8	100.0000	
5207	媲	1	1	29	100.0000	HSK7-9
5208	儂	1	1	35	100.0000	
5209	榆	1	1	17	100.0000	
5210	穹	1	1	22	100.0000	
5211	淵	1	1	38	100.0000	
5212	巳	1	1	14	100.0000	
5213	暈	1	1	143	100.0000	
5214	潦	1	1	21	100.0000	HSK7-9
5215	铤	1	1	1	100.0000	
5216	矰	1	1	1	100.0000	
5217	鳏	1	1	4	100.0000	
5218	瞨	1	1	1	100.0000	
5219	怡	1	1	115	100.0000	HSK7-9
5220	霓	1	1	12	100.0000	
5221	笻	1	1	1	100.0000	
5222	蕊	1	1	50	100.0000	
5223	麓	1	1	7	100.0000	
5224	瑻	1	1	1	100.0000	
5225	剷	1	1	1	100.0000	
5226	僱	1	1	54	100.0000	
5227	琉	1	1	28	100.0000	
5228	剋	1	1	1	100.0000	
5229	搪	1	1	9	100.0000	
5230	篤	1	1	12	100.0000	
5231	氈	1	1	9	100.0000	
5232	盌	1	1	1	100.0000	
5233	旯	1	1	15	100.0000	
5234	垠	1	1	10	100.0000	
5235	锄	1	1	17	100.0000	
5236	缎	1	1	27	100.0000	
5237	縣	1	1	67	100.0000	
5238	餌	1	1	9	100.0000	
5239	肴	1	1	12	100.0000	
5240	兢	1	1	20	100.0000	HSK7-9
5241	渲	1	1	3	100.0000	
5242	篓	1	1	23	100.0000	
5243	砒	1	1	12	100.0000	
5244	腫	1	1	51	100.0000	
5245	糵	1	1	1	100.0000	
5246	驅	1	1	92	100.0000	
5247	笰	0	0	1	100.0000	
5248	辗	0	0	18	100.0000	
5249	蜊	0	0	14	100.0000	
5250	呇	0	0	1	100.0000	
5251	礢	0	0	1	100.0000	
5252	翌	0	0	14	100.0000	
5253	睽	0	0	6	100.0000	
5254	佴	0	0	57	100.0000	
5255	潤	0	0	101	100.0000	
5256	诩	0	0	2	100.0000	
5257	綻	0	0	15	100.0000	
5258	荫	0	0	40	100.0000	HSK7-9
5259	漾	0	0	12	100.0000	HSK7-9
5260	隼	0	0	6	100.0000	
5261	廟	0	0	44	100.0000	
5262	搵	0	0	1	100.0000	
5263	釁	0	0	6	100.0000	
5264	株	0	0	56	100.0000	HSK7-9
5265	鴉	0	0	31	100.0000	
5266	寰	0	0	13	100.0000	
5267	鹫	0	0	12	100.0000	
5268	肓	0	0	11	100.0000	
5269	钚	0	0	1	100.0000	
5270	枫	0	0	46	100.0000	
5271	俠	0	0	87	100.0000	
5272	寮	0	0	4	100.0000	
5273	酮	0	0	24	100.0000	
5274	憲	0	0	29	100.0000	
5275	忳	0	0	1	100.0000	
5276	腼	0	0	3	100.0000	
5277	腆	0	0	3	100.0000	
5278	仲	0	0	217	100.0000	HSK7-9
5279	蘿	0	0	142	100.0000	
5280	諸	0	0	79	100.0000	
5281	帷	0	0	9	100.0000	
5282	筵	0	0	11	100.0000	
5283	恃	0	0	48	100.0000	
5284	噌	0	0	1	100.0000	
5285	潸	0	0	8	100.0000	
5286	綽	0	0	18	100.0000	
5287	敝	0	0	19	100.0000	
5288	阙	0	0	36	100.0000	
5289	糦	0	0	1	100.0000	
5290	犸	0	0	47	100.0000	
5291	陔	0	0	1	100.0000	
5292	螢	0	0	25	100.0000	
5293	篶	0	0	1	100.0000	
5294	遨	0	0	8	100.0000	
5295	淝	0	0	6	100.0000	
5296	蜃	0	0	7	100.0000	
5297	麝	0	0	7	100.0000	
5298	枙	0	0	1	100.0000	
5299	氯	0	0	54	100.0000	
5300	寥	0	0	36	100.0000	HSK7-9
5301	縩	0	0	2	100.0000	
5302	佻	0	0	6	100.0000	
5303	杞	0	0	8	100.0000	
5304	蹶	0	0	4	100.0000	
5305	芞	0	0	1	100.0000	
5306	絛	0	0	2	100.0000	
5307	輝	0	0	70	100.0000	
5308	噫	0	0	1	100.0000	
5309	譴	0	0	7	100.0000	
5310	龐	0	0	77	100.0000	
5311	嗤	0	0	5	100.0000	
5312	琄	0	0	2	100.0000	
5313	婌	0	0	1	100.0000	
5314	吽	0	0	1	100.0000	
5315	嚓	0	0	10	100.0000	
5316	玆	0	0	1	100.0000	
5317	蚕	0	0	49	100.0000	
5318	韋	0	0	116	100.0000	
5319	瞡	0	0	1	100.0000	
5320	鏈	0	0	64	100.0000	
5321	慑	0	0	16	100.0000	HSK7-9
5322	妊	0	0	20	100.0000	
5323	娠	0	0	2	100.0000	
5324	沏	0	0	8	100.0000	HSK7-9
5325	煦	0	0	24	100.0000	
5326	酌	0	0	27	100.0000	HSK7-9
5327	鬚	0	0	1	100.0000	
5328	玼	0	0	1	100.0000	
5329	崗	0	0	74	100.0000	
5330	塵	0	0	113	100.0000	
5331	摟	0	0	2	100.0000	
5332	獁	0	0	6	100.0000	
5333	犊	0	0	13	100.0000	
5334	蒲	0	0	73	100.0000	
5335	懧	0	0	1	100.0000	
5336	貍	0	0	1	100.0000	
5337	锏	0	0	2	100.0000	
5338	珺	0	0	2	100.0000	
5339	婢	0	0	9	100.0000	
5340	翋	0	0	1	100.0000	
5341	茼	0	0	12	100.0000	
5342	迦	0	0	102	100.0000	
5343	嶄	0	0	3	100.0000	
5344	涮	0	0	16	100.0000	HSK7-9
5345	俭	0	0	16	100.0000	HSK7-9
5346	貿	0	0	23	100.0000	
5347	黝	0	0	6	100.0000	
5348	彦	0	0	92	100.0000	
5349	涟	0	0	6	100.0000	
5350	漪	0	0	5	100.0000	
5351	楝	0	0	4	100.0000	
5352	阨	0	0	1	100.0000	
5353	榻	0	0	10	100.0000	
5354	闇	0	0	1	100.0000	
5355	苞	0	0	16	100.0000	
5356	讥	0	0	13	100.0000	HSK7-9
5357	萍	0	0	98	100.0000	HSK7-9
5358	拄	0	0	3	100.0000	HSK7-9
5359	砾	0	0	14	100.0000	
5360	俀	0	0	1	100.0000	
5361	袤	0	0	4	100.0000	
5362	蟲	0	0	289	100.0000	
5363	覜	0	0	1	100.0000	
5364	锉	0	0	11	100.0000	
5365	傘	0	0	81	100.0000	
5366	絙	0	0	1	100.0000	
5367	緩	0	0	59	100.0000	
5368	笃	0	0	18	100.0000	
5369	鳖	0	0	7	100.0000	
5370	垦	0	0	31	100.0000	HSK7-9
5371	瞣	0	0	1	100.0000	
5372	琗	0	0	1	100.0000	
5373	腑	0	0	17	100.0000	
5374	弇	0	0	2	100.0000	
5375	琦	0	0	89	100.0000	
5376	伀	0	0	1	100.0000	
5377	俞	0	0	47	100.0000	
5378	芹	0	0	42	100.0000	
5379	聿	0	0	12	100.0000	
5380	皙	0	0	3	100.0000	
5381	瓊	0	0	64	100.0000	
5382	匾	0	0	10	100.0000	
5383	蕭	0	0	86	100.0000	
5384	俑	0	0	8	100.0000	
5385	剒	0	0	1	100.0000	
5386	欖	0	0	29	100.0000	
5387	謗	0	0	20	100.0000	
5388	潑	0	0	36	100.0000	
5389	喙	0	0	2	100.0000	
5390	肂	0	0	1	100.0000	
5391	蹒	0	0	4	100.0000	
5392	跚	0	0	6	100.0000	
5393	倚	0	0	30	100.0000	HSK7-9
5394	瘁	0	0	15	100.0000	
5395	皐	0	0	1	100.0000	
5396	窈	0	0	3	100.0000	
5397	窕	0	0	5	100.0000	
5398	驟	0	0	17	100.0000	
5399	禟	0	0	1	100.0000	
5400	擰	0	0	3	100.0000	
5401	韜	0	0	12	100.0000	
5402	桵	0	0	1	100.0000	
5403	帧	0	0	12	100.0000	
5404	疩	0	0	1	100.0000	
5405	朸	0	0	1	100.0000	
5406	攥	0	0	1	100.0000	
5407	腮	0	0	24	100.0000	
5408	癲	0	0	35	100.0000	
5409	牦	0	0	2	100.0000	
5410	砱	0	0	1	100.0000	
5411	彌	0	0	112	100.0000	
5412	芅	0	0	1	100.0000	
5413	缤	0	0	9	100.0000	HSK7-9
5414	茁	0	0	7	100.0000	
5415	拈	0	0	13	100.0000	
5416	濫	0	0	37	100.0000	
5417	淀	0	0	20	100.0000	HSK7-9
5418	鈍	0	0	8	100.0000	
5419	簾	0	0	38	100.0000	
5420	斟	0	0	22	100.0000	
5421	礿	0	0	1	100.0000	
5422	訟	0	0	14	100.0000	
5423	稯	0	0	1	100.0000	
5424	陲	0	0	21	100.0000	
5425	窯	0	0	12	100.0000	
5426	缭	0	0	8	100.0000	
5427	嘔	0	0	29	100.0000	
5428	憂	0	0	74	100.0000	
5429	鬱	0	0	74	100.0000	
5430	鳴	0	0	118	100.0000	
5431	痌	0	0	1	100.0000	
5432	庶	0	0	16	100.0000	
5433	聐	0	0	1	100.0000	
5434	嶼	0	0	12	100.0000	
5435	頰	0	0	6	100.0000	
5436	痥	0	0	1	100.0000	
5437	秶	0	0	1	100.0000	
5438	辘	0	0	13	100.0000	
5439	糤	0	0	2	100.0000	
5440	珹	0	0	2	100.0000	
5441	诌	0	0	9	100.0000	
5442	訣	0	0	9	100.0000	
5443	碘	0	0	8	100.0000	
5444	鏟	0	0	21	100.0000	
5445	罂	0	0	5	100.0000	
5446	粟	0	0	41	100.0000	
5447	珸	0	0	1	100.0000	
5448	蓓	0	0	79	100.0000	
5449	葆	0	0	34	100.0000	
5450	赊	0	0	14	100.0000	
5451	痻	0	0	1	100.0000	
5452	纺	0	0	57	100.0000	HSK7-9
5453	岬	0	0	11	100.0000	
5454	贈	0	0	50	100.0000	
5455	琛	0	0	18	100.0000	
5456	谄	0	0	5	100.0000	
5457	踱	0	0	8	100.0000	
5458	迸	0	0	19	100.0000	
5459	粁	0	0	1	100.0000	
5460	踵	0	0	17	100.0000	
5461	唁	0	0	14	100.0000	
5462	痸	0	0	1	100.0000	
5463	鵝	0	0	97	100.0000	
5464	嬤	0	0	41	100.0000	
5465	禭	0	0	1	100.0000	
5466	蟿	0	0	1	100.0000	
5467	笞	0	0	5	100.0000	
5468	殲	0	0	7	100.0000	
5469	宎	0	0	1	100.0000	
5470	荤	0	0	9	100.0000	
5471	婭	0	0	73	100.0000	
5472	販	0	0	63	100.0000	
5473	釴	0	0	1	100.0000	
5474	鈴	0	0	166	100.0000	
5475	稧	0	0	1	100.0000	
5476	氦	0	0	7	100.0000	
5477	娟	0	0	54	100.0000	
5478	澤	0	0	296	100.0000	
5479	呷	0	0	1	100.0000	
5480	抒	0	0	50	100.0000	HSK7-9
5481	笱	0	0	1	100.0000	
5482	皿	0	0	13	100.0000	
5483	襁	0	0	4	100.0000	
5484	洷	0	0	1	100.0000	
5485	蹕	0	0	11	100.0000	
5486	悝	0	0	17	100.0000	
5487	螞	0	0	16	100.0000	
5488	旬	0	0	23	100.0000	HSK7-9
5489	嵌	0	0	33	100.0000	HSK7-9
5490	硅	0	0	32	100.0000	
5491	禄	0	0	78	100.0000	
5492	勀	0	0	1	100.0000	
5493	厥	0	0	32	100.0000	
5494	囑	0	0	15	100.0000	
5495	燬	0	0	1	100.0000	
5496	葉	0	0	232	100.0000	
5497	剎	0	0	40	100.0000	
5498	褴	0	0	3	100.0000	
5499	褛	0	0	13	100.0000	
5500	尪	0	0	1	100.0000	
5501	趸	0	0	1	100.0000	
5502	茵	0	0	107	100.0000	
5503	芋	0	0	31	100.0000	
5504	糃	0	0	1	100.0000	
5505	摹	0	0	11	100.0000	
5506	凛	0	0	26	100.0000	
5507	衩	0	0	6	100.0000	
5508	湘	0	0	54	100.0000	
5509	戟	0	0	16	100.0000	
5510	汞	0	0	8	100.0000	
5511	铰	0	0	5	100.0000	
5512	奚	0	0	4	100.0000	
5513	諉	0	0	11	100.0000	
5514	碆	0	0	1	100.0000	
5515	笈	0	0	5	100.0000	
5516	蔣	0	0	19	100.0000	
5517	瘴	0	0	10	100.0000	
5518	喎	0	0	1	100.0000	
5519	屾	0	0	1	100.0000	
5520	祐	0	0	4	100.0000	
5521	舀	0	0	5	100.0000	
5522	鉗	0	0	61	100.0000	
5523	黐	0	0	1	100.0000	
5524	坢	0	0	1	100.0000	
5525	糔	0	0	1	100.0000	
5526	岍	0	0	1	100.0000	
5527	燼	0	0	11	100.0000	
5528	糛	0	0	2	100.0000	
5529	綺	0	0	16	100.0000	
5530	晉	0	0	28	100.0000	
5531	匮	0	0	10	100.0000	
5532	媛	0	0	61	100.0000	
5533	悵	0	0	26	100.0000	
5534	娣	0	0	25	100.0000	
5535	埜	0	0	3	100.0000	
5536	峦	0	0	7	100.0000	
5537	禔	0	0	1	100.0000	
5538	貊	0	0	1	100.0000	
5539	龈	0	0	5	100.0000	
5540	絊	0	0	1	100.0000	
5541	丶	0	0	1	100.0000	
5542	忡	0	0	4	100.0000	
5543	燻	0	0	1	100.0000	
5544	捻	0	0	12	100.0000	
5545	闩	0	0	9	100.0000	
5546	汒	0	0	1	100.0000	
5547	捋	0	0	3	100.0000	
5548	耘	0	0	7	100.0000	
5549	褒	0	0	17	100.0000	
5550	莖	0	0	6	100.0000	
5551	荼	0	0	17	100.0000	
5552	俸	0	0	9	100.0000	
5553	凸	0	0	61	100.0000	HSK7-9
5554	霞	0	0	144	100.0000	HSK7-9
5555	缜	0	0	2	100.0000	
5556	俇	0	0	1	100.0000	
5557	緼	0	0	1	100.0000	
5558	慚	0	0	5	100.0000	
5559	劂	0	0	1	100.0000	
5560	莞	0	0	21	100.0000	
5561	玺	0	0	13	100.0000	
5562	颱	0	0	2	100.0000	
5563	裱	0	0	22	100.0000	
5564	侃	0	0	40	100.0000	HSK7-9
5565	檀	0	0	31	100.0000	
5566	凈	0	0	1	100.0000	
5567	珑	0	0	13	100.0000	
5568	驿	0	0	34	100.0000	
5569	橋	0	0	273	100.0000	
5570	藹	0	0	11	100.0000	
5571	椭	0	0	7	100.0000	
5572	陞	0	0	1	100.0000	
5573	綫	0	0	1	100.0000	
5574	眡	0	0	1	100.0000	
5575	駱	0	0	10	100.0000	
5576	駝	0	0	14	100.0000	
5577	啖	0	0	2	100.0000	
5578	蝌	0	0	3	100.0000	
5579	蚪	0	0	2	100.0000	
5580	眞	0	0	9	100.0000	
5581	籓	0	0	1	100.0000	
5582	窑	0	0	40	100.0000	HSK7-9
5583	觑	0	0	5	100.0000	
5584	鲭	0	0	3	100.0000	
5585	娄	0	0	35	100.0000	
5586	磊	0	0	25	100.0000	HSK7-9
5587	竅	0	0	17	100.0000	
5588	遁	0	0	32	100.0000	
5589	舠	0	0	1	100.0000	
5590	劾	0	0	4	100.0000	
5591	盰	0	0	1	100.0000	
5592	耫	0	0	1	100.0000	
5593	嚐	0	0	5	100.0000	
5594	鹈	0	0	2	100.0000	
5595	鹕	0	0	1	100.0000	
5596	蓖	0	0	4	100.0000	
5597	廖	0	0	45	100.0000	
5598	枱	0	0	7	100.0000	
5599	睏	0	0	1	100.0000	
5600	甝	0	0	1	100.0000	
5601	醛	0	0	7	100.0000	
5602	篑	0	0	2	100.0000	
5603	泯	0	0	14	100.0000	
5604	槃	0	0	2	100.0000	
5605	幟	0	0	11	100.0000	
5606	猟	0	0	1	100.0000	
5607	篒	0	0	1	100.0000	
5608	琅	0	0	27	100.0000	
5609	壹	0	0	123	100.0000	
5610	竮	0	0	1	100.0000	
5611	蔥	0	0	51	100.0000	
5612	瞋	0	0	2	100.0000	
5613	侨	0	0	56	100.0000	HSK7-9
5614	躉	0	0	3	100.0000	
5615	忤	0	0	5	100.0000	
5616	锥	0	0	53	100.0000	
5617	膳	0	0	28	100.0000	HSK7-9
5618	咏	0	0	54	100.0000	HSK7-9
5619	惆	0	0	18	100.0000	
5620	擱	0	0	41	100.0000	
5621	砓	0	0	1	100.0000	
5622	籋	0	0	1	100.0000	
5623	坋	0	0	1	100.0000	
5624	孑	0	0	20	100.0000	
5625	篟	0	0	1	100.0000	
5626	竝	0	0	1	100.0000	
5627	忐	0	0	6	100.0000	
5628	忑	0	0	9	100.0000	
5629	彪	0	0	50	100.0000	
5630	璜	0	0	15	100.0000	
5631	苇	0	0	66	100.0000	
5632	脤	0	0	2	100.0000	
5633	訕	0	0	3	100.0000	
5634	勍	0	0	3	100.0000	
5635	焖	0	0	5	100.0000	
5636	耸	0	0	27	100.0000	HSK7-9
5637	碕	0	0	1	100.0000	
5638	弩	0	0	32	100.0000	
5639	畖	0	0	1	100.0000	
5640	菴	0	0	1	100.0000	
5641	嘆	0	0	27	100.0000	
5642	爍	0	0	3	100.0000	
5643	揾	0	0	2	100.0000	
5644	擲	0	0	13	100.0000	
5645	絴	0	0	1	100.0000	
5646	鱷	0	0	4	100.0000	
5647	觐	0	0	3	100.0000	
5648	悖	0	0	19	100.0000	
5649	帛	0	0	11	100.0000	
5650	纕	0	0	1	100.0000	
5651	萱	0	0	17	100.0000	
5652	昜	0	0	1	100.0000	
5653	榷	0	0	1	100.0000	
5654	鋒	0	0	74	100.0000	
5655	疍	0	0	1	100.0000	
5656	滲	0	0	21	100.0000	
5657	沅	0	0	25	100.0000	
5658	笠	0	0	30	100.0000	
5659	諦	0	0	11	100.0000	
5660	盝	0	0	1	100.0000	
5661	炕	0	0	16	100.0000	
5662	蚾	0	0	1	100.0000	
5663	匍	0	0	6	100.0000	
5664	匐	0	0	9	100.0000	
5665	剿	0	0	26	100.0000	
5666	猘	0	0	1	100.0000	
5667	呾	0	0	1	100.0000	
5668	哽	0	0	15	100.0000	
5669	羇	0	0	1	100.0000	
5670	禪	0	0	23	100.0000	
5671	褥	0	0	17	100.0000	
5672	昙	0	0	6	100.0000	
5673	絮	0	0	22	100.0000	HSK7-9
5674	攤	0	0	59	100.0000	
5675	陎	0	0	1	100.0000	
5676	皎	0	0	15	100.0000	
5677	淳	0	0	47	100.0000	
5678	硋	0	0	1	100.0000	
5679	沢	0	0	3	100.0000	
5680	琶	0	0	14	100.0000	
5681	莪	0	0	11	100.0000	
5682	饷	0	0	11	100.0000	
5683	傭	0	0	66	100.0000	
5684	秞	0	0	1	100.0000	
5685	穗	0	0	113	100.0000	
5686	慵	0	0	2	100.0000	
5687	嚥	0	0	1	100.0000	
5688	劉	0	0	139	100.0000	
5689	绚	0	0	14	100.0000	
5690	鎰	0	0	7	100.0000	
5691	镐	0	0	22	100.0000	
5692	闵	0	0	29	100.0000	
5693	縞	0	0	4	100.0000	
5694	藓	0	0	6	100.0000	
5695	彶	0	0	1	100.0000	
5696	囀	0	0	2	100.0000	
5697	姪	0	0	1	100.0000	
5698	湎	0	0	8	100.0000	
5699	顛	0	0	50	100.0000	
5700	夙	0	0	7	100.0000	
5701	絘	0	0	1	100.0000	
5702	鞘	0	0	36	100.0000	
5703	吆	0	0	6	100.0000	
5704	踊	0	0	7	100.0000	HSK7-9
5705	堈	0	0	1	100.0000	
5706	纲	0	0	66	100.0000	HSK5
5707	姘	0	0	5	100.0000	
5708	鬣	0	0	3	100.0000	
5709	漉	0	0	5	100.0000	
5710	蟽	0	0	1	100.0000	
5711	嗲	0	0	8	100.0000	
5712	痐	0	0	1	100.0000	
5713	竣	0	0	12	100.0000	HSK7-9
5714	卉	0	0	5	100.0000	HSK7-9
5715	诣	0	0	3	100.0000	
5716	砵	0	0	1	100.0000	
5717	棱	0	0	34	100.0000	HSK7-9
5718	瞻	0	0	31	100.0000	HSK7-9
5719	璂	0	0	1	100.0000	
5720	涙	0	0	1	100.0000	
5721	蠋	0	0	1	100.0000	
5722	顷	0	0	19	100.0000	HSK7-9
5723	儲	0	0	76	100.0000	
5724	鹃	0	0	18	100.0000	
5725	蒟	0	0	1	100.0000	
5726	彸	0	0	1	100.0000	
5727	駁	0	0	30	100.0000	
5728	昌	0	0	278	100.0000	HSK6
5729	佷	0	0	1	100.0000	
5730	粤	0	0	20	100.0000	
5731	譟	0	0	1	100.0000	
5732	罽	0	0	1	100.0000	
5733	囤	0	0	12	100.0000	
5734	奕	0	0	30	100.0000	
5735	籽	0	0	31	100.0000	
5736	秎	0	0	1	100.0000	
5737	舐	0	0	2	100.0000	
5738	咲	0	0	63	100.0000	
5739	臃	0	0	4	100.0000	
5740	谀	0	0	3	100.0000	
5741	砬	0	0	9	100.0000	
5742	冞	0	0	1	100.0000	
5743	猝	0	0	9	100.0000	
5744	瓮	0	0	14	100.0000	
5745	拻	0	0	1	100.0000	
5746	恣	0	0	7	100.0000	
5747	骁	0	0	4	100.0000	
5748	恅	0	0	1	100.0000	
5749	盅	0	0	20	100.0000	
5750	黒	0	0	1	100.0000	
5751	郝	0	0	70	100.0000	
5752	仃	0	0	11	100.0000	
5753	嗶	0	0	8	100.0000	
5754	邈	0	0	29	100.0000	
5755	鄭	0	0	51	100.0000	
5756	啷	0	0	11	100.0000	
5757	藷	0	0	1	100.0000	
5758	璏	0	0	1	100.0000	
5759	挝	0	0	1	100.0000	
5760	篖	0	0	1	100.0000	
5761	鉛	0	0	11	100.0000	
5762	俋	0	0	1	100.0000	
5763	雁	0	0	102	100.0000	HSK7-9
5764	郞	0	0	2	100.0000	
5765	磞	0	0	1	100.0000	
5766	屯	0	0	51	100.0000	HSK7-9
5767	鸚	0	0	15	100.0000	
5768	鵡	0	0	14	100.0000	
5769	轎	0	0	8	100.0000	
5770	荔	0	0	11	100.0000	
5771	绫	0	0	26	100.0000	
5772	苝	0	0	1	100.0000	
5773	蝾	0	0	1	100.0000	
5774	螈	0	0	4	100.0000	
5775	伝	0	0	1	100.0000	
5776	挞	0	0	25	100.0000	
5777	娴	0	0	18	100.0000	
5778	芸	0	0	21	100.0000	
5779	籵	0	0	1	100.0000	
5780	抿	0	0	3	100.0000	
5781	轶	0	0	3	100.0000	
5782	栳	0	0	8	100.0000	
5783	玴	0	0	1	100.0000	
5784	胐	0	0	1	100.0000	
5785	锂	0	0	18	100.0000	
5786	燦	0	0	43	100.0000	
5787	啮	0	0	12	100.0000	
5788	鍋	0	0	121	100.0000	
5789	硒	0	0	2	100.0000	
5790	倭	0	0	18	100.0000	
5791	絫	0	0	2	100.0000	
5792	炵	0	0	1	100.0000	
5793	胫	0	0	4	100.0000	
5794	肏	0	0	1	100.0000	
5795	鏍	0	0	1	100.0000	
5796	苜	0	0	8	100.0000	
5797	蓿	0	0	4	100.0000	
5798	犷	0	0	2	100.0000	
5799	醃	0	0	6	100.0000	
5800	碜	0	0	3	100.0000	
5801	跶	0	0	1	100.0000	
5802	軞	0	0	1	100.0000	
5803	繪	0	0	31	100.0000	
5804	颧	0	0	6	100.0000	
5805	尕	0	0	9	100.0000	
5806	疦	0	0	1	100.0000	
5807	狰	0	0	4	100.0000	
5808	狞	0	0	9	100.0000	
5809	壊	0	0	1	100.0000	
5810	綟	0	0	1	100.0000	
5811	籥	0	0	1	100.0000	
5812	篕	0	0	1	100.0000	
5813	罠	0	0	1	100.0000	
5814	峎	0	0	1	100.0000	
5815	嗖	0	0	5	100.0000	
5816	颶	0	0	13	100.0000	
5817	覽	0	0	46	100.0000	
5818	忿	0	0	10	100.0000	
5819	碽	0	0	1	100.0000	
5820	袈	0	0	2	100.0000	
5821	裟	0	0	5	100.0000	
5822	齋	0	0	43	100.0000	
5823	揺	0	0	1	100.0000	
5824	懇	0	0	20	100.0000	
5825	挾	0	0	9	100.0000	
5826	硷	0	0	4	100.0000	
5827	俙	0	0	1	100.0000	
5828	礥	0	0	1	100.0000	
5829	锵	0	0	9	100.0000	
5830	鸠	0	0	15	100.0000	
5831	薑	0	0	1	100.0000	
5832	啱	0	0	1	100.0000	
5833	臱	0	0	1	100.0000	
5834	媼	0	0	8	100.0000	
5835	膙	0	0	1	100.0000	
5836	甠	0	0	1	100.0000	
5837	砦	0	0	2	100.0000	
5838	疽	0	0	16	100.0000	
5839	壅	0	0	3	100.0000	
5840	啫	0	0	2	100.0000	
5841	噠	0	0	4	100.0000	
5842	诛	0	0	13	100.0000	
5843	紗	0	0	57	100.0000	
5844	瀟	0	0	15	100.0000	
5845	灑	0	0	89	100.0000	
5846	貫	0	0	48	100.0000	
5847	騰	0	0	98	100.0000	
5848	揀	0	0	3	100.0000	
5849	瓃	0	0	1	100.0000	
5850	釐	0	0	8	100.0000	
5851	豔	0	0	1	100.0000	
5852	屐	0	0	5	100.0000	
5853	堎	0	0	1	100.0000	
5854	羱	0	0	1	100.0000	
5855	诙	0	0	5	100.0000	
5856	贤	0	0	282	100.0000	HSK7-9
5857	癹	0	0	1	100.0000	
5858	抜	0	0	1	100.0000	
5859	韃	0	0	4	100.0000	
5860	抶	0	0	1	100.0000	
5861	蟺	0	0	1	100.0000	
5862	膓	0	0	1	100.0000	
5863	禤	0	0	1	100.0000	
5864	崆	0	0	19	100.0000	
5865	楠	0	0	43	100.0000	
5866	靛	0	0	5	100.0000	
5867	暄	0	0	5	100.0000	
5868	槳	0	0	18	100.0000	
5869	斛	0	0	4	100.0000	
5870	尻	0	0	6	100.0000	
5871	蝕	0	0	31	100.0000	
5872	釭	0	0	1	100.0000	
5873	芮	0	0	133	100.0000	
5874	糴	0	0	1	100.0000	
5875	啐	0	0	1	100.0000	
5876	饯	0	0	11	100.0000	
5877	孱	0	0	5	100.0000	
5878	啕	0	0	4	100.0000	
5879	猋	0	0	1	100.0000	
5880	鳅	0	0	2	100.0000	
5881	髏	0	0	2	100.0000	
5882	澜	0	0	33	100.0000	HSK7-9
5883	轧	0	0	34	100.0000	
5884	胓	0	0	1	100.0000	
5885	鎚	0	0	1	100.0000	
5886	頒	0	0	19	100.0000	
5887	耷	0	0	29	100.0000	
5888	臚	0	0	1	100.0000	
5889	锰	0	0	17	100.0000	
5890	荎	0	0	1	100.0000	
5891	茍	0	0	1	100.0000	
5892	稠	0	0	32	100.0000	HSK7-9
5893	诏	0	0	17	100.0000	
5894	弁	0	0	4	100.0000	
5895	揚	0	0	107	100.0000	
5896	涧	0	0	11	100.0000	
5897	郲	0	0	1	100.0000	
5898	佯	0	0	13	100.0000	
5899	璧	0	0	22	100.0000	
5900	颐	0	0	23	100.0000	
5901	纖	0	0	42	100.0000	
5902	桎	0	0	2	100.0000	
5903	梏	0	0	1	100.0000	
5904	冉	0	0	22	100.0000	
5905	钙	0	0	13	100.0000	HSK7-9
5906	逑	0	0	10	100.0000	
5907	囂	0	0	21	100.0000	
5908	砪	0	0	1	100.0000	
5909	礘	0	0	1	100.0000	
5910	婕	0	0	18	100.0000	
5911	鳶	0	0	9	100.0000	
5912	虷	0	0	1	100.0000	
5913	皺	0	0	18	100.0000	
5914	綜	0	0	17	100.0000	
5915	姗	0	0	44	100.0000	
5916	聶	0	0	29	100.0000	
5917	紛	0	0	27	100.0000	
5918	猂	0	0	1	100.0000	
5919	穡	0	0	2	100.0000	
5920	齁	0	0	1	100.0000	
5921	驸	0	0	3	100.0000	
5922	韭	0	0	11	100.0000	
5923	瑙	0	0	24	100.0000	
5924	梆	0	0	10	100.0000	
5925	搥	0	0	1	100.0000	
5926	喺	0	0	1	100.0000	
5927	澆	0	0	24	100.0000	
5928	馭	0	0	4	100.0000	
5929	稺	0	0	1	100.0000	
5930	邑	0	0	26	100.0000	
5931	玊	0	0	1	100.0000	
5932	篨	0	0	1	100.0000	
5933	榎	0	0	1	100.0000	
5934	靚	0	0	48	100.0000	
5935	聒	0	0	8	100.0000	
5936	舮	0	0	1	100.0000	
5937	褶	0	0	22	100.0000	
5938	箩	0	0	24	100.0000	
5939	漿	0	0	50	100.0000	
5940	膠	0	0	96	100.0000	
5941	衪	0	0	1	100.0000	
5942	铎	0	0	47	100.0000	
5943	妏	0	0	1	100.0000	
5944	碇	0	0	1	100.0000	
5945	聂	0	0	28	100.0000	
5946	胴	0	0	3	100.0000	
5947	竬	0	0	1	100.0000	
5948	晞	0	0	2	100.0000	
5949	迖	0	0	1	100.0000	
5950	睭	0	0	1	100.0000	
5951	弼	0	0	47	100.0000	
5952	悶	0	0	142	100.0000	
5953	庈	0	0	2	100.0000	
5954	疪	0	0	1	100.0000	
5955	兌	0	0	21	100.0000	
5956	紏	0	0	1	100.0000	
5957	瞈	0	0	1	100.0000	
5958	雯	0	0	83	100.0000	
5959	荜	0	0	2	100.0000	
5960	睤	0	0	1	100.0000	
5961	稷	0	0	5	100.0000	
5962	蟼	0	0	1	100.0000	
5963	睑	0	0	14	100.0000	
5964	鍔	0	0	5	100.0000	
5965	噙	0	0	1	100.0000	
5966	蒞	0	0	2	100.0000	
5967	猓	0	0	1	100.0000	
5968	側	0	0	116	100.0000	
5969	锲	0	0	5	100.0000	
5970	碒	0	0	1	100.0000	
5971	礷	0	0	1	100.0000	
5972	稶	0	0	1	100.0000	
5973	芖	0	0	1	100.0000	
5974	缛	0	0	4	100.0000	
5975	紉	0	0	14	100.0000	
5976	眥	0	0	9	100.0000	
5977	鬓	0	0	14	100.0000	
5978	俶	0	0	1	100.0000	
5979	碩	0	0	42	100.0000	
5980	馴	0	0	28	100.0000	
5981	睴	0	0	1	100.0000	
5982	侩	0	0	8	100.0000	
5983	跻	0	0	4	100.0000	
5984	輿	0	0	17	100.0000	
5985	籊	0	0	1	100.0000	
5986	孢	0	0	23	100.0000	
5987	僭	0	0	1	100.0000	
5988	搀	0	0	12	100.0000	HSK7-9
5989	纓	0	0	4	100.0000	
5990	繡	0	0	8	100.0000	
5991	蠀	0	0	1	100.0000	
5992	贮	0	0	22	100.0000	HSK7-9
5993	缈	0	0	4	100.0000	
5994	隕	0	0	9	100.0000	
5995	棠	0	0	30	100.0000	
5996	槲	0	0	1	100.0000	
5997	鲷	0	0	5	100.0000	
5998	祩	0	0	1	100.0000	
5999	蜀	0	0	18	100.0000	
6000	呡	0	0	1	100.0000	
6001	噴	0	0	146	100.0000	
6002	覃	0	0	22	100.0000	
6003	滕	0	0	84	100.0000	
6004	貉	0	0	10	100.0000	
6005	産	0	0	1	100.0000	
6006	鹊	0	0	15	100.0000	
6007	璆	0	0	1	100.0000	
6008	籲	0	0	7	100.0000	
6009	踐	0	0	23	100.0000	
6010	濂	0	0	4	100.0000	
6011	苂	0	0	1	100.0000	
6012	壬	0	0	10	100.0000	
6013	夼	0	0	1	100.0000	
6014	耂	0	0	1	100.0000	
6015	筧	0	0	3	100.0000	
6016	瘍	0	0	13	100.0000	
6017	兀	0	0	12	100.0000	
6018	仕	0	0	85	100.0000	
6019	浊	0	0	19	100.0000	HSK7-9
6020	谩	0	0	5	100.0000	
6021	腚	0	0	1	100.0000	
6022	腓	0	0	16	100.0000	
6023	毆	0	0	17	100.0000	
6024	鹳	0	0	10	100.0000	
6025	迵	0	0	5	100.0000	
6026	皋	0	0	10	100.0000	
6027	胑	0	0	1	100.0000	
6028	卤	0	0	20	100.0000	HSK7-9
6029	樵	0	0	9	100.0000	
6030	斡	0	0	7	100.0000	
6031	櫥	0	0	13	100.0000	
6032	囮	0	0	1	100.0000	
6033	圓	0	0	211	100.0000	
6034	猤	0	0	1	100.0000	
6035	苳	0	0	1	100.0000	
6036	祗	0	0	10	100.0000	
6037	鋸	0	0	27	100.0000	
6038	疉	0	0	1	100.0000	
6039	臕	0	0	1	100.0000	
6040	鸮	0	0	1	100.0000	
6041	荚	0	0	18	100.0000	
6042	跦	0	0	1	100.0000	
6043	嚕	0	0	13	100.0000	
6044	榘	0	0	1	100.0000	
6045	馄	0	0	6	100.0000	
6046	饨	0	0	3	100.0000	
6047	潺	0	0	8	100.0000	
6048	戾	0	0	9	100.0000	
6049	轩	0	0	65	100.0000	
6050	噹	0	0	5	100.0000	
6051	缥	0	0	8	100.0000	
6052	嫒	0	0	14	100.0000	
6053	鲟	0	0	5	100.0000	
6054	諧	0	0	38	100.0000	
6055	怅	0	0	9	100.0000	
6056	歩	0	0	7	100.0000	
6057	桄	0	0	3	100.0000	
6058	埻	0	0	1	100.0000	
6059	簑	0	0	1	100.0000	
6060	竛	0	0	1	100.0000	
6061	詻	0	0	1	100.0000	
6062	囝	0	0	1	100.0000	
6063	愕	0	0	7	100.0000	
6064	楹	0	0	2	100.0000	
6065	慇	0	0	3	100.0000	
6066	庐	0	0	23	100.0000	
6067	虞	0	0	34	100.0000	
6068	揶	0	0	4	100.0000	
6069	揄	0	0	18	100.0000	
6070	弑	0	0	10	100.0000	
6071	沭	0	0	8	100.0000	
6072	繚	0	0	17	100.0000	
6073	羥	0	0	9	100.0000	
6074	纰	0	0	4	100.0000	
6075	囪	0	0	9	100.0000	
6076	淪	0	0	10	100.0000	
6077	饕	0	0	4	100.0000	
6078	餮	0	0	5	100.0000	
6079	桴	0	0	1	100.0000	
6080	櫃	0	0	126	100.0000	
6081	実	0	0	1	100.0000	
6082	磂	0	0	1	100.0000	
6083	梟	0	0	3	100.0000	
6084	俨	0	0	2	100.0000	
6085	刓	0	0	1	100.0000	
6086	堍	0	0	1	100.0000	
6087	笙	0	0	20	100.0000	
6088	哂	0	0	3	100.0000	
6089	猽	0	0	1	100.0000	
6090	螯	0	0	4	100.0000	
6091	鳃	0	0	5	100.0000	
6092	阡	0	0	11	100.0000	
6093	礜	0	0	1	100.0000	
6094	毡	0	0	24	100.0000	
6095	圃	0	0	13	100.0000	
6096	哏	0	0	7	100.0000	
6097	禴	0	0	1	100.0000	
6098	窪	0	0	28	100.0000	
6099	嬲	0	0	1	100.0000	
6100	軀	0	0	18	100.0000	
6101	纗	0	0	1	100.0000	
6102	盄	0	0	1	100.0000	
6103	滦	0	0	7	100.0000	
6104	糸	0	0	1	100.0000	
6105	荞	0	0	7	100.0000	
6106	滷	0	0	1	100.0000	
6107	矼	0	0	1	100.0000	
6108	灶	0	0	32	100.0000	HSK7-9
6109	揸	0	0	1	100.0000	
6110	玌	0	0	1	100.0000	
6111	耎	0	0	1	100.0000	
6112	窲	0	0	1	100.0000	
6113	桲	0	0	1	100.0000	
6114	淉	0	0	1	100.0000	
6115	褻	0	0	9	100.0000	
6116	瀆	0	0	7	100.0000	
6117	掇	0	0	10	100.0000	
6118	噘	0	0	2	100.0000	
6119	絳	0	0	5	100.0000	
6120	荌	0	0	1	100.0000	
6121	臦	0	0	1	100.0000	
6122	袧	0	0	1	100.0000	
6123	碯	0	0	1	100.0000	
6124	雫	0	0	1	100.0000	
6125	蛔	0	0	5	100.0000	
6126	剜	0	0	1	100.0000	
6127	弈	0	0	7	100.0000	HSK7-9
6128	錫	0	0	99	100.0000	
6129	瓟	0	0	1	100.0000	
6130	祫	0	0	1	100.0000	
6131	癪	0	0	2	100.0000	
6132	韁	0	0	6	100.0000	
6133	狽	0	0	16	100.0000	
6134	垩	0	0	10	100.0000	
6135	蝉	0	0	26	100.0000	
6136	諳	0	0	15	100.0000	
6137	礨	0	0	1	100.0000	
6138	錘	0	0	41	100.0000	
6139	琖	0	0	1	100.0000	
6140	攞	0	0	1	100.0000	
6141	鹬	0	0	4	100.0000	
6142	稅	0	0	127	100.0000	
6143	唵	0	0	1	100.0000	
6144	讹	0	0	8	100.0000	HSK7-9
6145	遽	0	0	7	100.0000	
6146	罿	0	0	1	100.0000	
6147	怢	0	0	1	100.0000	
6148	钜	0	0	10	100.0000	
6149	檎	0	0	2	100.0000	
6150	膌	0	0	1	100.0000	
6151	祡	0	0	1	100.0000	
6152	嫣	0	0	21	100.0000	
6153	硆	0	0	1	100.0000	
6154	冚	0	0	1	100.0000	
6155	洘	0	0	1	100.0000	
6156	埮	0	0	1	100.0000	
6157	楔	0	0	12	100.0000	
6158	呲	0	0	1	100.0000	
6159	峽	0	0	45	100.0000	
6160	髋	0	0	5	100.0000	
6161	闱	0	0	27	100.0000	
6162	漁	0	0	51	100.0000	
6163	硙	0	0	1	100.0000	
6164	茩	0	0	1	100.0000	
6165	卟	0	0	1	100.0000	
6166	砣	0	0	12	100.0000	
6167	囹	0	0	5	100.0000	
6168	圄	0	0	5	100.0000	
6169	摻	0	0	11	100.0000	
6170	矬	0	0	4	100.0000	
6171	輓	0	0	1	100.0000	
6172	欄	0	0	75	100.0000	
6173	骛	0	0	6	100.0000	
6174	缽	0	0	9	100.0000	
6175	珛	0	0	1	100.0000	
6176	蛌	0	0	1	100.0000	
6177	躍	0	0	81	100.0000	
6178	蚐	0	0	1	100.0000	
6179	陝	0	0	27	100.0000	
6180	诨	0	0	5	100.0000	
6181	豎	0	0	27	100.0000	
6182	縡	0	0	1	100.0000	
6183	蘼	0	0	2	100.0000	
6184	鄧	0	0	33	100.0000	
6185	阮	0	0	40	100.0000	
6186	笚	0	0	1	100.0000	
6187	噼	0	0	9	100.0000	
6188	蹑	0	0	6	100.0000	
6189	砈	0	0	1	100.0000	
6190	癐	0	0	1	100.0000	
6191	羮	0	0	1	100.0000	
6192	烽	0	0	19	100.0000	
6193	眢	0	0	1	100.0000	
6194	馥	0	0	11	100.0000	
6195	荟	0	0	5	100.0000	
6196	珮	0	0	4	100.0000	
6197	碈	0	0	1	100.0000	
6198	瓂	0	0	1	100.0000	
6199	桽	0	0	1	100.0000	
6200	蛞	0	0	2	100.0000	
6201	蝓	0	0	3	100.0000	
6202	韆	0	0	1	100.0000	
6203	攏	0	0	16	100.0000	
6204	纣	0	0	2	100.0000	
6205	壺	0	0	51	100.0000	
6206	辮	0	0	9	100.0000	
6207	咣	0	0	4	100.0000	
6208	酣	0	0	21	100.0000	HSK7-9
6209	瞟	0	0	3	100.0000	
6210	衒	0	0	1	100.0000	
6211	囡	0	0	15	100.0000	
6212	妢	0	0	1	100.0000	
6213	腢	0	0	1	100.0000	
6214	卺	0	0	15	100.0000	
6215	棧	0	0	16	100.0000	
6216	嗄	0	0	1	100.0000	
6217	楂	0	0	8	100.0000	
6218	泐	0	0	3	100.0000	
6219	檸	0	0	27	100.0000	
6220	痚	0	0	1	100.0000	
6221	絨	0	0	28	100.0000	
6222	舜	0	0	30	100.0000	
6223	鸨	0	0	5	100.0000	
6224	菱	0	0	45	100.0000	
6225	誹	0	0	17	100.0000	
6226	谙	0	0	30	100.0000	
6227	锌	0	0	8	100.0000	
6228	窺	0	0	23	100.0000	
6229	圉	0	0	5	100.0000	
6230	钴	0	0	3	100.0000	
6231	淰	0	0	1	100.0000	
6232	泷	0	0	17	100.0000	
6233	媾	0	0	13	100.0000	
6234	紌	0	0	1	100.0000	
6235	腩	0	0	14	100.0000	
6236	畀	0	0	1	100.0000	
6237	敕	0	0	7	100.0000	
6238	昴	0	0	1	100.0000	
6239	寤	0	0	3	100.0000	
6240	轍	0	0	6	100.0000	
6241	毎	0	0	1	100.0000	
6242	璞	0	0	20	100.0000	
6243	絩	0	0	1	100.0000	
6244	籬	0	0	11	100.0000	
6245	磣	0	0	5	100.0000	
6246	蒿	0	0	8	100.0000	
6247	弅	0	0	1	100.0000	
6248	铂	0	0	7	100.0000	
6249	阖	0	0	9	100.0000	
6250	緙	0	0	1	100.0000	
6251	閹	0	0	10	100.0000	
6252	徇	0	0	17	100.0000	
6253	秙	0	0	1	100.0000	
6254	漓	0	0	12	100.0000	
6255	庣	0	0	1	100.0000	
6256	璖	0	0	1	100.0000	
6257	羖	0	0	1	100.0000	
6258	謙	0	0	57	100.0000	
6259	瞇	0	0	7	100.0000	
6260	鑿	0	0	11	100.0000	
6261	卞	0	0	6	100.0000	
6262	炷	0	0	2	100.0000	
6263	笝	0	0	1	100.0000	
6264	餿	0	0	2	100.0000	
6265	蔫	0	0	11	100.0000	
6266	飆	0	0	34	100.0000	
6267	堇	0	0	6	100.0000	
6268	髻	0	0	11	100.0000	
6269	勦	0	0	1	100.0000	
6270	襄	0	0	45	100.0000	
6271	籸	0	0	1	100.0000	
6272	宥	0	0	15	100.0000	
6273	闊	0	0	58	100.0000	
6274	埣	0	0	1	100.0000	
6275	袄	0	0	8	100.0000	
6276	瞉	0	0	1	100.0000	
6277	蠈	0	0	1	100.0000	
6278	粽	0	0	6	100.0000	HSK7-9
6279	蝼	0	0	3	100.0000	
6280	蚗	0	0	1	100.0000	
6281	輔	0	0	47	100.0000	
6282	膁	0	0	1	100.0000	
6283	嫔	0	0	23	100.0000	
6284	錨	0	0	21	100.0000	
6285	劓	0	0	1	100.0000	
6286	舽	0	0	1	100.0000	
6287	侘	0	0	1	100.0000	
6288	衹	0	0	1	100.0000	
6289	偌	0	0	9	100.0000	
6290	崴	0	0	14	100.0000	
6291	纭	0	0	2	100.0000	
6292	鬃	0	0	10	100.0000	
6293	卯	0	0	23	100.0000	
6294	敘	0	0	16	100.0000	
6295	纘	0	0	1	100.0000	
6296	啣	0	0	1	100.0000	
6297	嗇	0	0	9	100.0000	
6298	嘮	0	0	14	100.0000	
6299	腶	0	0	1	100.0000	
6300	淕	0	0	1	100.0000	
6301	痾	0	0	1	100.0000	
6302	痓	0	0	1	100.0000	
6303	侐	0	0	1	100.0000	
6304	簔	0	0	1	100.0000	
6305	绐	0	0	1	100.0000	
6306	瘡	0	0	18	100.0000	
6307	盺	0	0	1	100.0000	
6308	妩	0	0	5	100.0000	
6309	弋	0	0	9	100.0000	
6310	掮	0	0	2	100.0000	
6311	摞	0	0	8	100.0000	
6312	礮	0	0	1	100.0000	
6313	褊	0	0	2	100.0000	
6314	込	0	0	1	100.0000	
6315	浜	0	0	4	100.0000	
6316	竘	0	0	1	100.0000	
6317	剕	0	0	1	100.0000	
6318	箏	0	0	16	100.0000	
6319	穃	0	0	1	100.0000	
6320	璛	0	0	1	100.0000	
6321	秉	0	0	68	100.0000	HSK7-9
6322	襞	0	0	5	100.0000	
6323	擄	0	0	6	100.0000	
6324	蕨	0	0	11	100.0000	
6325	鷓	0	0	15	100.0000	
6326	亘	0	0	14	100.0000	
6327	綢	0	0	24	100.0000	
6328	徂	0	0	1	100.0000	
6329	篅	0	0	1	100.0000	
6330	秝	0	0	1	100.0000	
6331	駭	0	0	24	100.0000	
6332	亟	0	0	8	100.0000	
6333	膺	0	0	10	100.0000	
6334	鞦	0	0	1	100.0000	
6335	搡	0	0	4	100.0000	
6336	戆	0	0	3	100.0000	
6337	碮	0	0	1	100.0000	
6338	铢	0	0	7	100.0000	
6339	埕	0	0	3	100.0000	
6340	雛	0	0	38	100.0000	
6341	摯	0	0	34	100.0000	
6342	弝	0	0	1	100.0000	
6343	飪	0	0	5	100.0000	
6344	瑁	0	0	7	100.0000	
6345	砧	0	0	9	100.0000	
6346	姣	0	0	13	100.0000	
6347	罔	0	0	6	100.0000	
6348	絢	0	0	22	100.0000	
6349	矇	0	0	9	100.0000	
6350	痨	0	0	4	100.0000	
6351	翑	0	0	1	100.0000	
6352	谂	0	0	1	100.0000	
6353	栠	0	0	1	100.0000	
6354	様	0	0	1	100.0000	
6355	溴	0	0	11	100.0000	
6356	聼	0	0	1	100.0000	
6357	鐲	0	0	7	100.0000	
6358	鞑	0	0	5	100.0000	
6359	靼	0	0	5	100.0000	
6360	锒	0	0	3	100.0000	
6361	盪	0	0	37	100.0000	
6362	犟	0	0	9	100.0000	
6363	墻	0	0	1	100.0000	
6364	畃	0	0	1	100.0000	
6365	覓	0	0	12	100.0000	
6366	苆	0	0	1	100.0000	
6367	睰	0	0	1	100.0000	
6368	遴	0	0	7	100.0000	
6369	柩	0	0	9	100.0000	
6370	倜	0	0	11	100.0000	
6371	傥	0	0	2	100.0000	
6372	怦	0	0	12	100.0000	
6373	銅	0	0	79	100.0000	
6374	犄	0	0	3	100.0000	
6375	犒	0	0	5	100.0000	
6376	隠	0	0	1	100.0000	
6377	孰	0	0	28	100.0000	
6378	丙	0	0	71	100.0000	HSK7-9
6379	嶙	0	0	3	100.0000	
6380	峋	0	0	3	100.0000	
6381	桉	0	0	14	100.0000	
6382	抻	0	0	2	100.0000	
6383	龛	0	0	7	100.0000	
6384	溷	0	0	3	100.0000	
6385	詮	0	0	4	100.0000	
6386	縬	0	0	1	100.0000	
6387	芩	0	0	8	100.0000	
6388	伬	0	0	3	100.0000	
6389	蠹	0	0	3	100.0000	
6390	緿	0	0	1	100.0000	
6391	嘤	0	0	1	100.0000	
6392	旭	0	0	77	100.0000	HSK7-9
6393	瞼	0	0	9	100.0000	
6394	刎	0	0	2	100.0000	
6395	蚰	0	0	4	100.0000	
6396	婖	0	0	1	100.0000	
6397	呴	0	0	1	100.0000	
6398	蚔	0	0	1	100.0000	
6399	宦	0	0	6	100.0000	
6400	挲	0	0	6	100.0000	
6401	郫	0	0	9	100.0000	
6402	碲	0	0	1	100.0000	
6403	玮	0	0	7	100.0000	
6404	卍	0	0	1	100.0000	
6405	摳	0	0	3	100.0000	
6406	蹼	0	0	4	100.0000	
6407	邨	0	0	1	100.0000	
6408	靂	0	0	5	100.0000	
6409	臛	0	0	1	100.0000	
6410	厝	0	0	2	100.0000	
6411	呂	0	0	33	100.0000	
6412	靳	0	0	11	100.0000	
6413	觕	0	0	1	100.0000	
6414	珁	0	0	1	100.0000	
6415	頌	0	0	38	100.0000	
6416	痝	0	0	1	100.0000	
6417	糜	0	0	42	100.0000	
6418	鷗	0	0	12	100.0000	
6419	笺	0	0	11	100.0000	
6420	溥	0	0	43	100.0000	
6421	腣	0	0	1	100.0000	
6422	窣	0	0	2	100.0000	
6423	嗌	0	0	1	100.0000	
6424	篠	0	0	1	100.0000	
6425	聳	0	0	18	100.0000	
6426	荇	0	0	2	100.0000	
6427	巔	0	0	5	100.0000	
6428	箕	0	0	6	100.0000	
6429	甐	0	0	1	100.0000	
6430	庵	0	0	15	100.0000	
6431	煨	0	0	1	100.0000	
6432	霖	0	0	41	100.0000	
6433	倗	0	0	1	100.0000	
6434	擘	0	0	7	100.0000	
6435	偈	0	0	1	100.0000	
6436	鑲	0	0	22	100.0000	
6437	嘹	0	0	7	100.0000	
6438	唰	0	0	1	100.0000	
6439	珗	0	0	1	100.0000	
6440	唛	0	0	1	100.0000	
6441	沁	0	0	31	100.0000	
6442	桒	0	0	1	100.0000	
6443	踡	0	0	1	100.0000	
6444	渦	0	0	23	100.0000	
6445	紾	0	0	1	100.0000	
6446	絯	0	0	1	100.0000	
6447	綬	0	0	5	100.0000	
6448	妎	0	0	1	100.0000	
6449	帤	0	0	1	100.0000	
6450	醴	0	0	8	100.0000	
6451	佃	0	0	8	100.0000	
6452	顱	0	0	15	100.0000	
6453	嘯	0	0	31	100.0000	
6454	晟	0	0	18	100.0000	
6455	暢	0	0	48	100.0000	
6456	棹	0	0	1	100.0000	
6457	鮭	0	0	4	100.0000	
6458	诿	0	0	2	100.0000	
6459	譫	0	0	9	100.0000	
6460	鴻	0	0	34	100.0000	
6461	罄	0	0	6	100.0000	
6462	姚	0	0	35	100.0000	
6463	蓼	0	0	3	100.0000	
6464	錦	0	0	47	100.0000	
6465	莹	0	0	26	100.0000	HSK7-9
6466	毓	0	0	11	100.0000	
6467	芚	0	0	1	100.0000	
6468	纍	0	0	2	100.0000	
6469	籡	0	0	1	100.0000	
6470	薙	0	0	1	100.0000	
6471	恫	0	0	5	100.0000	
6472	綛	0	0	1	100.0000	
6473	糐	0	0	1	100.0000	
6474	搾	0	0	1	100.0000	
6475	逋	0	0	2	100.0000	
6476	黍	0	0	4	100.0000	
6477	譙	0	0	7	100.0000	
6478	膒	0	0	1	100.0000	
6479	淸	0	0	1	100.0000	
6480	笥	0	0	1	100.0000	
6481	驷	0	0	17	100.0000	
6482	氖	0	0	2	100.0000	
6483	壇	0	0	50	100.0000	
6484	祜	0	0	7	100.0000	
6485	葭	0	0	1	100.0000	
6486	禹	0	0	49	100.0000	
6487	桦	0	0	14	100.0000	
6488	嗱	0	0	1	100.0000	
6489	逄	0	0	3	100.0000	
6490	埂	0	0	6	100.0000	
6491	嚒	0	0	1	100.0000	
6492	宒	0	0	1	100.0000	
6493	梓	0	0	30	100.0000	
6494	諫	0	0	12	100.0000	
6495	胛	0	0	4	100.0000	
6496	翮	0	0	4	100.0000	
6497	疝	0	0	3	100.0000	
6498	蒐	0	0	3	100.0000	
6499	瞠	0	0	11	100.0000	
6500	緬	0	0	28	100.0000	
6501	耦	0	0	3	100.0000	
6502	傧	0	0	5	100.0000	
6503	餃	0	0	8	100.0000	
6504	筎	0	0	1	100.0000	
6505	璐	0	0	40	100.0000	
6506	庚	0	0	25	100.0000	
6507	禸	0	0	1	100.0000	
6508	蠂	0	0	1	100.0000	
6509	恓	0	0	1	100.0000	
6510	皏	0	0	1	100.0000	
6511	疸	0	0	5	100.0000	
6512	嘚	0	0	1	100.0000	
6513	哿	0	0	7	100.0000	
6514	枒	0	0	1	100.0000	
6515	恵	0	0	1	100.0000	
6516	銘	0	0	42	100.0000	
6517	簫	0	0	4	100.0000	
6518	盂	0	0	12	100.0000	
6519	笘	0	0	1	100.0000	
6520	噸	0	0	44	100.0000	
6521	啋	0	0	1	100.0000	
6522	攢	0	0	11	100.0000	
6523	荳	0	0	1	100.0000	
6524	舢	0	0	3	100.0000	
6525	匝	0	0	11	100.0000	
6526	拗	0	0	22	100.0000	
6527	埏	0	0	3	100.0000	
6528	濤	0	0	16	100.0000	
6529	洄	0	0	4	100.0000	
6530	岚	0	0	33	100.0000	
6531	辿	0	0	1	100.0000	
6532	濮	0	0	2	100.0000	
6533	枸	0	0	3	100.0000	
6534	钸	0	0	1	100.0000	
6535	鍚	0	0	1	100.0000	
6536	喰	0	0	1	100.0000	
6537	舗	0	0	1	100.0000	
6538	魉	0	0	5	100.0000	
6539	詫	0	0	15	100.0000	
6540	崠	0	0	1	100.0000	
6541	迕	0	0	1	100.0000	
6542	胕	0	0	1	100.0000	
6543	贅	0	0	8	100.0000	
6544	茹	0	0	68	100.0000	
6545	鹜	0	0	5	100.0000	
6546	毗	0	0	13	100.0000	
6547	濺	0	0	15	100.0000	
6548	瀕	0	0	7	100.0000	
6549	翺	0	0	1	100.0000	
6550	荃	0	0	11	100.0000	
6551	蓮	0	0	127	100.0000	
6552	肨	0	0	1	100.0000	
6553	諗	0	0	3	100.0000	
6554	哐	0	0	3	100.0000	
6555	肣	0	0	1	100.0000	
6556	伈	0	0	1	100.0000	
6557	斓	0	0	15	100.0000	
6558	荻	0	0	45	100.0000	
6559	敃	0	0	1	100.0000	
6560	獰	0	0	10	100.0000	
6561	鲛	0	0	3	100.0000	
6562	捺	0	0	4	100.0000	
6563	緘	0	0	3	100.0000	
6564	蹉	0	0	5	100.0000	
6565	跎	0	0	5	100.0000	
6566	銜	0	0	30	100.0000	
6567	硔	0	0	1	100.0000	
6568	哚	0	0	7	100.0000	
6569	欽	0	0	39	100.0000	
6570	㗎	0	0	1	100.0000	
6571	躂	0	0	1	100.0000	
6572	莳	0	0	2	100.0000	
6573	閘	0	0	47	100.0000	
6574	廄	0	0	1	100.0000	
6575	捈	0	0	1	100.0000	
6576	祙	0	0	1	100.0000	
6577	佪	0	0	1	100.0000	
6578	僥	0	0	2	100.0000	
6579	孜	0	0	16	100.0000	
6580	砕	0	0	1	100.0000	
6581	磑	0	0	1	100.0000	
6582	叱	0	0	11	100.0000	
6583	翷	0	0	1	100.0000	
6584	荊	0	0	9	100.0000	
6585	噻	0	0	6	100.0000	
6586	撃	0	0	1	100.0000	
6587	眣	0	0	1	100.0000	
6588	悪	0	0	1	100.0000	
6589	蠔	0	0	5	100.0000	
6590	洼	0	0	31	100.0000	
6591	倓	0	0	1	100.0000	
6592	鞣	0	0	8	100.0000	
6593	谯	0	0	2	100.0000	
6594	穒	0	0	1	100.0000	
6595	腃	0	0	1	100.0000	
6596	郸	0	0	17	100.0000	
6597	浬	0	0	2	100.0000	
6598	誧	0	0	1	100.0000	
6599	竺	0	0	9	100.0000	
6600	讷	0	0	27	100.0000	
6601	銳	0	0	52	100.0000	
6602	耣	0	0	1	100.0000	
6603	鳳	0	0	125	100.0000	
6604	磴	0	0	1	100.0000	
6605	処	0	0	1	100.0000	
6606	禘	0	0	1	100.0000	
6607	賒	0	0	9	100.0000	
6608	柲	0	0	1	100.0000	
6609	甄	0	0	26	100.0000	
6610	捩	0	0	14	100.0000	
6611	駆	0	0	1	100.0000	
6612	怹	0	0	1	100.0000	
6613	葺	0	0	10	100.0000	
6614	玍	0	0	1	100.0000	
6615	躪	0	0	1	100.0000	
6616	纜	0	0	35	100.0000	
6617	旍	0	0	1	100.0000	
6618	斻	0	0	1	100.0000	
6619	榉	0	0	4	100.0000	
6620	嘖	0	0	14	100.0000	
6621	腱	0	0	11	100.0000	
6622	咛	0	0	3	100.0000	
6623	蝸	0	0	7	100.0000	
6624	諮	0	0	12	100.0000	
6625	鴃	0	0	1	100.0000	
6626	槙	0	0	24	100.0000	
6627	旻	0	0	8	100.0000	
6628	睱	0	0	1	100.0000	
6629	儕	0	0	5	100.0000	
6630	漤	0	0	1	100.0000	
6631	鉀	0	0	5	100.0000	
6632	祒	0	0	1	100.0000	
6633	橈	0	0	4	100.0000	
6634	煥	0	0	21	100.0000	
6635	瞿	0	0	5	100.0000	
6636	遼	0	0	17	100.0000	
6637	橫	0	0	132	100.0000	
6638	燎	0	0	17	100.0000	
6639	絵	0	0	22	100.0000	
6640	晝	0	0	17	100.0000	
6641	閥	0	0	26	100.0000	
6642	攘	0	0	10	100.0000	HSK7-9
6643	雉	0	0	7	100.0000	
6644	樟	0	0	22	100.0000	
6645	捇	0	0	1	100.0000	
6646	髡	0	0	1	100.0000	
6647	砺	0	0	5	100.0000	
6648	恻	0	0	8	100.0000	
6649	儐	0	0	3	100.0000	
6650	迥	0	0	14	100.0000	
6651	汔	0	0	1	100.0000	
6652	敔	0	0	1	100.0000	
6653	奂	0	0	5	100.0000	
6654	芉	0	0	1	100.0000	
6655	廻	0	0	1	100.0000	
6656	浒	0	0	1	100.0000	
6657	峇	0	0	1	100.0000	
6658	輒	0	0	9	100.0000	
6659	鶴	0	0	65	100.0000	
6660	瀏	0	0	10	100.0000	
6661	鹭	0	0	21	100.0000	
6662	繋	0	0	1	100.0000	
6663	骠	0	0	9	100.0000	
6664	惇	0	0	1	100.0000	
6665	濑	0	0	150	100.0000	
6666	帰	0	0	1	100.0000	
6667	貮	0	0	1	100.0000	
6668	硊	0	0	1	100.0000	
6669	硖	0	0	3	100.0000	
6670	芢	0	0	1	100.0000	
6671	砥	0	0	3	100.0000	
6672	棲	0	0	36	100.0000	
6673	璵	0	0	2	100.0000	
6674	飨	0	0	4	100.0000	
6675	輟	0	0	9	100.0000	
6676	睵	0	0	1	100.0000	
6677	稸	0	0	1	100.0000	
6678	眅	0	0	1	100.0000	
6679	彳	0	0	1	100.0000	
6680	弔	0	0	1	100.0000	
6681	蚋	0	0	1	100.0000	
6682	晖	0	0	18	100.0000	
6683	旰	0	0	4	100.0000	
6684	邵	0	0	32	100.0000	
6685	豖	0	0	1	100.0000	
6686	阯	0	0	1	100.0000	
6687	迡	0	0	1	100.0000	
6688	眦	0	0	3	100.0000	
6689	樰	0	0	1	100.0000	
6690	矍	0	0	9	100.0000	
6691	皰	0	0	3	100.0000	
6692	臍	0	0	12	100.0000	
6693	馳	0	0	25	100.0000	
6694	狵	0	0	1	100.0000	
6695	觹	0	0	1	100.0000	
6696	魟	0	0	1	100.0000	
6697	毚	0	0	1	100.0000	
6698	叵	0	0	9	100.0000	
6699	冧	0	0	1	100.0000	
6700	畟	0	0	1	100.0000	
6701	譚	0	0	40	100.0000	
6702	澱	0	0	1	100.0000	
6703	揤	0	0	1	100.0000	
6704	贍	0	0	3	100.0000	
6705	昢	0	0	1	100.0000	
6706	佗	0	0	10	100.0000	
6707	犴	0	0	23	100.0000	
6708	紿	0	0	1	100.0000	
6709	趨	0	0	21	100.0000	
6710	耜	0	0	5	100.0000	
6711	妀	0	0	1	100.0000	
6712	啁	0	0	2	100.0000	
6713	伕	0	0	1	100.0000	
6714	騾	0	0	3	100.0000	
6715	筥	0	0	1	100.0000	
6716	骝	0	0	3	100.0000	
6717	艋	0	0	1	100.0000	
6718	蹺	0	0	20	100.0000	
6719	綷	0	0	1	100.0000	
6720	朔	0	0	34	100.0000	
6721	呠	0	0	1	100.0000	
6722	磃	0	0	1	100.0000	
6723	暱	0	0	16	100.0000	
6724	湔	0	0	1	100.0000	
6725	箔	0	0	14	100.0000	
6726	黜	0	0	8	100.0000	
6727	吤	0	0	1	100.0000	
6728	饅	0	0	7	100.0000	
6729	繥	0	0	1	100.0000	
6730	吳	0	0	83	100.0000	
6731	猒	0	0	1	100.0000	
6732	伉	0	0	11	100.0000	
6733	俪	0	0	6	100.0000	
6734	縎	0	0	1	100.0000	
6735	杓	0	0	2	100.0000	
6736	繨	0	0	1	100.0000	
6737	円	0	0	25	100.0000	
6738	邢	0	0	14	100.0000	
6739	楽	0	0	1	100.0000	
6740	癨	0	0	1	100.0000	
6741	蠉	0	0	1	100.0000	
6742	谑	0	0	10	100.0000	
6743	蕞	0	0	1	100.0000	
6744	餬	0	0	1	100.0000	
6745	鉊	0	0	1	100.0000	
6746	糅	0	0	2	100.0000	
6747	畿	0	0	11	100.0000	
6748	轭	0	0	3	100.0000	
6749	椛	0	0	1	100.0000	
6750	埗	0	0	1	100.0000	
6751	剉	0	0	1	100.0000	
6752	菅	0	0	31	100.0000	
6753	蠱	0	0	3	100.0000	
6754	卼	0	0	1	100.0000	
6755	篫	0	0	1	100.0000	
6756	貶	0	0	21	100.0000	
6757	麸	0	0	11	100.0000	
6758	玅	0	0	1	100.0000	
6759	怏	0	0	23	100.0000	
6760	孚	0	0	37	100.0000	
6761	媎	0	0	1	100.0000	
6762	洙	0	0	67	100.0000	
6763	矽	0	0	22	100.0000	
6764	蛁	0	0	1	100.0000	
6765	恸	0	0	5	100.0000	
6766	竳	0	0	1	100.0000	
6767	獃	0	0	2	100.0000	
6768	羯	0	0	9	100.0000	
6769	嗰	0	0	1	100.0000	
6770	恬	0	0	16	100.0000	
6771	倳	0	0	1	100.0000	
6772	櫻	0	0	58	100.0000	
6773	瀰	0	0	1	100.0000	
6774	磉	0	0	1	100.0000	
6775	诃	0	0	7	100.0000	
6776	阌	0	0	1	100.0000	
6777	痍	0	0	9	100.0000	
6778	閨	0	0	18	100.0000	
6779	闔	0	0	5	100.0000	
6780	拊	0	0	2	100.0000	
6781	仟	0	0	38	100.0000	
6782	鰍	0	0	3	100.0000	
6783	焼	0	0	1	100.0000	
6784	頬	0	0	1	100.0000	
6785	揹	0	0	1	100.0000	
6786	鴛	0	0	11	100.0000	
6787	鴦	0	0	5	100.0000	
6788	硃	0	0	2	100.0000	
6789	綞	0	0	1	100.0000	
6790	悛	0	0	8	100.0000	
6791	衂	0	0	1	100.0000	
6792	倷	0	0	3	100.0000	
6793	杅	0	0	1	100.0000	
6794	鑄	0	0	20	100.0000	
6795	籟	0	0	13	100.0000	
6796	缨	0	0	9	100.0000	
6797	枅	0	0	1	100.0000	
6798	铿	0	0	7	100.0000	
6799	谏	0	0	24	100.0000	
6800	颞	0	0	4	100.0000	
6801	滄	0	0	13	100.0000	
6802	柵	0	0	34	100.0000	
6803	艷	0	0	59	100.0000	
6804	碻	0	0	1	100.0000	
6805	郣	0	0	1	100.0000	
6806	觴	0	0	2	100.0000	
6807	蚜	0	0	4	100.0000	
6808	腁	0	0	1	100.0000	
6809	濬	0	0	1	100.0000	
6810	僩	0	0	1	100.0000	
6811	贄	0	0	3	100.0000	
6812	邝	0	0	9	100.0000	
6813	纾	0	0	3	100.0000	
6814	籕	0	0	1	100.0000	
6815	雍	0	0	22	100.0000	
6816	謁	0	0	5	100.0000	
6817	綿	0	0	52	100.0000	
6818	壟	0	0	5	100.0000	
6819	琻	0	0	1	100.0000	
6820	镕	0	0	4	100.0000	
6821	蔨	0	0	1	100.0000	
6822	扈	0	0	27	100.0000	
6823	腉	0	0	1	100.0000	
6824	秧	0	0	57	100.0000	HSK7-9
6825	畦	0	0	5	100.0000	
6826	婼	0	0	1	100.0000	
6827	绌	0	0	1	100.0000	
6828	锃	0	0	3	100.0000	
6829	谔	0	0	5	100.0000	
6830	貞	0	0	88	100.0000	
6831	瑛	0	0	20	100.0000	
6832	喫	0	0	1	100.0000	
6833	蕪	0	0	9	100.0000	
6834	涇	0	0	3	100.0000	
6835	郪	0	0	1	100.0000	
6836	篽	0	0	1	100.0000	
6837	壑	0	0	12	100.0000	
6838	抎	0	0	1	100.0000	
6839	盓	0	0	1	100.0000	
6840	蠍	0	0	13	100.0000	
6841	鱉	0	0	4	100.0000	
6842	耨	0	0	1	100.0000	
6843	硎	0	0	1	100.0000	
6844	砷	0	0	5	100.0000	
6845	掟	0	0	1	100.0000	
6846	杳	0	0	15	100.0000	
6847	劵	0	0	1	100.0000	
6848	俳	0	0	6	100.0000	
6849	邧	0	0	1	100.0000	
6850	踮	0	0	4	100.0000	
6851	贗	0	0	3	100.0000	
6852	耰	0	0	1	100.0000	
6853	桐	0	0	80	100.0000	
6854	矾	0	0	8	100.0000	
6855	蟠	0	0	9	100.0000	
6856	鲫	0	0	4	100.0000	
6857	芼	0	0	1	100.0000	
6858	肬	0	0	1	100.0000	
6859	玖	0	0	13	100.0000	
6860	熺	0	0	1	100.0000	
6861	畛	0	0	10	100.0000	
6862	駡	0	0	1	100.0000	
6863	瘙	0	0	3	100.0000	
6864	濃	0	0	73	100.0000	
6865	磔	0	0	2	100.0000	
6866	戦	0	0	1	100.0000	
6867	濘	0	0	5	100.0000	
6868	绉	0	0	7	100.0000	
6869	倎	0	0	1	100.0000	
6870	綰	0	0	1	100.0000	
6871	旆	0	0	1	100.0000	
6872	誸	0	0	1	100.0000	
6873	磚	0	0	63	100.0000	
6874	埠	0	0	21	100.0000	
6875	珖	0	0	19	100.0000	
6876	舺	0	0	1	100.0000	
6877	濾	0	0	15	100.0000	
6878	盳	0	0	1	100.0000	
6879	紂	0	0	6	100.0000	
6880	礓	0	0	31	100.0000	
6881	芕	0	0	1	100.0000	
6882	狻	0	0	1	100.0000	
6883	垣	0	0	44	100.0000	
6884	膑	0	0	6	100.0000	
6885	呔	0	0	1	100.0000	
6886	蚳	0	0	1	100.0000	
6887	絔	0	0	1	100.0000	
6888	撻	0	0	6	100.0000	
6889	蒡	0	0	2	100.0000	
6890	蠣	0	0	4	100.0000	
6891	壩	0	0	18	100.0000	
6892	疎	0	0	1	100.0000	
6893	蠁	0	0	1	100.0000	
6894	鬲	0	0	6	100.0000	
6895	藿	0	0	3	100.0000	
6896	慄	0	0	3	100.0000	
6897	欱	0	0	1	100.0000	
6898	塋	0	0	11	100.0000	
6899	苀	0	0	1	100.0000	
6900	旮	0	0	8	100.0000	
6901	寢	0	0	15	100.0000	
6902	渫	0	0	1	100.0000	
6903	腍	0	0	1	100.0000	
6904	颳	0	0	1	100.0000	
6905	瑣	0	0	16	100.0000	
6906	痺	0	0	6	100.0000	
6907	砮	0	0	1	100.0000	
6908	縈	0	0	10	100.0000	
6909	誣	0	0	7	100.0000	
6910	羸	0	0	5	100.0000	
6911	芵	0	0	1	100.0000	
6912	挎	0	0	3	100.0000	HSK7-9
6913	癆	0	0	6	100.0000	
6914	瓸	0	0	1	100.0000	
6915	睞	0	0	6	100.0000	
6916	鍰	0	0	1	100.0000	
6917	榛	0	0	6	100.0000	
6918	龅	0	0	1	100.0000	
6919	赈	0	0	7	100.0000	
6920	鳩	0	0	2	100.0000	
6921	噤	0	0	7	100.0000	
6922	鰐	0	0	1	100.0000	
6923	呤	0	0	15	100.0000	
6924	侳	0	0	1	100.0000	
6925	魑	0	0	3	100.0000	
6926	魍	0	0	3	100.0000	
6927	倰	0	0	1	100.0000	
6928	薊	0	0	11	100.0000	
6929	擼	0	0	2	100.0000	
6930	孃	0	0	1	100.0000	
6931	玿	0	0	1	100.0000	
6932	艸	0	0	1	100.0000	
6933	笤	0	0	1	100.0000	
6934	闘	0	0	1	100.0000	
6935	乂	0	0	2	100.0000	
6936	阃	0	0	1	100.0000	
6937	澹	0	0	3	100.0000	
6938	硪	0	0	1	100.0000	
6939	湧	0	0	30	100.0000	
6940	睳	0	0	1	100.0000	
6941	鞏	0	0	6	100.0000	
6942	扢	0	0	1	100.0000	
6943	蒩	0	0	1	100.0000	
6944	疖	0	0	2	100.0000	
6945	陕	0	0	26	100.0000	
6946	鑊	0	0	1	100.0000	
6947	臓	0	0	1	100.0000	
6948	迩	0	0	51	100.0000	
6949	薏	0	0	12	100.0000	
6950	髪	0	0	1	100.0000	
6951	誥	0	0	2	100.0000	
6952	沓	0	0	13	100.0000	
6953	齬	0	0	2	100.0000	
6954	潠	0	0	1	100.0000	
6955	裒	0	0	1	100.0000	
6956	牁	0	0	1	100.0000	
6957	羉	0	0	1	100.0000	
6958	巿	0	0	1	100.0000	
6959	砊	0	0	1	100.0000	
6960	肽	0	0	7	100.0000	
6961	倌	0	0	10	100.0000	
6962	阊	0	0	1	100.0000	
6963	蒳	0	0	1	100.0000	
6964	泠	0	0	7	100.0000	
6965	芶	0	0	1	100.0000	
6966	愫	0	0	2	100.0000	
6967	甕	0	0	2	100.0000	
6968	竇	0	0	9	100.0000	
6969	猍	0	0	1	100.0000	
6970	桀	0	0	11	100.0000	
6971	骜	0	0	3	100.0000	
6972	闶	0	0	1	100.0000	
6973	孓	0	0	11	100.0000	
6974	楓	0	0	22	100.0000	
6975	満	0	0	1	100.0000	
6976	颌	0	0	15	100.0000	
6977	枣	0	0	28	100.0000	HSK7-9
6978	嫦	0	0	23	100.0000	HSK7-9
6979	簇	0	0	26	100.0000	HSK7-9
6980	暿	0	0	1	100.0000	
6981	滂	0	0	4	100.0000	
6982	沱	0	0	9	100.0000	
6983	緹	0	0	6	100.0000	
6984	涣	0	0	5	100.0000	
6985	縨	0	0	1	100.0000	
6986	釀	0	0	38	100.0000	
6987	芄	0	0	1	100.0000	
6988	嶋	0	0	1	100.0000	
6989	琇	0	0	6	100.0000	
6990	炟	0	0	1	100.0000	
6991	崮	0	0	2	100.0000	
6992	觼	0	0	1	100.0000	
6993	挕	0	0	1	100.0000	
6994	犰	0	0	2	100.0000	
6995	狳	0	0	1	100.0000	
6996	纂	0	0	5	100.0000	
6997	驽	0	0	7	100.0000	
6998	醍	0	0	5	100.0000	
6999	醐	0	0	4	100.0000	
7000	摀	0	0	2	100.0000	
7001	痟	0	0	1	100.0000	
7002	猑	0	0	1	100.0000	
7003	踫	0	0	1	100.0000	
7004	嵋	0	0	5	100.0000	
7005	釱	0	0	1	100.0000	
7006	厒	0	0	1	100.0000	
7007	岡	0	0	101	100.0000	
7008	靥	0	0	6	100.0000	
7009	粕	0	0	8	100.0000	
7010	栀	0	0	3	100.0000	
7011	縥	0	0	1	100.0000	
7012	鵪	0	0	3	100.0000	
7013	鶉	0	0	2	100.0000	
7014	吒	0	0	9	100.0000	
7015	腴	0	0	12	100.0000	
7016	宕	0	0	9	100.0000	
7017	氫	0	0	18	100.0000	
7018	赳	0	0	4	100.0000	
7019	穻	0	0	1	100.0000	
7020	筠	0	0	7	100.0000	
7021	碓	0	0	6	100.0000	
7022	広	0	0	1	100.0000	
7023	柊	0	0	3	100.0000	
7024	蒹	0	0	1	100.0000	
7025	龒	0	0	1	100.0000	
7026	彐	0	0	5	100.0000	
7027	鲣	0	0	4	100.0000	
7028	妤	0	0	4	100.0000	
7029	瀬	0	0	1	100.0000	
7030	樞	0	0	21	100.0000	
7031	黔	0	0	4	100.0000	
7032	劊	0	0	2	100.0000	
7033	堿	0	0	1	100.0000	
7034	絑	0	0	2	100.0000	
7035	掬	0	0	9	100.0000	
7036	抯	0	0	1	100.0000	
7037	湄	0	0	14	100.0000	
7038	叟	0	0	33	100.0000	
7039	婄	0	0	1	100.0000	
7040	忾	0	0	3	100.0000	
7041	膞	0	0	1	100.0000	
7042	繹	0	0	11	100.0000	
7043	丨	0	0	1	100.0000	
7044	両	0	0	1	100.0000	
7045	鎢	0	0	3	100.0000	
7046	殁	0	0	2	100.0000	
7047	孮	0	0	1	100.0000	
7048	袚	0	0	1	100.0000	
7049	跫	0	0	1	100.0000	
7050	鹏	0	0	61	100.0000	HSK7-9
7051	銹	0	0	17	100.0000	
7052	甌	0	0	4	100.0000	
7053	疻	0	0	1	100.0000	
7054	诓	0	0	2	100.0000	
7055	狤	0	0	1	100.0000	
7056	侔	0	0	4	100.0000	
7057	芫	0	0	8	100.0000	
7058	尧	0	0	18	100.0000	
7059	禰	0	0	1	100.0000	
7060	衿	0	0	2	100.0000	
7061	嘁	0	0	2	100.0000	
7062	礤	0	0	1	100.0000	
7063	崾	0	0	1	100.0000	
7064	坰	0	0	1	100.0000	
7065	綱	0	0	38	100.0000	
7066	蔆	0	0	1	100.0000	
7067	敁	0	0	1	100.0000	
7068	鳎	0	0	2	100.0000	
7069	羈	0	0	10	100.0000	
7070	愜	0	0	2	100.0000	
7071	葷	0	0	2	100.0000	
7072	淼	0	0	11	100.0000	
7073	嘬	0	0	1	100.0000	
7074	豝	0	0	1	100.0000	
7075	冶	0	0	31	100.0000	HSK7-9
7076	尨	0	0	1	100.0000	
7077	胦	0	0	1	100.0000	
7078	絆	0	0	26	100.0000	
7079	殄	0	0	1	100.0000	
7080	捫	0	0	4	100.0000	
7081	枰	0	0	1	100.0000	
7082	怓	0	0	1	100.0000	
7083	嵯	0	0	7	100.0000	
7084	鄂	0	0	19	100.0000	
7085	飼	0	0	7	100.0000	
7086	钒	0	0	1	100.0000	
7087	淙	0	0	10	100.0000	
7088	轄	0	0	20	100.0000	
7089	睥	0	0	7	100.0000	
7090	沔	0	0	11	100.0000	
7091	螚	0	0	1	100.0000	
7092	厍	0	0	2	100.0000	
7093	馗	0	0	6	100.0000	
7094	徭	0	0	21	100.0000	
7095	郳	0	0	1	100.0000	
7096	蝬	0	0	1	100.0000	
7097	冽	0	0	10	100.0000	
7098	竂	0	0	1	100.0000	
7099	鳀	0	0	1	100.0000	
7100	釆	0	0	1	100.0000	
7101	糥	0	0	1	100.0000	
7102	霎	0	0	16	100.0000	
7103	袂	0	0	5	100.0000	
7104	箄	0	0	1	100.0000	
7105	芺	0	0	1	100.0000	
7106	瑠	0	0	27	100.0000	
7107	劦	0	0	1	100.0000	
7108	荨	0	0	5	100.0000	
7109	峉	0	0	1	100.0000	
7110	馕	0	0	1	100.0000	
7111	擢	0	0	5	100.0000	
7112	騒	0	0	1	100.0000	
7113	枴	0	0	1	100.0000	
7114	腪	0	0	1	100.0000	
7115	纶	0	0	27	100.0000	
7116	筱	0	0	55	100.0000	
7117	宸	0	0	4	100.0000	
7118	眪	0	0	1	100.0000	
7119	糽	0	0	1	100.0000	
7120	篩	0	0	11	100.0000	
7121	椽	0	0	7	100.0000	
7122	涫	0	0	3	100.0000	
7123	吥	0	0	1	100.0000	
7124	膩	0	0	45	100.0000	
7125	蹴	0	0	8	100.0000	
7126	舥	0	0	1	100.0000	
7127	僇	0	0	1	100.0000	
7128	乗	0	0	1	100.0000	
7129	睨	0	0	9	100.0000	
7130	晏	0	0	14	100.0000	
7131	垚	0	0	2	100.0000	
7132	蒉	0	0	1	100.0000	
7133	膟	0	0	1	100.0000	
7134	癴	0	0	1	100.0000	
7135	籏	0	0	1	100.0000	
7136	賃	0	0	6	100.0000	
7137	鏖	0	0	2	100.0000	
7138	娈	0	0	4	100.0000	
7139	苐	0	0	1	100.0000	
7140	齟	0	0	1	100.0000	
7141	碵	0	0	1	100.0000	
7142	酖	0	0	1	100.0000	
7143	炴	0	0	1	100.0000	
7144	鉣	0	0	1	100.0000	
7145	婀	0	0	5	100.0000	
7146	痂	0	0	5	100.0000	
7147	諺	0	0	6	100.0000	
7148	椄	0	0	1	100.0000	
7149	嬌	0	0	54	100.0000	
7150	谇	0	0	1	100.0000	
7151	氵	0	0	1	100.0000	
7152	癔	0	0	3	100.0000	
7153	嵐	0	0	18	100.0000	
7154	寁	0	0	1	100.0000	
7155	噯	0	0	1	100.0000	
7156	坩	0	0	4	100.0000	
7157	埚	0	0	1	100.0000	
7158	鄺	0	0	3	100.0000	
7159	擡	0	0	1	100.0000	
7160	榕	0	0	12	100.0000	
7161	缱	0	0	2	100.0000	
7162	绻	0	0	2	100.0000	
7163	絓	0	0	1	100.0000	
7164	癇	0	0	9	100.0000	
7165	桿	0	0	100	100.0000	
7166	撷	0	0	4	100.0000	
7167	暝	0	0	1	100.0000	
7168	峔	0	0	1	100.0000	
7169	瑢	0	0	18	100.0000	
7170	紱	0	0	3	100.0000	
7171	铍	0	0	2	100.0000	
7172	尥	0	0	3	100.0000	
7173	衲	0	0	5	100.0000	
7174	朼	0	0	1	100.0000	
7175	浙	0	0	13	100.0000	
7176	蓆	0	0	1	100.0000	
7177	謐	0	0	3	100.0000	
7178	芘	0	0	7	100.0000	
7179	趿	0	0	3	100.0000	
7180	曖	0	0	6	100.0000	
7181	撘	0	0	1	100.0000	
7182	惴	0	0	4	100.0000	
7183	籮	0	0	7	100.0000	
7184	挌	0	0	1	100.0000	
7185	緔	0	0	1	100.0000	
7186	扲	0	0	1	100.0000	
7187	瀉	0	0	17	100.0000	
7188	螣	0	0	1	100.0000	
7189	擞	0	0	4	100.0000	
7190	隋	0	0	13	100.0000	
7191	璾	0	0	1	100.0000	
7192	奌	0	0	1	100.0000	
7193	泔	0	0	8	100.0000	
7194	谵	0	0	7	100.0000	
7195	縋	0	0	1	100.0000	
7196	糰	0	0	1	100.0000	
7197	倯	0	0	1	100.0000	
7198	紲	0	0	2	100.0000	
7199	锨	0	0	14	100.0000	
7200	螤	0	0	1	100.0000	
7201	珐	0	0	6	100.0000	
7202	崦	0	0	3	100.0000	
7203	窐	0	0	2	100.0000	
7204	遑	0	0	3	100.0000	
7205	炯	0	0	19	100.0000	
7206	瞊	0	0	1	100.0000	
7207	竀	0	0	1	100.0000	
7208	幵	0	0	1	100.0000	
7209	仄	0	0	10	100.0000	
7210	冼	0	0	11	100.0000	
7211	栁	0	0	1	100.0000	
7212	凪	0	0	1	100.0000	
7213	埶	0	0	1	100.0000	
7214	茛	0	0	2	100.0000	
7215	殮	0	0	5	100.0000	
7216	躝	0	0	1	100.0000	
7217	烯	0	0	20	100.0000	
7218	獿	0	0	1	100.0000	
7219	鉖	0	0	1	100.0000	
7220	熠	0	0	3	100.0000	
7221	靖	0	0	54	100.0000	
7222	巠	0	0	1	100.0000	
7223	袅	0	0	8	100.0000	
7224	谲	0	0	4	100.0000	
7225	隍	0	0	10	100.0000	
7226	裨	0	0	3	100.0000	
7227	幗	0	0	5	100.0000	
7228	豭	0	0	1	100.0000	
7229	柘	0	0	10	100.0000	
7230	暸	0	0	2	100.0000	
7231	岘	0	0	2	100.0000	
7232	辺	0	0	1	100.0000	
7233	氾	0	0	1	100.0000	
7234	輾	0	0	9	100.0000	
7235	涓	0	0	5	100.0000	
7236	葹	0	0	1	100.0000	
7237	図	0	0	1	100.0000	
7238	贓	0	0	27	100.0000	
7239	籄	0	0	1	100.0000	
7240	泮	0	0	6	100.0000	
7241	儚	0	0	1	100.0000	
7242	誨	0	0	2	100.0000	
7243	弭	0	0	5	100.0000	
7244	赅	0	0	1	100.0000	
7245	韻	0	0	27	100.0000	
7246	殒	0	0	9	100.0000	
7247	蚵	0	0	1	100.0000	
7248	荏	0	0	5	100.0000	
7249	苒	0	0	4	100.0000	
7250	訧	0	0	1	100.0000	
7251	耏	0	0	1	100.0000	
7252	穸	0	0	2	100.0000	
7253	婃	0	0	1	100.0000	
7254	綡	0	0	1	100.0000	
7255	镗	0	0	2	100.0000	
7256	岷	0	0	4	100.0000	
7257	峓	0	0	1	100.0000	
7258	瑇	0	0	1	100.0000	
7259	膐	0	0	1	100.0000	
7260	琝	0	0	1	100.0000	
7261	癣	0	0	16	100.0000	
7262	怆	0	0	7	100.0000	
7263	禩	0	0	1	100.0000	
7264	稵	0	0	1	100.0000	
7265	猅	0	0	1	100.0000	
7266	睚	0	0	8	100.0000	
7267	槿	0	0	4	100.0000	
7268	渚	0	0	5	100.0000	
7269	葯	0	0	1	100.0000	
7270	僑	0	0	16	100.0000	
7271	碛	0	0	6	100.0000	
7272	螘	0	0	1	100.0000	
7273	鉆	0	0	1	100.0000	
7274	幂	0	0	12	100.0000	
7275	溱	0	0	4	100.0000	
7276	泚	0	0	1	100.0000	
7277	洶	0	0	10	100.0000	
7278	闢	0	0	11	100.0000	
7279	罯	0	0	1	100.0000	
7280	饋	0	0	9	100.0000	
7281	鸫	0	0	1	100.0000	
7282	挢	0	0	1	100.0000	
7283	幔	0	0	18	100.0000	
7284	繆	0	0	25	100.0000	
7285	谟	0	0	8	100.0000	
7286	戎	0	0	43	100.0000	
7287	鐮	0	0	7	100.0000	
7288	塾	0	0	10	100.0000	
7289	薨	0	0	1	100.0000	
7290	賢	0	0	62	100.0000	
7291	肸	0	0	1	100.0000	
7292	囥	0	0	1	100.0000	
7293	僮	0	0	8	100.0000	
7294	篙	0	0	5	100.0000	
7295	杸	0	0	1	100.0000	
7296	鑣	0	0	5	100.0000	
7297	阄	0	0	5	100.0000	
7298	婥	0	0	1	100.0000	
7299	摈	0	0	4	100.0000	
7300	嘸	0	0	1	100.0000	
7301	痱	0	0	4	100.0000	
7302	蓦	0	0	3	100.0000	
7303	埼	0	0	1	100.0000	
7304	縇	0	0	1	100.0000	
7305	纄	0	0	1	100.0000	
7306	璱	0	0	1	100.0000	
7307	桠	0	0	5	100.0000	
7308	鹞	0	0	7	100.0000	
7309	淜	0	0	1	100.0000	
7310	繭	0	0	12	100.0000	
7311	臖	0	0	1	100.0000	
7312	癑	0	0	1	100.0000	
7313	禕	0	0	3	100.0000	
7314	蛅	0	0	1	100.0000	
7315	竨	0	0	1	100.0000	
7316	鐳	0	0	1	100.0000	
7317	挴	0	0	1	100.0000	
7318	阍	0	0	1	100.0000	
7319	柒	0	0	12	100.0000	
7320	胄	0	0	16	100.0000	
7321	牯	0	0	2	100.0000	
7322	躊	0	0	1	100.0000	
7323	蝰	0	0	2	100.0000	
7324	铉	0	0	26	100.0000	
7325	铡	0	0	2	100.0000	
7326	阺	0	0	1	100.0000	
7327	螒	0	0	1	100.0000	
7328	瞽	0	0	1	100.0000	
7329	鼴	0	0	10	100.0000	
7330	縗	0	0	1	100.0000	
7331	憚	0	0	12	100.0000	
7332	钨	0	0	7	100.0000	
7333	繴	0	0	1	100.0000	
7334	贻	0	0	16	100.0000	
7335	絀	0	0	3	100.0000	
7336	螝	0	0	1	100.0000	
7337	婵	0	0	20	100.0000	
7338	櫛	0	0	10	100.0000	
7339	鈦	0	0	1	100.0000	
7340	绦	0	0	6	100.0000	
7341	狣	0	0	1	100.0000	
7342	櫈	0	0	1	100.0000	
7343	晩	0	0	1	100.0000	
7344	俓	0	0	1	100.0000	
7345	螨	0	0	3	100.0000	
7346	钹	0	0	6	100.0000	
7347	慫	0	0	16	100.0000	
7348	傚	0	0	1	100.0000	
7349	箈	0	0	1	100.0000	
7350	魘	0	0	5	100.0000	
7351	黠	0	0	4	100.0000	
7352	蓁	0	0	3	100.0000	
7353	淲	0	0	1	100.0000	
7354	酘	0	0	1	100.0000	
7355	漬	0	0	9	100.0000	
7356	琈	0	0	1	100.0000	
7357	睺	0	0	1	100.0000	
7358	竰	0	0	1	100.0000	
7359	驛	0	0	8	100.0000	
7360	嫜	0	0	1	100.0000	
7361	嵊	0	0	9	100.0000	
7362	硗	0	0	1	100.0000	
7363	蝮	0	0	2	100.0000	
7364	陧	0	0	1	100.0000	
7365	鷲	0	0	6	100.0000	
7366	玀	0	0	4	100.0000	
7367	劏	0	0	1	100.0000	
7368	徬	0	0	1	100.0000	
7369	攷	0	0	1	100.0000	
7370	藜	0	0	4	100.0000	
7371	逌	0	0	1	100.0000	
7372	坌	0	0	1	100.0000	
7373	酴	0	0	1	100.0000	
7374	螠	0	0	1	100.0000	
7375	懿	0	0	5	100.0000	
7376	馍	0	0	11	100.0000	
7377	緈	0	0	1	100.0000	
7378	瘢	0	0	2	100.0000	
7379	逖	0	0	14	100.0000	
7380	哌	0	0	7	100.0000	
7381	啶	0	0	8	100.0000	
7382	蘆	0	0	19	100.0000	
7383	嗪	0	0	5	100.0000	
7384	蓙	0	0	1	100.0000	
7385	吡	0	0	8	100.0000	
7386	脺	0	0	1	100.0000	
7387	蹓	0	0	1	100.0000	
7388	竽	0	0	5	100.0000	
7389	沬	0	0	1	100.0000	
7390	脍	0	0	5	100.0000	
7391	浚	0	0	5	100.0000	
7392	眙	0	0	2	100.0000	
7393	逡	0	0	2	100.0000	
7394	娸	0	0	1	100.0000	
7395	骓	0	0	1	100.0000	
7396	驺	0	0	1	100.0000	
7397	泬	0	0	1	100.0000	
7398	坒	0	0	1	100.0000	
7399	霤	0	0	1	100.0000	
7400	騮	0	0	2	100.0000	
7401	瀛	0	0	5	100.0000	
7402	埭	0	0	1	100.0000	
7403	劼	0	0	1	100.0000	
7404	溼	0	0	4	100.0000	
7405	夤	0	0	6	100.0000	
7406	樫	0	0	1	100.0000	
7407	磗	0	0	1	100.0000	
7408	柀	0	0	1	100.0000	
7409	痧	0	0	2	100.0000	
7410	舩	0	0	1	100.0000	
7411	沩	0	0	11	100.0000	
7412	咝	0	0	4	100.0000	
7413	締	0	0	12	100.0000	
7414	螛	0	0	1	100.0000	
7415	攆	0	0	1	100.0000	
7416	踉	0	0	9	100.0000	
7417	跄	0	0	2	100.0000	
7418	顎	0	0	5	100.0000	
7419	肱	0	0	5	100.0000	
7420	磏	0	0	1	100.0000	
7421	瞁	0	0	1	100.0000	
7422	穙	0	0	1	100.0000	
7423	濛	0	0	7	100.0000	
7424	庤	0	0	1	100.0000	
7425	驩	0	0	1	100.0000	
7426	堀	0	0	20	100.0000	
7427	濡	0	0	6	100.0000	
7428	毂	0	0	8	100.0000	
7429	迾	0	0	1	100.0000	
7430	炾	0	0	1	100.0000	
7431	獼	0	0	6	100.0000	
7432	牉	0	0	1	100.0000	
7433	髭	0	0	4	100.0000	
7434	誊	0	0	10	100.0000	
7435	濱	0	0	29	100.0000	
7436	禺	0	0	4	100.0000	
7437	箸	0	0	1	100.0000	
7438	桯	0	0	1	100.0000	
7439	盕	0	0	1	100.0000	
7440	瞚	0	0	1	100.0000	
7441	絶	0	0	1	100.0000	
7442	譲	0	0	1	100.0000	
7443	铱	0	0	2	100.0000	
7444	閻	0	0	12	100.0000	
7445	蕙	0	0	18	100.0000	
7446	滗	0	0	1	100.0000	
7447	嶽	0	0	1	100.0000	
7448	亳	0	0	6	100.0000	
7449	嬡	0	0	2	100.0000	
7450	倛	0	0	1	100.0000	
7451	呓	0	0	6	100.0000	
7452	綥	0	0	1	100.0000	
7453	猕	0	0	2	100.0000	
7454	妘	0	0	2	100.0000	
7455	檻	0	0	2	100.0000	
7456	枻	0	0	1	100.0000	
7457	坂	0	0	93	100.0000	
7458	翊	0	0	4	100.0000	
7459	龚	0	0	14	100.0000	
7460	缶	0	0	1	100.0000	
7461	梛	0	0	1	100.0000	
7462	鰻	0	0	10	100.0000	
7463	嗙	0	0	1	100.0000	
7464	偆	0	0	1	100.0000	
7465	翳	0	0	5	100.0000	
7466	铯	0	0	1	100.0000	
7467	釓	0	0	1	100.0000	
7468	扽	0	0	1	100.0000	
7469	踴	0	0	4	100.0000	
7470	緉	0	0	1	100.0000	
7471	鉅	0	0	14	100.0000	
7472	窸	0	0	1	100.0000	
7473	綸	0	0	12	100.0000	
7474	繾	0	0	1	100.0000	
7475	呁	0	0	1	100.0000	
7476	轆	0	0	3	100.0000	
7477	礞	0	0	6	100.0000	
7478	枓	0	0	1	100.0000	
7479	酉	0	0	13	100.0000	
7480	琋	0	0	1	100.0000	
7481	鸾	0	0	13	100.0000	
7482	掭	0	0	1	100.0000	
7483	爿	0	0	1	100.0000	
7484	甯	0	0	1	100.0000	
7485	矯	0	0	14	100.0000	
7486	舛	0	0	4	100.0000	
7487	砅	0	0	1	100.0000	
7488	彊	0	0	1	100.0000	
7489	岐	0	0	39	100.0000	
7490	舂	0	0	1	100.0000	
7491	檄	0	0	5	100.0000	
7492	郬	0	0	1	100.0000	
7493	滝	0	0	3	100.0000	
7494	鸢	0	0	11	100.0000	
7495	佟	0	0	9	100.0000	
7496	淬	0	0	6	100.0000	
7497	佘	0	0	12	100.0000	
7498	螖	0	0	1	100.0000	
7499	唻	0	0	1	100.0000	
7500	嗥	0	0	6	100.0000	
7501	忸	0	0	3	100.0000	
7502	怩	0	0	3	100.0000	
7503	鯉	0	0	3	100.0000	
7504	愆	0	0	2	100.0000	
7505	剞	0	0	1	100.0000	
7506	滢	0	0	4	100.0000	
7507	镫	0	0	3	100.0000	
7508	籷	0	0	1	100.0000	
7509	钍	0	0	1	100.0000	
7510	澀	0	0	20	100.0000	
7511	鎯	0	0	1	100.0000	
7512	朧	0	0	11	100.0000	
7513	閡	0	0	6	100.0000	
7514	矓	0	0	6	100.0000	
7515	倠	0	0	1	100.0000	
7516	芴	0	0	1	100.0000	
7517	耤	0	0	1	100.0000	
7518	釦	0	0	2	100.0000	
7519	璢	0	0	1	100.0000	
7520	哢	0	0	1	100.0000	
7521	醡	0	0	1	100.0000	
7522	嗐	0	0	1	100.0000	
7523	咘	0	0	1	100.0000	
7524	鳌	0	0	4	100.0000	
7525	呶	0	0	1	100.0000	
7526	珞	0	0	8	100.0000	
7527	厗	0	0	1	100.0000	
7528	吅	0	0	1	100.0000	
7529	橆	0	0	1	100.0000	
7530	澪	0	0	26	100.0000	
7531	噚	0	0	1	100.0000	
7532	纃	0	0	1	100.0000	
7533	沣	0	0	4	100.0000	
7534	稔	0	0	12	100.0000	
7535	槨	0	0	3	100.0000	
7536	虴	0	0	1	100.0000	
7537	磡	0	0	1	100.0000	
7538	萼	0	0	7	100.0000	
7539	洸	0	0	1	100.0000	
7540	堰	0	0	28	100.0000	
7541	糠	0	0	12	100.0000	
7542	錮	0	0	2	100.0000	
7543	糹	0	0	1	100.0000	
7544	桸	0	0	1	100.0000	
7545	楨	0	0	3	100.0000	
7546	呪	0	0	1	100.0000	
7547	蠄	0	0	1	100.0000	
7548	阢	0	0	1	100.0000	
7549	坯	0	0	19	100.0000	
7550	珥	0	0	8	100.0000	
7551	礡	0	0	1	100.0000	
7552	寅	0	0	16	100.0000	
7553	哧	0	0	12	100.0000	
7554	鬟	0	0	4	100.0000	
7555	扦	0	0	7	100.0000	
7556	歃	0	0	4	100.0000	
7557	詠	0	0	15	100.0000	
7558	埥	0	0	1	100.0000	
7559	啎	0	0	1	100.0000	
7560	涖	0	0	1	100.0000	
7561	岑	0	0	31	100.0000	
7562	黥	0	0	1	100.0000	
7563	玞	0	0	1	100.0000	
7564	衶	0	0	1	100.0000	
7565	怍	0	0	2	100.0000	
7566	軋	0	0	7	100.0000	
7567	瑄	0	0	7	100.0000	
7568	娆	0	0	3	100.0000	
7569	閟	0	0	1	100.0000	
7570	璼	0	0	1	100.0000	
7571	缷	0	0	1	100.0000	
7572	珧	0	0	2	100.0000	
7573	鬈	0	0	1	100.0000	
7574	谗	0	0	7	100.0000	
7575	庋	0	0	1	100.0000	
7576	鹼	0	0	15	100.0000	
7577	琡	0	0	1	100.0000	
7578	泫	0	0	1	100.0000	
7579	崙	0	0	8	100.0000	
7580	绺	0	0	1	100.0000	
7581	嘜	0	0	1	100.0000	
7582	谿	0	0	1	100.0000	
7583	猢	0	0	3	100.0000	
7584	狲	0	0	5	100.0000	
7585	呖	0	0	5	100.0000	
7586	隹	0	0	2	100.0000	
7587	蒾	0	0	1	100.0000	
7588	単	0	0	1	100.0000	
7589	榣	0	0	1	100.0000	
7590	媞	0	0	20	100.0000	
7591	鈷	0	0	1	100.0000	
7592	坅	0	0	1	100.0000	
7593	隣	0	0	1	100.0000	
7594	趺	0	0	5	100.0000	
7595	淒	0	0	10	100.0000	
7596	曄	0	0	6	100.0000	
7597	縟	0	0	1	100.0000	
7598	罈	0	0	1	100.0000	
7599	斂	0	0	10	100.0000	
7600	攣	0	0	5	100.0000	
7601	竩	0	0	1	100.0000	
7602	飜	0	0	1	100.0000	
7603	俷	0	0	1	100.0000	
7604	揖	0	0	6	100.0000	
7605	皓	0	0	17	100.0000	
7606	挹	0	0	3	100.0000	
7607	苫	0	0	1	100.0000	
7608	頃	0	0	11	100.0000	
7609	噃	0	0	1	100.0000	
7610	猦	0	0	1	100.0000	
7611	紡	0	0	11	100.0000	
7612	餒	0	0	4	100.0000	
7613	殯	0	0	9	100.0000	
7614	蹣	0	0	1	100.0000	
7615	孿	0	0	2	100.0000	
7616	頹	0	0	11	100.0000	
7617	繳	0	0	61	100.0000	
7618	徕	0	0	8	100.0000	
7619	饫	0	0	1	100.0000	
7620	鳝	0	0	14	100.0000	
7621	簪	0	0	13	100.0000	
7622	汩	0	0	4	100.0000	
7623	綣	0	0	1	100.0000	
7624	銼	0	0	1	100.0000	
7625	燄	0	0	1	100.0000	
7626	稜	0	0	1	100.0000	
7627	戺	0	0	1	100.0000	
7628	婈	0	0	1	100.0000	
7629	珔	0	0	1	100.0000	
7630	膈	0	0	4	100.0000	
7631	滏	0	0	7	100.0000	
7632	粱	0	0	16	100.0000	
7633	弒	0	0	3	100.0000	
7634	樊	0	0	27	100.0000	
7635	玝	0	0	1	100.0000	
7636	箝	0	0	4	100.0000	
7637	佌	0	0	1	100.0000	
7638	蚻	0	0	1	100.0000	
7639	酎	0	0	1	100.0000	
7640	誅	0	0	4	100.0000	
7641	刍	0	0	6	100.0000	
7642	涪	0	0	3	100.0000	
7643	萵	0	0	6	100.0000	
7644	甴	0	0	2	100.0000	
7645	炆	0	0	1	100.0000	
7646	氹	0	0	2	100.0000	
7647	飕	0	0	4	100.0000	
7648	糓	0	0	1	100.0000	
7649	笫	0	0	1	100.0000	
7650	扥	0	0	1	100.0000	
7651	耊	0	0	1	100.0000	
7652	圜	0	0	4	100.0000	
7653	鉶	0	0	1	100.0000	
7654	傺	0	0	1	100.0000	
7655	萪	0	0	1	100.0000	
7656	磘	0	0	1	100.0000	
7657	锔	0	0	1	100.0000	
7658	増	0	0	1	100.0000	
7659	悩	0	0	1	100.0000	
7660	轲	0	0	4	100.0000	
7661	毽	0	0	6	100.0000	
7662	茠	0	0	1	100.0000	
7663	唑	0	0	13	100.0000	
7664	袞	0	0	3	100.0000	
7665	嶝	0	0	1	100.0000	
7666	葳	0	0	26	100.0000	
7667	桜	0	0	1	100.0000	
7668	讴	0	0	3	100.0000	
7669	踯	0	0	1	100.0000	
7670	躅	0	0	3	100.0000	
7671	娓	0	0	3	100.0000	
7672	呑	0	0	1	100.0000	
7673	輦	0	0	2	100.0000	
7674	痤	0	0	3	100.0000	
7675	怄	0	0	2	100.0000	
7676	杈	0	0	5	100.0000	
7677	耭	0	0	1	100.0000	
7678	廝	0	0	14	100.0000	
7679	稨	0	0	1	100.0000	
7680	汙	0	0	12	100.0000	
7681	丕	0	0	14	100.0000	
7682	罅	0	0	2	100.0000	
7683	刳	0	0	1	100.0000	
7684	戕	0	0	10	100.0000	
7685	羟	0	0	8	100.0000	
7686	嬝	0	0	1	100.0000	
7687	蘊	0	0	20	100.0000	
7688	覬	0	0	2	100.0000	
7689	覦	0	0	3	100.0000	
7690	沆	0	0	3	100.0000	
7691	瀣	0	0	1	100.0000	
7692	嘰	0	0	18	100.0000	
7693	曠	0	0	19	100.0000	
7694	諱	0	0	6	100.0000	
7695	麂	0	0	2	100.0000	
7696	赭	0	0	6	100.0000	
7697	舨	0	0	1	100.0000	
7698	氿	0	0	1	100.0000	
7699	箐	0	0	1	100.0000	
7700	嫲	0	0	1	100.0000	
7701	韌	0	0	12	100.0000	
7702	桁	0	0	7	100.0000	
7703	韶	0	0	22	100.0000	
7704	羦	0	0	1	100.0000	
7705	乸	0	0	1	100.0000	
7706	籛	0	0	1	100.0000	
7707	糬	0	0	1	100.0000	
7708	妺	0	0	1	100.0000	
7709	漭	0	0	1	100.0000	
7710	厖	0	0	1	100.0000	
7711	吪	0	0	1	100.0000	
7712	跂	0	0	1	100.0000	
7713	畚	0	0	2	100.0000	
7714	镛	0	0	7	100.0000	
7715	堔	0	0	1	100.0000	
7716	娑	0	0	3	100.0000	
7717	沷	0	0	1	100.0000	
7718	诳	0	0	4	100.0000	
7719	伅	0	0	1	100.0000	
7720	頏	0	0	1	100.0000	
7721	伂	0	0	1	100.0000	
7722	侂	0	0	1	100.0000	
7723	啻	0	0	2	100.0000	
7724	祁	0	0	19	100.0000	
7725	巹	0	0	1	100.0000	
7726	蘃	0	0	1	100.0000	
7727	愎	0	0	4	100.0000	
7728	袉	0	0	1	100.0000	
7729	閙	0	0	1	100.0000	
7730	蠶	0	0	23	100.0000	
7731	袨	0	0	1	100.0000	
7732	祛	0	0	19	100.0000	
7733	殚	0	0	7	100.0000	
7734	茌	0	0	2	100.0000	
7735	軑	0	0	1	100.0000	
7736	蚽	0	0	1	100.0000	
7737	劚	0	0	1	100.0000	
7738	磎	0	0	1	100.0000	
7739	湫	0	0	1	100.0000	
7740	潼	0	0	11	100.0000	
7741	荂	0	0	1	100.0000	
7742	戻	0	0	1	100.0000	
7743	禓	0	0	1	100.0000	
7744	沲	0	0	1	100.0000	
7745	阒	0	0	2	100.0000	
7746	筲	0	0	2	100.0000	
7747	犖	0	0	5	100.0000	
7748	鲳	0	0	4	100.0000	
7749	聅	0	0	1	100.0000	
7750	誁	0	0	1	100.0000	
7751	饞	0	0	3	100.0000	
7752	豉	0	0	14	100.0000	
7753	誡	0	0	11	100.0000	
7754	莩	0	0	1	100.0000	
7755	艫	0	0	2	100.0000	
7756	铒	0	0	1	100.0000	
7757	笶	0	0	1	100.0000	
7758	咤	0	0	9	100.0000	
7759	鐐	0	0	5	100.0000	
7760	饬	0	0	2	100.0000	
7761	腲	0	0	1	100.0000	
7762	訌	0	0	2	100.0000	
7763	酯	0	0	16	100.0000	
7764	竢	0	0	1	100.0000	
7765	汃	0	0	1	100.0000	
7766	箋	0	0	6	100.0000	
7767	猐	0	0	2	100.0000	
7768	襠	0	0	11	100.0000	
7769	団	0	0	1	100.0000	
7770	帡	0	0	1	100.0000	
7771	甽	0	0	1	100.0000	
7772	乩	0	0	3	100.0000	
7773	噔	0	0	2	100.0000	
7774	鐧	0	0	2	100.0000	
7775	蚧	0	0	2	100.0000	
7776	蕈	0	0	5	100.0000	
7777	埰	0	0	1	100.0000	
7778	砹	0	0	1	100.0000	
7779	齧	0	0	1	100.0000	
7780	郧	0	0	12	100.0000	
7781	袛	0	0	3	100.0000	
7782	蚬	0	0	3	100.0000	
7783	玾	0	0	1	100.0000	
7784	闰	0	0	12	100.0000	
7785	棗	0	0	13	100.0000	
7786	沪	0	0	7	100.0000	
7787	萺	0	0	1	100.0000	
7788	齷	0	0	3	100.0000	
7789	齪	0	0	6	100.0000	
7790	晌	0	0	17	100.0000	
7791	蟄	0	0	7	100.0000	
7792	褡	0	0	3	100.0000	
7793	幛	0	0	4	100.0000	
7794	恹	0	0	2	100.0000	
7795	緯	0	0	11	100.0000	
7796	醞	0	0	4	100.0000	
7797	蛟	0	0	9	100.0000	
7798	辕	0	0	7	100.0000	
7799	礫	0	0	6	100.0000	
7800	塒	0	0	1	100.0000	
7801	寀	0	0	1	100.0000	
7802	玁	0	0	1	100.0000	
7803	奩	0	0	1	100.0000	
7804	鑑	0	0	20	100.0000	
7805	囖	0	0	1	100.0000	
7806	搣	0	0	1	100.0000	
7807	栎	0	0	5	100.0000	
7808	鷸	0	0	1	100.0000	
7809	霏	0	0	2	100.0000	
7810	縑	0	0	1	100.0000	
7811	儴	0	0	1	100.0000	
7812	垌	0	0	6	100.0000	
7813	蜧	0	0	1	100.0000	
7814	幄	0	0	5	100.0000	
7815	俬	0	0	2	100.0000	
7816	恛	0	0	1	100.0000	
7817	耾	0	0	1	100.0000	
7818	蜱	0	0	1	100.0000	
7819	燮	0	0	22	100.0000	
7820	閚	0	0	1	100.0000	
7821	秷	0	0	1	100.0000	
7822	艼	0	0	1	100.0000	
7823	譎	0	0	7	100.0000	
7824	幡	0	0	11	100.0000	
7825	眘	0	0	1	100.0000	
7826	鱒	0	0	8	100.0000	
7827	菖	0	0	6	100.0000	
7828	煖	0	0	2	100.0000	
7829	笣	0	0	1	100.0000	
7830	磛	0	0	1	100.0000	
7831	戌	0	0	14	100.0000	
7832	噥	0	0	5	100.0000	
7833	鏝	0	0	1	100.0000	
7834	擭	0	0	1	100.0000	
7835	窅	0	0	1	100.0000	
7836	屣	0	0	4	100.0000	
7837	胥	0	0	15	100.0000	
7838	迨	0	0	1	100.0000	
7839	薔	0	0	10	100.0000	
7840	诹	0	0	1	100.0000	
7841	槤	0	0	1	100.0000	
7842	矨	0	0	1	100.0000	
7843	訾	0	0	2	100.0000	
7844	鲼	0	0	1	100.0000	
7845	攰	0	0	1	100.0000	
7846	彖	0	0	1	100.0000	
7847	鋤	0	0	5	100.0000	
7848	秔	0	0	1	100.0000	
7849	覷	0	0	3	100.0000	
7850	璇	0	0	5	100.0000	
7851	劄	0	0	1	100.0000	
7852	骀	0	0	1	100.0000	
7853	熾	0	0	14	100.0000	
7854	蹚	0	0	1	100.0000	
7855	龇	0	0	2	100.0000	
7856	堑	0	0	5	100.0000	
7857	翲	0	0	1	100.0000	
7858	轱	0	0	5	100.0000	
7859	痽	0	0	1	100.0000	
7860	翭	0	0	1	100.0000	
7861	猲	0	0	1	100.0000	
7862	侪	0	0	2	100.0000	
7863	胣	0	0	1	100.0000	
7864	珅	0	0	2	100.0000	
7865	辋	0	0	1	100.0000	
7866	呥	0	0	1	100.0000	
7867	醩	0	0	1	100.0000	
7868	炤	0	0	2	100.0000	
7869	汨	0	0	3	100.0000	
7870	鹪	0	0	2	100.0000	
7871	鹩	0	0	3	100.0000	
7872	嗟	0	0	6	100.0000	
7873	傰	0	0	1	100.0000	
7874	黴	0	0	19	100.0000	
7875	珓	0	0	1	100.0000	
7876	棫	0	0	1	100.0000	
7877	糂	0	0	1	100.0000	
7878	蛐	0	0	3	100.0000	
7879	鲽	0	0	1	100.0000	
7880	褔	0	0	2	100.0000	
7881	蟥	0	0	1	100.0000	
7882	巍	0	0	18	100.0000	
7883	粣	0	0	1	100.0000	
7884	婤	0	0	1	100.0000	
7885	佇	0	0	3	100.0000	
7886	脛	0	0	4	100.0000	
7887	淖	0	0	2	100.0000	
7888	哫	0	0	1	100.0000	
7889	昫	0	0	1	100.0000	
7890	溘	0	0	5	100.0000	
7891	蠑	0	0	1	100.0000	
7892	貳	0	0	2	100.0000	
7893	邯	0	0	3	100.0000	
7894	晷	0	0	6	100.0000	
7895	槐	0	0	13	100.0000	HSK7-9
7896	鎂	0	0	2	100.0000	
7897	緖	0	0	1	100.0000	
7898	瑾	0	0	15	100.0000	
7899	婞	0	0	1	100.0000	
7900	苨	0	0	1	100.0000	
7901	爰	0	0	1	100.0000	
7902	榖	0	0	1	100.0000	
7903	扆	0	0	1	100.0000	
7904	徆	0	0	1	100.0000	
7905	菔	0	0	3	100.0000	
7906	郰	0	0	1	100.0000	
7907	韒	0	0	1	100.0000	
7908	筢	0	0	1	100.0000	
7909	玃	0	0	1	100.0000	
7910	聈	0	0	1	100.0000	
7911	硏	0	0	3	100.0000	
7912	詆	0	0	2	100.0000	
7913	鞴	0	0	1	100.0000	
7914	溆	0	0	6	100.0000	
7915	醤	0	0	1	100.0000	
7916	螡	0	0	1	100.0000	
7917	嚆	0	0	2	100.0000	
7918	廸	0	0	1	100.0000	
7919	熵	0	0	2	100.0000	
7920	鲗	0	0	1	100.0000	
7921	鈽	0	0	1	100.0000	
7922	揿	0	0	1	100.0000	
7923	谌	0	0	7	100.0000	
7924	沤	0	0	1	100.0000	
7925	簷	0	0	5	100.0000	
7926	忖	0	0	4	100.0000	
7927	碅	0	0	1	100.0000	
7928	囫	0	0	5	100.0000	
7929	囵	0	0	4	100.0000	
7930	疺	0	0	1	100.0000	
7931	埸	0	0	1	100.0000	
7932	侷	0	0	1	100.0000	
7933	秇	0	0	1	100.0000	
7934	抇	0	0	1	100.0000	
7935	抸	0	0	2	100.0000	
7936	玠	0	0	1	100.0000	
7937	瑩	0	0	15	100.0000	
7938	瑶	0	0	34	100.0000	
7939	嫡	0	0	10	100.0000	
7940	邟	0	0	1	100.0000	
7941	诘	0	0	5	100.0000	
7942	戗	0	0	2	100.0000	
7943	懾	0	0	8	100.0000	
7944	墬	0	0	1	100.0000	
7945	簒	0	0	1	100.0000	
7946	薺	0	0	5	100.0000	
7947	鐺	0	0	10	100.0000	
7948	汴	0	0	3	100.0000	
7949	阞	0	0	1	100.0000	
7950	甬	0	0	3	100.0000	
7951	辻	0	0	7	100.0000	
7952	眄	0	0	1	100.0000	
7953	掎	0	0	10	100.0000	
7954	媸	0	0	2	100.0000	
7955	珉	0	0	22	100.0000	
7956	鯡	0	0	2	100.0000	
7957	礴	0	0	5	100.0000	
7958	赸	0	0	1	100.0000	
7959	皃	0	0	1	100.0000	
7960	曇	0	0	3	100.0000	
7961	戊	0	0	16	100.0000	
7962	誑	0	0	4	100.0000	
7963	篯	0	0	1	100.0000	
7964	鏘	0	0	9	100.0000	
7965	鴕	0	0	2	100.0000	
7966	挐	0	0	1	100.0000	
7967	蕎	0	0	5	100.0000	
7968	畝	0	0	18	100.0000	
7969	粳	0	0	6	100.0000	
7970	弾	0	0	1	100.0000	
7971	昕	0	0	15	100.0000	
7972	锗	0	0	1	100.0000	
7973	蓑	0	0	7	100.0000	
7974	梠	0	0	1	100.0000	
7975	蚞	0	0	1	100.0000	
7976	鑼	0	0	21	100.0000	
7977	桾	0	0	1	100.0000	
7978	郗	0	0	8	100.0000	
7979	櫢	0	0	1	100.0000	
7980	祿	0	0	31	100.0000	
7981	蚥	0	0	1	100.0000	
7982	彤	0	0	31	100.0000	
7983	蝟	0	0	1	100.0000	
7984	籣	0	0	1	100.0000	
7985	鰓	0	0	2	100.0000	
7986	餍	0	0	1	100.0000	
7987	踽	0	0	3	100.0000	
7988	嵴	0	0	1	100.0000	
7989	紼	0	0	1	100.0000	
7990	蜣	0	0	2	100.0000	
7991	瓚	0	0	7	100.0000	
7992	殇	0	0	4	100.0000	
7993	眐	0	0	1	100.0000	
7994	漒	0	0	1	100.0000	
7995	耒	0	0	4	100.0000	
7996	剀	0	0	4	100.0000	
7997	蒃	0	0	1	100.0000	
7998	巻	0	0	1	100.0000	
7999	疇	0	0	9	100.0000	
8000	庨	0	0	1	100.0000	
8001	谰	0	0	3	100.0000	
8002	餸	0	0	1	100.0000	
8003	赲	0	0	1	100.0000	
8004	盻	0	0	1	100.0000	
8005	眊	0	0	1	100.0000	
8006	堁	0	0	1	100.0000	
8007	疥	0	0	6	100.0000	
8008	鑭	0	0	1	100.0000	
8009	餚	0	0	4	100.0000	
8010	螌	0	0	1	100.0000	
8011	葮	0	0	1	100.0000	
8012	鶫	0	0	1	100.0000	
8013	羌	0	0	14	100.0000	
8014	粧	0	0	1	100.0000	
8015	臻	0	0	9	100.0000	
8016	讫	0	0	5	100.0000	
8017	泱	0	0	5	100.0000	
8018	諭	0	0	11	100.0000	
8019	瘧	0	0	6	100.0000	
8020	檫	0	0	1	100.0000	
8021	湴	0	0	1	100.0000	
8022	饴	0	0	6	100.0000	
8023	芧	0	0	1	100.0000	
8024	萋	0	0	2	100.0000	
8025	蚩	0	0	9	100.0000	
8026	呿	0	0	1	100.0000	
8027	咇	0	0	1	100.0000	
8028	笳	0	0	2	100.0000	
8029	悽	0	0	1	100.0000	
8030	嗔	0	0	4	100.0000	
8031	旖	0	0	4	100.0000	
8032	旎	0	0	2	100.0000	
8033	鬢	0	0	5	100.0000	
8034	秗	0	0	1	100.0000	
8035	皛	0	0	4	100.0000	
8036	婝	0	0	1	100.0000	
8037	饽	0	0	2	100.0000	
8038	峚	0	0	1	100.0000	
8039	虻	0	0	3	100.0000	
8040	肄	0	0	6	100.0000	
8041	闼	0	0	2	100.0000	
8042	奘	0	0	14	100.0000	
8043	闾	0	0	12	100.0000	
8044	継	0	0	1	100.0000	
8045	筊	0	0	1	100.0000	
8046	耄	0	0	3	100.0000	
8047	渧	0	0	1	100.0000	
8048	瘜	0	0	1	100.0000	
8049	祯	0	0	4	100.0000	
8050	翎	0	0	10	100.0000	
8051	烃	0	0	5	100.0000	
8052	銖	0	0	11	100.0000	
8053	崝	0	0	1	100.0000	
8054	孳	0	0	2	100.0000	
8055	罥	0	0	1	100.0000	
8056	鬨	0	0	2	100.0000	
8057	坶	0	0	1	100.0000	
8058	噏	0	0	1	100.0000	
8059	睢	0	0	2	100.0000	
8060	卅	0	0	16	100.0000	
8061	鏃	0	0	1	100.0000	
8062	谆	0	0	3	100.0000	
8063	玹	0	0	1	100.0000	
8064	燔	0	0	1	100.0000	
8065	蝋	0	0	1	100.0000	
8066	櫚	0	0	14	100.0000	
8067	銑	0	0	2	100.0000	
8068	祧	0	0	1	100.0000	
8069	裃	0	0	1	100.0000	
8070	磲	0	0	24	100.0000	
8071	阋	0	0	6	100.0000	
8072	汾	0	0	8	100.0000	
8073	碊	0	0	1	100.0000	
8074	鸬	0	0	3	100.0000	
8075	鹚	0	0	2	100.0000	
8076	鸱	0	0	1	100.0000	
8077	嘥	0	0	1	100.0000	
8078	鳐	0	0	1	100.0000	
8079	佺	0	0	1	100.0000	
8080	鸸	0	0	2	100.0000	
8081	鹋	0	0	1	100.0000	
8082	鲇	0	0	5	100.0000	
8083	髯	0	0	3	100.0000	
8084	蒓	0	0	1	100.0000	
8085	忷	0	0	1	100.0000	
8086	昊	0	0	18	100.0000	
8087	劻	0	0	1	100.0000	
8088	嵗	0	0	1	100.0000	
8089	蔭	0	0	22	100.0000	
8090	鈞	0	0	3	100.0000	
8091	傈	0	0	3	100.0000	
8092	誦	0	0	24	100.0000	
8093	癦	0	0	1	100.0000	
8094	盫	0	0	1	100.0000	
8095	砠	0	0	1	100.0000	
8096	崞	0	0	1	100.0000	
8097	璴	0	0	1	100.0000	
8098	緕	0	0	1	100.0000	
8099	徳	0	0	8	100.0000	
8100	炔	0	0	3	100.0000	
8101	屢	0	0	10	100.0000	
8102	枍	0	0	1	100.0000	
8103	燠	0	0	5	100.0000	
8104	笪	0	0	1	100.0000	
8105	玧	0	0	1	100.0000	
8106	箌	0	0	1	100.0000	
8107	砝	0	0	3	100.0000	
8108	穠	0	0	1	100.0000	
8109	嶇	0	0	6	100.0000	
8110	紽	0	0	1	100.0000	
8111	懑	0	0	1	100.0000	
8112	郤	0	0	3	100.0000	
8113	喠	0	0	1	100.0000	
8114	佶	0	0	9	100.0000	
8115	螕	0	0	1	100.0000	
8116	衧	0	0	1	100.0000	
8117	榫	0	0	2	100.0000	
8118	枺	0	0	1	100.0000	
8119	粵	0	0	16	100.0000	
8120	戥	0	0	1	100.0000	
8121	闕	0	0	3	100.0000	
8122	鈉	0	0	3	100.0000	
8123	悕	0	0	1	100.0000	
8124	槁	0	0	7	100.0000	
8125	曜	0	0	4	100.0000	
8126	峊	0	0	1	100.0000	
8127	鋰	0	0	7	100.0000	
8128	莢	0	0	8	100.0000	
8129	墾	0	0	8	100.0000	
8130	烨	0	0	8	100.0000	
8131	砟	0	0	2	100.0000	
8132	衆	0	0	1	100.0000	
8133	鰭	0	0	12	100.0000	
8134	匢	0	0	1	100.0000	
8135	帼	0	0	6	100.0000	
8136	谶	0	0	2	100.0000	
8137	犇	0	0	1	100.0000	
8138	绛	0	0	5	100.0000	
8139	嵬	0	0	10	100.0000	
8140	薜	0	0	8	100.0000	
8141	耆	0	0	10	100.0000	
8142	栯	0	0	1	100.0000	
8143	葇	0	0	1	100.0000	
8144	嬛	0	0	1	100.0000	
8145	覗	0	0	1	100.0000	
8146	滟	0	0	4	100.0000	
8147	嫱	0	0	4	100.0000	
8148	愷	0	0	7	100.0000	
8149	螆	0	0	1	100.0000	
8150	蒄	0	0	1	100.0000	
8151	箧	0	0	2	100.0000	
8152	瓿	0	0	2	100.0000	
8153	耡	0	0	1	100.0000	
8154	窓	0	0	1	100.0000	
8155	従	0	0	1	100.0000	
8156	哙	0	0	3	100.0000	
8157	溲	0	0	1	100.0000	
8158	潟	0	0	2	100.0000	
8159	氩	0	0	2	100.0000	
8160	橹	0	0	2	100.0000	
8161	瑉	0	0	1	100.0000	
8162	鹗	0	0	2	100.0000	
8163	髇	0	0	1	100.0000	
8164	岉	0	0	1	100.0000	
8165	鈾	0	0	3	100.0000	
8166	桧	0	0	13	100.0000	
8167	钋	0	0	1	100.0000	
8168	牊	0	0	1	100.0000	
8169	凅	0	0	1	100.0000	
8170	嘐	0	0	1	100.0000	
8171	簣	0	0	3	100.0000	
8172	俎	0	0	6	100.0000	
8173	逜	0	0	1	100.0000	
8174	粼	0	0	3	100.0000	
8175	熤	0	0	1	100.0000	
8176	砶	0	0	1	100.0000	
8177	睮	0	0	1	100.0000	
8178	忭	0	0	2	100.0000	
8179	縝	0	0	2	100.0000	
8180	埴	0	0	1	100.0000	
8181	奼	0	0	1	100.0000	
8182	暪	0	0	1	100.0000	
8183	邹	0	0	13	100.0000	
8184	獒	0	0	4	100.0000	
8185	骟	0	0	1	100.0000	
8186	粃	0	0	1	100.0000	
8187	嶂	0	0	2	100.0000	
8188	剟	0	0	1	100.0000	
8189	淂	0	0	1	100.0000	
8190	脔	0	0	1	100.0000	
8191	仴	0	0	1	100.0000	
8192	龕	0	0	2	100.0000	
8193	耪	0	0	1	100.0000	
8194	訃	0	0	5	100.0000	
8195	簁	0	0	1	100.0000	
8196	郛	0	0	1	100.0000	
8197	忴	0	0	1	100.0000	
8198	鹵	0	0	6	100.0000	
8199	栄	0	0	3	100.0000	
8200	賍	0	0	1	100.0000	
8201	稹	0	0	9	100.0000	
8202	趹	0	0	1	100.0000	
8203	韙	0	0	3	100.0000	
8204	菰	0	0	1	100.0000	
8205	膢	0	0	1	100.0000	
8206	孭	0	0	1	100.0000	
8207	馐	0	0	3	100.0000	
8208	葚	0	0	2	100.0000	
8209	捄	0	0	1	100.0000	
8210	拏	0	0	1	100.0000	
8211	掄	0	0	1	100.0000	
8212	脣	0	0	2	100.0000	
8213	囷	0	0	1	100.0000	
8214	詡	0	0	2	100.0000	
8215	衊	0	0	4	100.0000	
8216	瓬	0	0	1	100.0000	
8217	瑭	0	0	2	100.0000	
8218	郯	0	0	2	100.0000	
8219	萆	0	0	1	100.0000	
8220	璦	0	0	1	100.0000	
8221	醪	0	0	2	100.0000	
8222	椋	0	0	2	100.0000	
8223	鎵	0	0	2	100.0000	
8224	韘	0	0	1	100.0000	
8225	雎	0	0	8	100.0000	
8226	漣	0	0	4	100.0000	
8227	鏰	0	0	1	100.0000	
8228	黉	0	0	1	100.0000	
8229	跣	0	0	1	100.0000	
8230	軚	0	0	1	100.0000	
8231	濯	0	0	2	100.0000	
8232	隳	0	0	1	100.0000	
8233	荀	0	0	4	100.0000	
8234	碸	0	0	1	100.0000	
8235	犽	0	0	1	100.0000	
8236	籘	0	0	1	100.0000	
8237	邬	0	0	9	100.0000	
8238	衞	0	0	1	100.0000	
8239	赱	0	0	1	100.0000	
8240	柾	0	0	1	100.0000	
8241	磙	0	0	27	100.0000	
8242	鉢	0	0	1	100.0000	
8243	僎	0	0	1	100.0000	
8244	痄	0	0	11	100.0000	
8245	貘	0	0	1	100.0000	
8246	圮	0	0	1	100.0000	
8247	霭	0	0	9	100.0000	
8248	闌	0	0	6	100.0000	
8249	俔	0	0	1	100.0000	
8250	汕	0	0	9	100.0000	
8251	铵	0	0	12	100.0000	
8252	梪	0	0	1	100.0000	
8253	嫚	0	0	4	100.0000	
8254	忨	0	0	1	100.0000	
8255	绥	0	0	10	100.0000	
8256	挍	0	0	1	100.0000	
8257	犭	0	0	1	100.0000	
8258	礳	0	0	1	100.0000	
8259	経	0	0	1	100.0000	
8260	麩	0	0	6	100.0000	
8261	猙	0	0	1	100.0000	
8262	钯	0	0	1	100.0000	
8263	谒	0	0	6	100.0000	
8264	囍	0	0	1	100.0000	
8265	殤	0	0	6	100.0000	
8266	旌	0	0	9	100.0000	
8267	勻	0	0	13	100.0000	
8268	鍃	0	0	1	100.0000	
8269	訑	0	0	1	100.0000	
8270	聀	0	0	1	100.0000	
8271	婁	0	0	14	100.0000	
8272	痑	0	0	1	100.0000	
8273	騁	0	0	3	100.0000	
8274	贲	0	0	7	100.0000	
8275	晄	0	0	1	100.0000	
8276	絒	0	0	1	100.0000	
8277	鰾	0	0	2	100.0000	
8278	夆	0	0	1	100.0000	
8279	讦	0	0	7	100.0000	
8280	郖	0	0	1	100.0000	
8281	餞	0	0	5	100.0000	
8282	譏	0	0	6	100.0000	
8283	疢	0	0	1	100.0000	
8284	苄	0	0	4	100.0000	
8285	堯	0	0	9	100.0000	
8286	脁	0	0	1	100.0000	
8287	筯	0	0	1	100.0000	
8288	洨	0	0	1	100.0000	
8289	綑	0	0	1	100.0000	
8290	苓	0	0	18	100.0000	
8291	餾	0	0	8	100.0000	
8292	阈	0	0	4	100.0000	
8293	胉	0	0	1	100.0000	
8294	肵	0	0	1	100.0000	
8295	杶	0	0	1	100.0000	
8296	鎬	0	0	3	100.0000	
8297	鄴	0	0	4	100.0000	
8298	桓	0	0	24	100.0000	
8299	铳	0	0	4	100.0000	
8300	鸛	0	0	3	100.0000	
8301	镧	0	0	1	100.0000	
8302	迳	0	0	4	100.0000	
8303	丼	0	0	1	100.0000	
8304	氙	0	0	3	100.0000	
8305	晔	0	0	4	100.0000	
8306	鵬	0	0	30	100.0000	
8307	観	0	0	1	100.0000	
8308	豊	0	0	1	100.0000	
8309	蚶	0	0	2	100.0000	
8310	艏	0	0	1	100.0000	
8311	摅	0	0	1	100.0000	
8312	蒯	0	0	7	100.0000	
8313	玟	0	0	13	100.0000	
8314	噛	0	0	1	100.0000	
8315	鴈	0	0	1	100.0000	
8316	僶	0	0	1	100.0000	
8317	琲	0	0	1	100.0000	
8318	姍	0	0	13	100.0000	
8319	怼	0	0	4	100.0000	
8320	鉹	0	0	1	100.0000	
8321	掻	0	0	1	100.0000	
8322	伧	0	0	2	100.0000	
8323	緞	0	0	10	100.0000	
8324	擀	0	0	4	100.0000	
8325	赀	0	0	3	100.0000	
8326	汊	0	0	1	100.0000	
8327	眛	0	0	1	100.0000	
8328	冔	0	0	1	100.0000	
8329	颦	0	0	4	100.0000	
8330	哕	0	0	1	100.0000	
8331	梒	0	0	1	100.0000	
8332	谥	0	0	1	100.0000	
8333	翟	0	0	16	100.0000	
8334	疘	0	0	1	100.0000	
8335	絰	0	0	1	100.0000	
8336	茞	0	0	1	100.0000	
8337	礖	0	0	1	100.0000	
8338	脰	0	0	1	100.0000	
8339	蒎	0	0	1	100.0000	
8340	軠	0	0	1	100.0000	
8341	烚	0	0	1	100.0000	
8342	霪	0	0	2	100.0000	
8343	杷	0	0	6	100.0000	
8344	臈	0	0	1	100.0000	
8345	衽	0	0	2	100.0000	
8346	觭	0	0	1	100.0000	
8347	汚	0	0	1	100.0000	
8348	髹	0	0	1	100.0000	
8349	狨	0	0	1	100.0000	
8350	昒	0	0	1	100.0000	
8351	繟	0	0	1	100.0000	
8352	萩	0	0	10	100.0000	
8353	汶	0	0	30	100.0000	
8354	篿	0	0	1	100.0000	
8355	罦	0	0	1	100.0000	
8356	氚	0	0	1	100.0000	
8357	荺	0	0	1	100.0000	
8358	伥	0	0	4	100.0000	
8359	稗	0	0	2	100.0000	
8360	沺	0	0	1	100.0000	
8361	膿	0	0	9	100.0000	
8362	舼	0	0	1	100.0000	
8363	譭	0	0	1	100.0000	
8364	摑	0	0	3	100.0000	
8365	罛	0	0	1	100.0000	
8366	糀	0	0	1	100.0000	
8367	忪	0	0	3	100.0000	
8368	彫	0	0	1	100.0000	
8369	襖	0	0	6	100.0000	
8370	篎	0	0	1	100.0000	
8371	搧	0	0	3	100.0000	
8372	筙	0	0	1	100.0000	
8373	痩	0	0	1	100.0000	
8374	鯰	0	0	2	100.0000	
8375	噷	0	0	1	100.0000	
8376	躥	0	0	1	100.0000	
8377	垆	0	0	2	100.0000	
8378	砜	0	0	6	100.0000	
8379	磬	0	0	4	100.0000	
8380	湟	0	0	3	100.0000	
8381	嬗	0	0	10	100.0000	
8382	阆	0	0	13	100.0000	
8383	谫	0	0	1	100.0000	
8384	凫	0	0	1	100.0000	
8385	樋	0	0	5	100.0000	
8386	昱	0	0	9	100.0000	
8387	囁	0	0	1	100.0000	
8388	赧	0	0	4	100.0000	
8389	萠	0	0	1	100.0000	
8390	昅	0	0	1	100.0000	
8391	暉	0	0	6	100.0000	
8392	鰱	0	0	3	100.0000	
8393	釉	0	0	18	100.0000	
8394	撺	0	0	3	100.0000	
8395	庉	0	0	1	100.0000	
8396	糱	0	0	1	100.0000	
8397	疞	0	0	1	100.0000	
8398	詑	0	0	1	100.0000	
8399	鹧	0	0	1	100.0000	
8400	鸪	0	0	1	100.0000	
8401	賅	0	0	3	100.0000	
8402	胼	0	0	2	100.0000	
8403	胝	0	0	3	100.0000	
8404	莨	0	0	4	100.0000	
8405	菪	0	0	2	100.0000	
8406	悭	0	0	5	100.0000	
8407	郜	0	0	3	100.0000	
8408	鵰	0	0	2	100.0000	
8409	獐	0	0	2	100.0000	
8410	謫	0	0	2	100.0000	
8411	眗	0	0	1	100.0000	
8412	腷	0	0	1	100.0000	
8413	儅	0	0	1	100.0000	
8414	辚	0	0	1	100.0000	
8415	荽	0	0	3	100.0000	
8416	腤	0	0	1	100.0000	
8417	曩	0	0	1	100.0000	
8418	紸	0	0	1	100.0000	
8419	帑	0	0	2	100.0000	
8420	詰	0	0	2	100.0000	
8421	祼	0	0	2	100.0000	
8422	缫	0	0	2	100.0000	
8423	庖	0	0	4	100.0000	
8424	訳	0	0	1	100.0000	
8425	脷	0	0	1	100.0000	
8426	謅	0	0	2	100.0000	
8427	昄	0	0	1	100.0000	
8428	猨	0	0	1	100.0000	
8429	虯	0	0	4	100.0000	
8430	妧	0	0	1	100.0000	
8431	槓	0	0	17	100.0000	
8432	疋	0	0	1	100.0000	
8433	缬	0	0	3	100.0000	
8434	踭	0	0	1	100.0000	
8435	溏	0	0	1	100.0000	
8436	崑	0	0	1	100.0000	
8437	幪	0	0	1	100.0000	
8438	瘉	0	0	1	100.0000	
8439	杺	0	0	1	100.0000	
8440	锑	0	0	2	100.0000	
8441	跁	0	0	1	100.0000	
8442	绀	0	0	5	100.0000	
8443	忮	0	0	1	100.0000	
8444	鞮	0	0	1	100.0000	
8445	璋	0	0	11	100.0000	
8446	蠛	0	0	1	100.0000	
8447	峥	0	0	12	100.0000	
8448	耹	0	0	1	100.0000	
8449	捭	0	0	5	100.0000	
8450	渖	0	0	1	100.0000	
8451	闳	0	0	6	100.0000	
8452	渕	0	0	1	100.0000	
8453	铷	0	0	1	100.0000	
8454	橳	0	0	1	100.0000	
8455	抣	0	0	1	100.0000	
8456	冏	0	0	1	100.0000	
8457	凜	0	0	12	100.0000	
8458	欻	0	0	1	100.0000	
8459	蝨	0	0	7	100.0000	
8460	繽	0	0	4	100.0000	
8461	翸	0	0	1	100.0000	
8462	翽	0	0	1	100.0000	
8463	篔	0	0	1	100.0000	
8464	嬪	0	0	7	100.0000	
8465	羄	0	0	1	100.0000	
8466	捯	0	0	1	100.0000	
8467	獷	0	0	2	100.0000	
8468	縜	0	0	1	100.0000	
8469	詌	0	0	1	100.0000	
8470	钼	0	0	1	100.0000	
8471	瞛	0	0	1	100.0000	
8472	紕	0	0	2	100.0000	
8473	迍	0	0	1	100.0000	
8474	厙	0	0	1	100.0000	
8475	疐	0	0	1	100.0000	
8476	窤	0	0	1	100.0000	
8477	褽	0	0	1	100.0000	
8478	陇	0	0	6	100.0000	
8479	繕	0	0	4	100.0000	
8480	髖	0	0	5	100.0000	
8481	芍	0	0	4	100.0000	
8482	飒	0	0	11	100.0000	
8483	蠖	0	0	1	100.0000	
8484	鶯	0	0	7	100.0000	
8485	钆	0	0	1	100.0000	
8486	瞜	0	0	1	100.0000	
8487	鱈	0	0	4	100.0000	
8488	饗	0	0	2	100.0000	
8489	橢	0	0	4	100.0000	
8490	恲	0	0	1	100.0000	
8491	薮	0	0	2	100.0000	
8492	砨	0	0	1	100.0000	
8493	嗞	0	0	1	100.0000	
8494	叡	0	0	1	100.0000	
8495	犢	0	0	4	100.0000	
8496	黾	0	0	1	100.0000	
8497	阼	0	0	1	100.0000	
8498	薹	0	0	5	100.0000	
8499	絥	0	0	1	100.0000	
8500	鯽	0	0	2	100.0000	
8501	婛	0	0	1	100.0000	
8502	爻	0	0	6	100.0000	
8503	聴	0	0	1	100.0000	
8504	胤	0	0	2	100.0000	
8505	唦	0	0	1	100.0000	
8506	苑	0	0	33	100.0000	
8507	貽	0	0	3	100.0000	
8508	嵝	0	0	2	100.0000	
8509	嘧	0	0	2	100.0000	
8510	醰	0	0	1	100.0000	
8511	紺	0	0	3	100.0000	
8512	鏑	0	0	2	100.0000	
8513	瀍	0	0	1	100.0000	
8514	剮	0	0	5	100.0000	
8515	铙	0	0	1	100.0000	
8516	訛	0	0	5	100.0000	
8517	镉	0	0	1	100.0000	
8518	蟊	0	0	1	100.0000	
8519	榚	0	0	1	100.0000	
8520	栨	0	0	1	100.0000	
8521	滌	0	0	13	100.0000	
8522	枇	0	0	2	100.0000	
8523	鵑	0	0	10	100.0000	
8524	汋	0	0	1	100.0000	
8525	抰	0	0	1	100.0000	
8526	癷	0	0	1	100.0000	
8527	軡	0	0	1	100.0000	
8528	伔	0	0	1	100.0000	
8529	岊	0	0	6	100.0000	
8530	摃	0	0	1	100.0000	
8531	姒	0	0	4	100.0000	
8532	琽	0	0	1	100.0000	
8533	磌	0	0	1	100.0000	
8534	懐	0	0	1	100.0000	
8535	狎	0	0	5	100.0000	
8536	犮	0	0	1	100.0000	
8537	芊	0	0	4	100.0000	
8538	賁	0	0	5	100.0000	
8539	跏	0	0	2	100.0000	
8540	逵	0	0	4	100.0000	
8541	匏	0	0	1	100.0000	
8542	凇	0	0	2	100.0000	
8543	戯	0	0	1	100.0000	
8544	郘	0	0	1	100.0000	
8545	転	0	0	1	100.0000	
8546	戝	0	0	1	100.0000	
8547	廴	0	0	1	100.0000	
8548	豕	0	0	2	100.0000	
8549	験	0	0	1	100.0000	
8550	郇	0	0	4	100.0000	
8551	菟	0	0	6	100.0000	
8552	聨	0	0	1	100.0000	
8553	閔	0	0	8	100.0000	
8554	峯	0	0	1	100.0000	
8555	镞	0	0	2	100.0000	
8556	恇	0	0	1	100.0000	
8557	匼	0	0	1	100.0000	
8558	舫	0	0	5	100.0000	
8559	镪	0	0	4	100.0000	
8560	苮	0	0	1	100.0000	
8561	腗	0	0	1	100.0000	
8562	铊	0	0	1	100.0000	
8563	袙	0	0	1	100.0000	
8564	袕	0	0	1	100.0000	
8565	臜	0	0	1	100.0000	
8566	莠	0	0	5	100.0000	
8567	肊	0	0	1	100.0000	
8568	镂	0	0	4	100.0000	
8569	葦	0	0	4	100.0000	
8570	刲	0	0	1	100.0000	
8571	鉄	0	0	1	100.0000	
8572	泆	0	0	1	100.0000	
8573	帣	0	0	1	100.0000	
8574	晢	0	0	1	100.0000	
8575	卐	0	0	1	100.0000	
8576	戍	0	0	9	100.0000	
8577	嵨	0	0	1	100.0000	
8578	厈	0	0	1	100.0000	
8579	鐡	0	0	1	100.0000	
8580	萡	0	0	1	100.0000	
8581	猞	0	0	1	100.0000	
8582	檜	0	0	3	100.0000	
8583	弚	0	0	1	100.0000	
8584	奁	0	0	2	100.0000	
8585	峏	0	0	1	100.0000	
8586	荑	0	0	1	100.0000	
8587	鑦	0	0	1	100.0000	
8588	晗	0	0	7	100.0000	
8589	騵	0	0	1	100.0000	
8590	伢	0	0	3	100.0000	
8591	鮪	0	0	1	100.0000	
8592	籯	0	0	1	100.0000	
8593	璗	0	0	1	100.0000	
8594	鄊	0	0	1	100.0000	
8595	餛	0	0	1	100.0000	
8596	飩	0	0	1	100.0000	
8597	柺	0	0	1	100.0000	
8598	罻	0	0	1	100.0000	
8599	礗	0	0	1	100.0000	
8600	戇	0	0	2	100.0000	
8601	颼	0	0	4	100.0000	
8602	駿	0	0	12	100.0000	
8603	茕	0	0	2	100.0000	
8604	奐	0	0	2	100.0000	
8605	琙	0	0	1	100.0000	
8606	螻	0	0	3	100.0000	
8607	糋	0	0	1	100.0000	
8608	蛻	0	0	7	100.0000	
8609	鏓	0	0	1	100.0000	
8610	疷	0	0	1	100.0000	
8611	鲢	0	0	4	100.0000	
8612	籭	0	0	1	100.0000	
8613	谳	0	0	2	100.0000	
8614	怵	0	0	3	100.0000	
8615	諛	0	0	1	100.0000	
8616	玳	0	0	1	100.0000	
8617	擷	0	0	4	100.0000	
8618	賡	0	0	4	100.0000	
8619	栚	0	0	1	100.0000	
8620	怬	0	0	1	100.0000	
8621	邰	0	0	3	100.0000	
8622	俖	0	0	1	100.0000	
8623	恉	0	0	1	100.0000	
8624	涾	0	0	1	100.0000	
8625	唌	0	0	1	100.0000	
8626	纙	0	0	1	100.0000	
8627	苭	0	0	1	100.0000	
8628	諂	0	0	4	100.0000	
8629	鉑	0	0	3	100.0000	
8630	辎	0	0	1	100.0000	
8631	骊	0	0	3	100.0000	
8632	杬	0	0	1	100.0000	
8633	椹	0	0	2	100.0000	
8634	仵	0	0	2	100.0000	
8635	猰	0	0	1	100.0000	
8636	曱	0	0	1	100.0000	
8637	劁	0	0	1	100.0000	
8638	厣	0	0	1	100.0000	
8639	蹇	0	0	1	100.0000	
8640	鄔	0	0	4	100.0000	
8641	咺	0	0	1	100.0000	
8642	馻	0	0	1	100.0000	
8643	鰤	0	0	1	100.0000	
8644	钏	0	0	3	100.0000	
8645	綧	0	0	1	100.0000	
8646	桢	0	0	11	100.0000	
8647	妅	0	0	1	100.0000	
8648	棣	0	0	1	100.0000	
8649	娀	0	0	1	100.0000	
8650	瑗	0	0	2	100.0000	
8651	獮	0	0	1	100.0000	
8652	鑫	0	0	19	100.0000	
8653	楢	0	0	1	100.0000	
8654	猇	0	0	1	100.0000	
8655	頷	0	0	2	100.0000	
8656	莆	0	0	6	100.0000	
8657	蒤	0	0	1	100.0000	
8658	丄	0	0	1	100.0000	
8659	迓	0	0	1	100.0000	
8660	璘	0	0	1	100.0000	
8661	缟	0	0	1	100.0000	
8662	蒻	0	0	1	100.0000	
8663	偃	0	0	5	100.0000	
8664	椁	0	0	1	100.0000	
8665	灞	0	0	1	100.0000	
8666	醮	0	0	1	100.0000	
8667	璫	0	0	1	100.0000	
8668	檞	0	0	1	100.0000	
8669	苬	0	0	1	100.0000	
8670	茗	0	0	7	100.0000	
8671	竦	0	0	2	100.0000	
8672	忝	0	0	2	100.0000	
8673	谝	0	0	1	100.0000	
8674	坫	0	0	1	100.0000	
8675	俜	0	0	1	100.0000	
8676	稥	0	0	1	100.0000	
8677	銮	0	0	5	100.0000	
8678	賑	0	0	7	100.0000	
8679	棂	0	0	4	100.0000	
8680	癈	0	0	1	100.0000	
8681	钤	0	0	2	100.0000	
8682	忕	0	0	1	100.0000	
8683	桡	0	0	3	100.0000	
8684	檗	0	0	4	100.0000	
8685	俅	0	0	4	100.0000	
8686	邠	0	0	1	100.0000	
8687	饜	0	0	1	100.0000	
8688	蘚	0	0	4	100.0000	
8689	諍	0	0	1	100.0000	
8690	癗	0	0	1	100.0000	
8691	搴	0	0	1	100.0000	
8692	狍	0	0	2	100.0000	
8693	臙	0	0	1	100.0000	
8694	嵘	0	0	17	100.0000	
8695	蛱	0	0	2	100.0000	
8696	読	0	0	1	100.0000	
8697	蝈	0	0	3	100.0000	
8698	蓍	0	0	1	100.0000	
8699	壚	0	0	1	100.0000	
8700	苕	0	0	2	100.0000	
8701	嬖	0	0	1	100.0000	
8702	葜	0	0	3	100.0000	
8703	毬	0	0	1	100.0000	
8704	祺	0	0	15	100.0000	
8705	艉	0	0	1	100.0000	
8706	鄎	0	0	1	100.0000	
8707	膻	0	0	4	100.0000	
8708	靗	0	0	1	100.0000	
8709	唀	0	0	1	100.0000	
8710	螔	0	0	1	100.0000	
8711	鉯	0	0	1	100.0000	
8712	昝	0	0	2	100.0000	
8713	崤	0	0	2	100.0000	
8714	纈	0	0	1	100.0000	
8715	鸶	0	0	3	100.0000	
8716	萁	0	0	3	100.0000	
8717	錆	0	0	1	100.0000	
8718	鋅	0	0	2	100.0000	
8719	梶	0	0	8	100.0000	
8720	娲	0	0	2	100.0000	
8721	娉	0	0	1	100.0000	
8722	狯	0	0	1	100.0000	
8723	妜	0	0	1	100.0000	
8724	庾	0	0	2	100.0000	
8725	衢	0	0	14	100.0000	
8726	鏇	0	0	1	100.0000	
8727	觔	0	0	1	100.0000	
8728	匱	0	0	4	100.0000	
8729	鍍	0	0	7	100.0000	
8730	鰥	0	0	1	100.0000	
8731	翍	0	0	1	100.0000	
8732	唳	0	0	5	100.0000	
8733	镌	0	0	3	100.0000	
8734	覲	0	0	6	100.0000	
8735	閂	0	0	4	100.0000	
8736	紻	0	0	1	100.0000	
8737	濁	0	0	8	100.0000	
8738	礽	0	0	1	100.0000	
8739	禨	0	0	1	100.0000	
8740	癭	0	0	2	100.0000	
8741	瀝	0	0	8	100.0000	
8742	値	0	0	1	100.0000	
8743	碶	0	0	1	100.0000	
8744	跖	0	0	2	100.0000	
8745	鑷	0	0	2	100.0000	
8746	鎧	0	0	4	100.0000	
8747	糨	0	0	1	100.0000	
8748	悃	0	0	1	100.0000	
8749	崁	0	0	1	100.0000	
8750	怳	0	0	1	100.0000	
8751	埳	0	0	1	100.0000	
8752	肐	0	0	1	100.0000	
8753	縵	0	0	1	100.0000	
8754	痶	0	0	1	100.0000	
8755	粅	0	0	1	100.0000	
8756	珽	0	0	1	100.0000	
8757	枆	0	0	1	100.0000	
8758	纀	0	0	1	100.0000	
8759	埽	0	0	1	100.0000	
8760	楛	0	0	1	100.0000	
8761	辇	0	0	3	100.0000	
8762	洹	0	0	1	100.0000	
8763	鵜	0	0	2	100.0000	
8764	駄	0	0	1	100.0000	
8765	絣	0	0	1	100.0000	
8766	蒽	0	0	1	100.0000	
8767	浹	0	0	1	100.0000	
8768	裎	0	0	1	100.0000	
8769	妁	0	0	1	100.0000	
8770	祎	0	0	2	100.0000	
8771	戙	0	0	1	100.0000	
8772	粀	0	0	1	100.0000	
8773	铮	0	0	4	100.0000	
8774	蕓	0	0	3	100.0000	
8775	囌	0	0	2	100.0000	
8776	駟	0	0	1	100.0000	
8777	闐	0	0	2	100.0000	
8778	陜	0	0	1	100.0000	
8779	鏜	0	0	2	100.0000	
8780	啩	0	0	1	100.0000	
8781	瀋	0	0	1	100.0000	
8782	岀	0	0	1	100.0000	
8783	窆	0	0	1	100.0000	
8784	渀	0	0	1	100.0000	
8785	蟯	0	0	1	100.0000	
8786	圬	0	0	1	100.0000	
8787	瓤	0	0	2	100.0000	
8788	殍	0	0	4	100.0000	
8789	胗	0	0	1	100.0000	
8790	牷	0	0	1	100.0000	
8791	欯	0	0	1	100.0000	
8792	篰	0	0	1	100.0000	
8793	颔	0	0	4	100.0000	
8794	羀	0	0	1	100.0000	
8795	箆	0	0	1	100.0000	
8796	咑	0	0	1	100.0000	
8797	绶	0	0	6	100.0000	
8798	孛	0	0	1	100.0000	
8799	驍	0	0	3	100.0000	
8800	飑	0	0	1	100.0000	
8801	閞	0	0	1	100.0000	
8802	紨	0	0	1	100.0000	
8803	訞	0	0	1	100.0000	
8804	扴	0	0	1	100.0000	
8805	庢	0	0	1	100.0000	
8806	檣	0	0	1	100.0000	
8807	剴	0	0	5	100.0000	
8808	靄	0	0	4	100.0000	
8809	糚	0	0	1	100.0000	
8810	梤	0	0	1	100.0000	
8811	馘	0	0	1	100.0000	
8812	珵	0	0	1	100.0000	
8813	殏	0	0	1	100.0000	
8814	昋	0	0	1	100.0000	
8815	銃	0	0	2	100.0000	
8816	陃	0	0	1	100.0000	
8817	啓	0	0	1	100.0000	
8818	罡	0	0	8	100.0000	
8819	菫	0	0	3	100.0000	
8820	蹧	0	0	1	100.0000	
8821	鲯	0	0	1	100.0000	
8822	骒	0	0	1	100.0000	
8823	镴	0	0	1	100.0000	
8824	錐	0	0	11	100.0000	
8825	芃	0	0	5	100.0000	
8826	倏	0	0	4	100.0000	
8827	綹	0	0	1	100.0000	
8828	尓	0	0	1	100.0000	
8829	扱	0	0	1	100.0000	
8830	幀	0	0	4	100.0000	
8831	縹	0	0	4	100.0000	
8832	鏸	0	0	1	100.0000	
8833	歟	0	0	1	100.0000	
8834	儶	0	0	1	100.0000	
8835	賵	0	0	1	100.0000	
8836	隽	0	0	11	100.0000	
8837	蕗	0	0	1	100.0000	
8838	帔	0	0	2	100.0000	
8839	筞	0	0	1	100.0000	
8840	賚	0	0	1	100.0000	
8841	蒭	0	0	1	100.0000	
8842	滠	0	0	1	100.0000	
8843	臬	0	0	4	100.0000	
8844	箓	0	0	2	100.0000	
8845	茖	0	0	1	100.0000	
8846	冴	0	0	4	100.0000	
8847	蚸	0	0	1	100.0000	
8848	迻	0	0	1	100.0000	
8849	穰	0	0	2	100.0000	
8850	翦	0	0	6	100.0000	
8851	薬	0	0	2	100.0000	
8852	钊	0	0	7	100.0000	
8853	蛄	0	0	4	100.0000	
8854	蛏	0	0	2	100.0000	
8855	鼯	0	0	1	100.0000	
8856	掹	0	0	1	100.0000	
8857	镙	0	0	1	100.0000	
8858	蠃	0	0	3	100.0000	
8859	蔵	0	0	1	100.0000	
8860	璟	0	0	2	100.0000	
8861	峪	0	0	7	100.0000	
8862	卬	0	0	1	100.0000	
8863	駉	0	0	1	100.0000	
8864	鹂	0	0	5	100.0000	
8865	谠	0	0	1	100.0000	
8866	硭	0	0	1	100.0000	
8867	呙	0	0	2	100.0000	
8868	嫘	0	0	3	100.0000	
8869	嵫	0	0	1	100.0000	
8870	糡	0	0	1	100.0000	
8871	豴	0	0	1	100.0000	
8872	梃	0	0	1	100.0000	
8873	拫	0	0	1	100.0000	
8874	竑	0	0	1	100.0000	
8875	琔	0	0	1	100.0000	
8876	樅	0	0	2	100.0000	
8877	扠	0	0	1	100.0000	
8878	粔	0	0	1	100.0000	
8879	羜	0	0	1	100.0000	
8880	踟	0	0	1	100.0000	
8881	蹰	0	0	1	100.0000	
8882	瓵	0	0	1	100.0000	
8883	纡	0	0	3	100.0000	
8884	胪	0	0	1	100.0000	
8885	鱗	0	0	13	100.0000	
8886	坁	0	0	1	100.0000	
8887	碠	0	0	1	100.0000	
8888	抦	0	0	1	100.0000	
8889	痮	0	0	1	100.0000	
8890	骥	0	0	11	100.0000	
8891	匟	0	0	1	100.0000	
8892	腯	0	0	1	100.0000	
8893	侑	0	0	5	100.0000	
8894	鉼	0	0	1	100.0000	
8895	钣	0	0	1	100.0000	
8896	龔	0	0	5	100.0000	
8897	嚜	0	0	1	100.0000	
8898	槢	0	0	1	100.0000	
8899	垡	0	0	2	100.0000	
8900	陉	0	0	1	100.0000	
8901	唭	0	0	1	100.0000	
8902	瘿	0	0	1	100.0000	
8903	踰	0	0	2	100.0000	
8904	奱	0	0	1	100.0000	
8905	瘊	0	0	1	100.0000	
8906	腏	0	0	1	100.0000	
8907	瑹	0	0	1	100.0000	
8908	厶	0	0	1	100.0000	
8909	甋	0	0	1	100.0000	
8910	夂	0	0	1	100.0000	
8911	鍬	0	0	3	100.0000	
8912	锆	0	0	3	100.0000	
8913	彥	0	0	27	100.0000	
8914	韬	0	0	5	100.0000	
8915	膗	0	0	1	100.0000	
8916	啭	0	0	3	100.0000	
8917	聩	0	0	3	100.0000	
8918	诟	0	0	4	100.0000	
8919	玏	0	0	1	100.0000	
8920	貯	0	0	11	100.0000	
8921	髁	0	0	1	100.0000	
8922	筣	0	0	2	100.0000	
8923	珻	0	0	1	100.0000	
8924	詔	0	0	13	100.0000	
8925	裾	0	0	3	100.0000	
8926	嫰	0	0	1	100.0000	
8927	蛴	0	0	2	100.0000	
8928	螬	0	0	1	100.0000	
8929	儔	0	0	1	100.0000	
8930	痦	0	0	2	100.0000	
8931	胻	0	0	1	100.0000	
8932	紓	0	0	1	100.0000	
8933	桭	0	0	1	100.0000	
8934	挶	0	0	1	100.0000	
8935	唚	0	0	1	100.0000	
8936	呏	0	0	1	100.0000	
8937	鲩	0	0	1	100.0000	
8938	勣	0	0	1	100.0000	
8939	芁	0	0	1	100.0000	
8940	郉	0	0	1	100.0000	
8941	祤	0	0	1	100.0000	
8942	匋	0	0	1	100.0000	
8943	窋	0	0	1	100.0000	
8944	淴	0	0	1	100.0000	
8945	睶	0	0	1	100.0000	
8946	簕	0	0	1	100.0000	
8947	邿	0	0	1	100.0000	
8948	帢	0	0	1	100.0000	
8949	鉸	0	0	3	100.0000	
8950	飭	0	0	3	100.0000	
8951	欶	0	0	1	100.0000	
8952	痀	0	0	1	100.0000	
8953	狿	0	0	1	100.0000	
8954	聇	0	0	1	100.0000	
8955	瞔	0	0	1	100.0000	
8956	撳	0	0	1	100.0000	
8957	灏	0	0	2	100.0000	
8958	嫻	0	0	9	100.0000	
8959	澗	0	0	3	100.0000	
8960	吰	0	0	1	100.0000	
8961	劸	0	0	1	100.0000	
8962	猼	0	0	1	100.0000	
8963	汎	0	0	1	100.0000	
8964	擧	0	0	1	100.0000	
8965	掗	0	0	1	100.0000	
8966	烅	0	0	1	100.0000	
8967	躰	0	0	1	100.0000	
8968	洑	0	0	1	100.0000	
8969	鐪	0	0	1	100.0000	
8970	皅	0	0	1	100.0000	
8971	棏	0	0	1	100.0000	
8972	澵	0	0	1	100.0000	
8973	袵	0	0	1	100.0000	
8974	礬	0	0	2	100.0000	
8975	嚤	0	0	1	100.0000	
8976	阹	0	0	1	100.0000	
8977	捜	0	0	1	100.0000	
8978	髎	0	0	1	100.0000	
8979	韑	0	0	1	100.0000	
8980	蒠	0	0	1	100.0000	
8981	妡	0	0	1	100.0000	
8982	俣	0	0	10	100.0000	
8983	邐	0	0	1	100.0000	
8984	砚	0	0	9	100.0000	
8985	祚	0	0	12	100.0000	
8986	佚	0	0	4	100.0000	
8987	飧	0	0	1	100.0000	
8988	泅	0	0	4	100.0000	
8989	儻	0	0	2	100.0000	
8990	囟	0	0	2	100.0000	
8991	蝪	0	0	2	100.0000	
8992	疔	0	0	1	100.0000	
8993	鯭	0	0	1	100.0000	
8994	勂	0	0	1	100.0000	
8995	疴	0	0	3	100.0000	
8996	璅	0	0	1	100.0000	
8997	玗	0	0	1	100.0000	
8998	険	0	0	1	100.0000	
8999	幷	0	0	1	100.0000	
9000	敎	0	0	1	100.0000	
9001	闫	0	0	3	100.0000	
9002	锇	0	0	1	100.0000	
9003	嚿	0	0	1	100.0000	
9004	氲	0	0	2	100.0000	
9005	鞅	0	0	2	100.0000	
9006	邾	0	0	1	100.0000	
9007	砻	0	0	2	100.0000	
9008	耇	0	0	1	100.0000	
9009	侇	0	0	1	100.0000	
9010	莰	0	0	1	100.0000	
9011	萳	0	0	1	100.0000	
9012	罣	0	0	1	100.0000	
9013	髑	0	0	2	100.0000	
9014	鏗	0	0	4	100.0000	
9015	磓	0	0	1	100.0000	
9016	聄	0	0	1	100.0000	
9017	蜉	0	0	2	100.0000	
9018	蝣	0	0	2	100.0000	
9019	糎	0	0	1	100.0000	
9020	瓒	0	0	2	100.0000	
9021	絧	0	0	1	100.0000	
9022	牴	0	0	2	100.0000	
9023	朊	0	0	2	100.0000	
9024	祓	0	0	1	100.0000	
9025	羂	0	0	1	100.0000	
9026	瀾	0	0	3	100.0000	
9027	婐	0	0	1	100.0000	
9028	藺	0	0	4	100.0000	
9029	鈥	0	0	1	100.0000	
9030	粝	0	0	1	100.0000	
9031	諢	0	0	1	100.0000	
9032	瀒	0	0	1	100.0000	
9033	乬	0	0	1	100.0000	
9034	狃	0	0	1	100.0000	
9035	兗	0	0	3	100.0000	
9036	桤	0	0	2	100.0000	
9037	槭	0	0	1	100.0000	
9038	唎	0	0	1	100.0000	
9039	觟	0	0	1	100.0000	
9040	菻	0	0	1	100.0000	
9041	鲉	0	0	1	100.0000	
9042	媉	0	0	1	100.0000	
9043	茑	0	0	1	100.0000	
9044	扌	0	0	1	100.0000	
9045	阏	0	0	3	100.0000	
9046	碡	0	0	7	100.0000	
9047	淔	0	0	1	100.0000	
9048	昉	0	0	1	100.0000	
9049	佧	0	0	1	100.0000	
9050	歿	0	0	1	100.0000	
9051	縌	0	0	1	100.0000	
9052	裓	0	0	1	100.0000	
9053	壷	0	0	1	100.0000	
9054	汆	0	0	1	100.0000	
9055	瀨	0	0	54	100.0000	
9056	蛈	0	0	1	100.0000	
9057	龃	0	0	3	100.0000	
9058	龉	0	0	2	100.0000	
9059	偭	0	0	1	100.0000	
9060	帯	0	0	1	100.0000	
9061	獂	0	0	1	100.0000	
9062	躡	0	0	3	100.0000	
9063	痈	0	0	2	100.0000	
9064	頤	0	0	6	100.0000	
9065	鯷	0	0	2	100.0000	
9066	穜	0	0	1	100.0000	
9067	诮	0	0	2	100.0000	
9068	涝	0	0	7	100.0000	HSK7-9
9069	缢	0	0	4	100.0000	
9070	栥	0	0	1	100.0000	
9071	泾	0	0	3	100.0000	
9072	猚	0	0	1	100.0000	
9073	遝	0	0	1	100.0000	
9074	琞	0	0	1	100.0000	
9075	朿	0	0	1	100.0000	
9076	蹠	0	0	1	100.0000	
9077	繸	0	0	1	100.0000	
9078	拹	0	0	1	100.0000	
9079	瓏	0	0	5	100.0000	
9080	鰲	0	0	2	100.0000	
9081	栉	0	0	5	100.0000	
9082	廬	0	0	5	100.0000	
9083	酢	0	0	3	100.0000	
9084	迮	0	0	1	100.0000	
9085	攙	0	0	3	100.0000	
9086	騖	0	0	4	100.0000	
9087	筪	0	0	1	100.0000	
9088	胟	0	0	1	100.0000	
9089	碖	0	0	1	100.0000	
9090	閤	0	0	1	100.0000	
9091	糝	0	0	1	100.0000	
9092	眽	0	0	1	100.0000	
9093	翬	0	0	1	100.0000	
9094	琱	0	0	1	100.0000	
9095	鲠	0	0	2	100.0000	
9096	瓅	0	0	1	100.0000	
9097	珘	0	0	1	100.0000	
9098	芨	0	0	3	100.0000	
9099	釔	0	0	1	100.0000	
9100	窊	0	0	1	100.0000	
9101	蒔	0	0	2	100.0000	
9102	詣	0	0	2	100.0000	
9103	颯	0	0	1	100.0000	
9104	琾	0	0	1	100.0000	
9105	锱	0	0	2	100.0000	
9106	訥	0	0	2	100.0000	
9107	镲	0	0	1	100.0000	
9108	篣	0	0	1	100.0000	
9109	梩	0	0	1	100.0000	
9110	磆	0	0	1	100.0000	
9111	礵	0	0	1	100.0000	
9112	芣	0	0	1	100.0000	
9113	琤	0	0	1	100.0000	
9114	紃	0	0	1	100.0000	
9115	愯	0	0	1	100.0000	
9116	氻	0	0	1	100.0000	
9117	孴	0	0	1	100.0000	
9118	栦	0	0	1	100.0000	
9119	姫	0	0	4	100.0000	
9120	覸	0	0	1	100.0000	
9121	臏	0	0	5	100.0000	
9122	薫	0	0	5	100.0000	
9123	螁	0	0	1	100.0000	
9124	圴	0	0	1	100.0000	
9125	鈏	0	0	1	100.0000	
9126	庑	0	0	1	100.0000	
9127	鎳	0	0	4	100.0000	
9128	拶	0	0	1	100.0000	
9129	佝	0	0	4	100.0000	
9130	偻	0	0	4	100.0000	
9131	薅	0	0	1	100.0000	
9132	撾	0	0	2	100.0000	
9133	豇	0	0	4	100.0000	
9134	謔	0	0	1	100.0000	
9135	檨	0	0	1	100.0000	
9136	鵲	0	0	7	100.0000	
9137	踎	0	0	1	100.0000	
9138	巽	0	0	4	100.0000	
9139	玤	0	0	1	100.0000	
9140	姹	0	0	2	100.0000	
9141	洵	0	0	1	100.0000	
9142	玽	0	0	1	100.0000	
9143	蘖	0	0	2	100.0000	
9144	晇	0	0	1	100.0000	
9145	碣	0	0	3	100.0000	
9146	阜	0	0	10	100.0000	
9147	芡	0	0	5	100.0000	
9148	褾	0	0	1	100.0000	
9149	芇	0	0	1	100.0000	
9150	栺	0	0	1	100.0000	
9151	冃	0	0	1	100.0000	
9152	敊	0	0	1	100.0000	
9153	抭	0	0	1	100.0000	
9154	塽	0	0	1	100.0000	
9155	斿	0	0	1	100.0000	
9156	鲂	0	0	3	100.0000	
9157	淅	0	0	4	100.0000	
9158	譁	0	0	1	100.0000	
9159	趔	0	0	2	100.0000	
9160	顴	0	0	1	100.0000	
9161	矧	0	0	1	100.0000	
9162	聕	0	0	1	100.0000	
9163	昤	0	0	1	100.0000	
9164	罜	0	0	1	100.0000	
9165	衮	0	0	4	100.0000	
9166	綯	0	0	1	100.0000	
9167	苙	0	0	1	100.0000	
9168	鋆	0	0	2	100.0000	
9169	靦	0	0	3	100.0000	
9170	鴌	0	0	1	100.0000	
9171	鰨	0	0	1	100.0000	
9172	煜	0	0	3	100.0000	
9173	燊	0	0	1	100.0000	
9174	鑪	0	0	1	100.0000	
9175	嶷	0	0	5	100.0000	
9176	碚	0	0	1	100.0000	
9177	榊	0	0	4	100.0000	
9178	荘	0	0	1	100.0000	
9179	焱	0	0	3	100.0000	
9180	柙	0	0	1	100.0000	
9181	敍	0	0	1	100.0000	
9182	狢	0	0	1	100.0000	
9183	缯	0	0	1	100.0000	
9184	唅	0	0	1	100.0000	
9185	咍	0	0	1	100.0000	
9186	殀	0	0	1	100.0000	
9187	絹	0	0	3	100.0000	
9188	纊	0	0	1	100.0000	
9189	芪	0	0	2	100.0000	
9190	菉	0	0	1	100.0000	
9191	靨	0	0	5	100.0000	
9192	浍	0	0	1	100.0000	
9193	铧	0	0	1	100.0000	
9194	荥	0	0	1	100.0000	
9195	錾	0	0	2	100.0000	
9196	鰩	0	0	1	100.0000	
9197	喆	0	0	9	100.0000	
9198	陂	0	0	4	100.0000	
9199	醠	0	0	1	100.0000	
9200	柈	0	0	1	100.0000	
9201	茭	0	0	27	100.0000	
9202	螇	0	0	1	100.0000	
9203	梖	0	0	1	100.0000	
9204	鉩	0	0	1	100.0000	
9205	蝞	0	0	1	100.0000	
9206	虼	0	0	2	100.0000	
9207	妯	0	0	2	100.0000	
9208	鼔	0	0	1	100.0000	
9209	挰	0	0	1	100.0000	
9210	蝻	0	0	4	100.0000	
9211	靔	0	0	1	100.0000	
9212	鞛	0	0	1	100.0000	
9213	醖	0	0	1	100.0000	
9214	鶠	0	0	1	100.0000	
9215	呭	0	0	1	100.0000	
9216	厎	0	0	1	100.0000	
9217	僛	0	0	1	100.0000	
9218	綀	0	0	1	100.0000	
9219	穏	0	0	1	100.0000	
9220	墘	0	0	1	100.0000	
9221	螜	0	0	1	100.0000	
9222	皖	0	0	4	100.0000	
9223	庹	0	0	1	100.0000	
9224	伲	0	0	1	100.0000	
9225	葙	0	0	3	100.0000	
9226	葋	0	0	1	100.0000	
9227	屳	0	0	1	100.0000	
9228	湉	0	0	1	100.0000	
9229	鈚	0	0	1	100.0000	
9230	倅	0	0	1	100.0000	
9231	翕	0	0	2	100.0000	
9232	鵺	0	0	1	100.0000	
9233	琯	0	0	1	100.0000	
9234	揼	0	0	1	100.0000	
9235	鮣	0	0	1	100.0000	
9236	緾	0	0	1	100.0000	
9237	楮	0	0	1	100.0000	
9238	欒	0	0	3	100.0000	
9239	蒌	0	0	1	100.0000	
9240	偾	0	0	1	100.0000	
9241	澍	0	0	6	100.0000	
9242	珰	0	0	1	100.0000	
9243	鱘	0	0	2	100.0000	
9244	摽	0	0	1	100.0000	
9245	菓	0	0	1	100.0000	
9246	禊	0	0	1	100.0000	
9247	笕	0	0	1	100.0000	
9248	鲡	0	0	2	100.0000	
9249	蚺	0	0	1	100.0000	
9250	槻	0	0	4	100.0000	
9251	轅	0	0	4	100.0000	
9252	醕	0	0	1	100.0000	
9253	骐	0	0	1	100.0000	
9254	鐸	0	0	2	100.0000	
9255	咶	0	0	1	100.0000	
9256	焔	0	0	1	100.0000	
9257	肶	0	0	1	100.0000	
9258	餦	0	0	1	100.0000	
9259	唞	0	0	1	100.0000	
9260	畗	0	0	1	100.0000	
9261	竻	0	0	1	100.0000	
9262	苷	0	0	5	100.0000	
9263	扜	0	0	1	100.0000	
9264	髌	0	0	3	100.0000	
9265	縘	0	0	1	100.0000	
9266	镝	0	0	1	100.0000	
9267	眚	0	0	1	100.0000	
9268	鲵	0	0	1	100.0000	
9269	喈	0	0	3	100.0000	
9270	祃	0	0	1	100.0000	
9271	缐	0	0	1	100.0000	
9272	驪	0	0	2	100.0000	
9273	苎	0	0	2	100.0000	
9274	燧	0	0	4	100.0000	
9275	謄	0	0	5	100.0000	
9276	蒺	0	0	1	100.0000	
9277	篾	0	0	4	100.0000	
9278	瑯	0	0	8	100.0000	
9279	谪	0	0	3	100.0000	
9280	髂	0	0	2	100.0000	
9281	轇	0	0	1	100.0000	
9282	轕	0	0	1	100.0000	
9283	腭	0	0	3	100.0000	
9284	穔	0	0	1	100.0000	
9285	揠	0	0	1	100.0000	
9286	瓠	0	0	1	100.0000	
9287	蔘	0	0	1	100.0000	
9288	痼	0	0	1	100.0000	
9289	菹	0	0	1	100.0000	
9290	舚	0	0	1	100.0000	
9291	逤	0	0	1	100.0000	
9292	涷	0	0	1	100.0000	
9293	旃	0	0	2	100.0000	
9294	懮	0	0	1	100.0000	
9295	岣	0	0	1	100.0000	
9296	絎	0	0	1	100.0000	
9297	慳	0	0	4	100.0000	
9298	廋	0	0	1	100.0000	
9299	怔	0	0	1	100.0000	
9300	鈛	0	0	1	100.0000	
9301	帗	0	0	1	100.0000	
9302	擯	0	0	3	100.0000	
9303	诖	0	0	1	100.0000	
9304	黙	0	0	1	100.0000	
9305	玑	0	0	6	100.0000	
9306	觥	0	0	2	100.0000	
9307	裉	0	0	1	100.0000	
9308	豋	0	0	1	100.0000	
9309	鏾	0	0	1	100.0000	
9310	醦	0	0	1	100.0000	
9311	蚘	0	0	1	100.0000	
9312	陴	0	0	1	100.0000	
9313	榙	0	0	1	100.0000	
9314	黰	0	0	1	100.0000	
9315	倶	0	0	1	100.0000	
9316	郏	0	0	1	100.0000	
9317	忻	0	0	4	100.0000	
9318	嗻	0	0	1	100.0000	
9319	裥	0	0	2	100.0000	
9320	搛	0	0	1	100.0000	
9321	桖	0	0	1	100.0000	
9322	裣	0	0	1	100.0000	
9323	貲	0	0	1	100.0000	
9324	氤	0	0	3	100.0000	
9325	縲	0	0	1	100.0000	
9326	瘌	0	0	4	100.0000	
9327	扺	0	0	1	100.0000	
9328	屮	0	0	1	100.0000	
9329	儼	0	0	2	100.0000	
9330	綨	0	0	1	100.0000	
9331	茔	0	0	4	100.0000	
9332	篜	0	0	1	100.0000	
9333	丂	0	0	1	100.0000	
9334	朒	0	0	1	100.0000	
9335	愾	0	0	1	100.0000	
9336	穊	0	0	1	100.0000	
9337	癝	0	0	1	100.0000	
9338	纟	0	0	1	100.0000	
9339	駙	0	0	1	100.0000	
9340	冱	0	0	1	100.0000	
9341	軓	0	0	1	100.0000	
9342	婑	0	0	1	100.0000	
9343	瑤	0	0	9	100.0000	
9344	餉	0	0	7	100.0000	
9345	鉻	0	0	4	100.0000	
9346	煳	0	0	1	100.0000	
9347	雒	0	0	1	100.0000	
9348	倢	0	0	1	100.0000	
9349	箎	0	0	1	100.0000	
9350	鈣	0	0	3	100.0000	
9351	駒	0	0	12	100.0000	
9352	掊	0	0	1	100.0000	
9353	峴	0	0	1	100.0000	
9354	熘	0	0	1	100.0000	
9355	鋁	0	0	11	100.0000	
9356	鲻	0	0	1	100.0000	
9357	刖	0	0	1	100.0000	
9358	蕘	0	0	1	100.0000	
9359	淥	0	0	1	100.0000	
9360	痠	0	0	2	100.0000	
9361	鈎	0	0	1	100.0000	
9362	蛷	0	0	1	100.0000	
9363	豻	0	0	1	100.0000	
9364	閩	0	0	8	100.0000	
9365	锶	0	0	1	100.0000	
9366	柢	0	0	1	100.0000	
9367	軒	0	0	15	100.0000	
9368	鮔	0	0	1	100.0000	
9369	売	0	0	1	100.0000	
9370	髀	0	0	1	100.0000	
9371	霑	0	0	2	100.0000	
9372	炜	0	0	7	100.0000	
9373	鷂	0	0	2	100.0000	
9374	朶	0	0	1	100.0000	
9375	挜	0	0	1	100.0000	
9376	釗	0	0	3	100.0000	
9377	鑕	0	0	1	100.0000	
9378	拵	0	0	1	100.0000	
9379	収	0	0	1	100.0000	
9380	鼩	0	0	1	100.0000	
9381	邞	0	0	1	100.0000	
9382	梌	0	0	1	100.0000	
9383	鉳	0	0	1	100.0000	
9384	醆	0	0	1	100.0000	
9385	峄	0	0	2	100.0000	
9386	瀌	0	0	1	100.0000	
9387	靕	0	0	1	100.0000	
9388	咷	0	0	1	100.0000	
9389	嬍	0	0	1	100.0000	
9390	屟	0	0	1	100.0000	
9391	遅	0	0	1	100.0000	
9392	栾	0	0	2	100.0000	
9393	靬	0	0	1	100.0000	
9394	氊	0	0	1	100.0000	
9395	煕	0	0	1	100.0000	
9396	鏮	0	0	1	100.0000	
9397	嫮	0	0	1	100.0000	
9398	饃	0	0	3	100.0000	
9399	魎	0	0	2	100.0000	
9400	鶇	0	0	1	100.0000	
9401	朎	0	0	1	100.0000	
9402	鲮	0	0	1	100.0000	
9403	罝	0	0	1	100.0000	
9404	悱	0	0	2	100.0000	
9405	谡	0	0	2	100.0000	
9406	溽	0	0	1	100.0000	
9407	葸	0	0	6	100.0000	
9408	巯	0	0	2	100.0000	
9409	嫠	0	0	1	100.0000	
9410	濉	0	0	1	100.0000	
9411	痡	0	0	1	100.0000	
9412	塭	0	0	1	100.0000	
9413	袡	0	0	1	100.0000	
9414	筚	0	0	1	100.0000	
9415	杌	0	0	1	100.0000	
9416	暡	0	0	1	100.0000	
9417	堊	0	0	5	100.0000	
9418	苁	0	0	2	100.0000	
9419	銶	0	0	1	100.0000	
9420	玣	0	0	1	100.0000	
9421	鷑	0	0	1	100.0000	
9422	髆	0	0	1	100.0000	
9423	醔	0	0	1	100.0000	
9424	韇	0	0	1	100.0000	
9425	兖	0	0	1	100.0000	
9426	蔦	0	0	1	100.0000	
9427	壼	0	0	1	100.0000	
9428	鶏	0	0	1	100.0000	
9429	迒	0	0	1	100.0000	
9430	鯧	0	0	1	100.0000	
9431	淞	0	0	3	100.0000	
9432	觇	0	0	1	100.0000	
9433	穣	0	0	1	100.0000	
9434	鯛	0	0	3	100.0000	
9435	喐	0	0	1	100.0000	
9436	詪	0	0	1	100.0000	
9437	螽	0	0	2	100.0000	
9438	驀	0	0	1	100.0000	
9439	蜩	0	0	1	100.0000	
9440	憟	0	0	1	100.0000	
9441	殳	0	0	2	100.0000	
9442	鱲	0	0	1	100.0000	
9443	醂	0	0	1	100.0000	
9444	牝	0	0	5	100.0000	
9445	抳	0	0	1	100.0000	
9446	魈	0	0	3	100.0000	
9447	跬	0	0	2	100.0000	
9448	螅	0	0	1	100.0000	
9449	釟	0	0	1	100.0000	
9450	刢	0	0	1	100.0000	
9451	塼	0	0	1	100.0000	
9452	僓	0	0	1	100.0000	
9453	娻	0	0	1	100.0000	
9454	嬜	0	0	1	100.0000	
9455	岪	0	0	1	100.0000	
9456	澧	0	0	4	100.0000	
9457	芷	0	0	20	100.0000	
9458	脳	0	0	1	100.0000	
9459	鉲	0	0	1	100.0000	
9460	錀	0	0	1	100.0000	
9461	坭	0	0	1	100.0000	
9462	衎	0	0	1	100.0000	
9463	撙	0	0	2	100.0000	
9464	姝	0	0	4	100.0000	
9465	誶	0	0	1	100.0000	
9466	廥	0	0	1	100.0000	
9467	泸	0	0	5	100.0000	
9468	裢	0	0	3	100.0000	
9469	鹣	0	0	1	100.0000	
9470	鱔	0	0	5	100.0000	
9471	鴣	0	0	1	100.0000	
9472	唢	0	0	1	100.0000	
9473	笾	0	0	1	100.0000	
9474	甿	0	0	1	100.0000	
9475	犛	0	0	2	100.0000	
9476	搆	0	0	1	100.0000	
9477	钗	0	0	18	100.0000	
9478	嗵	0	0	1	100.0000	
9479	緐	0	0	1	100.0000	
9480	臷	0	0	1	100.0000	
9481	刈	0	0	2	100.0000	
9482	儈	0	0	3	100.0000	
9483	袴	0	0	2	100.0000	
9484	漕	0	0	2	100.0000	
9485	顃	0	0	1	100.0000	
9486	玎	0	0	2	100.0000	
9487	翫	0	0	1	100.0000	
9488	逕	0	0	1	100.0000	
9489	皀	0	0	1	100.0000	
9490	懃	0	0	1	100.0000	
9491	苖	0	0	1	100.0000	
9492	湓	0	0	1	100.0000	
9493	慟	0	0	1	100.0000	
9494	埲	0	0	1	100.0000	
9495	矸	0	0	1	100.0000	
9496	諤	0	0	1	100.0000	
9497	躋	0	0	2	100.0000	
9498	燜	0	0	1	100.0000	
9499	絍	0	0	1	100.0000	
9500	愠	0	0	3	100.0000	
9501	砎	0	0	1	100.0000	
9502	纅	0	0	1	100.0000	
9503	仳	0	0	1	100.0000	
9504	逥	0	0	1	100.0000	
9505	馜	0	0	1	100.0000	
9506	耓	0	0	1	100.0000	
9507	窵	0	0	1	100.0000	
9508	鋌	0	0	1	100.0000	
9509	眬	0	0	4	100.0000	
9510	鋯	0	0	1	100.0000	
9511	楸	0	0	5	100.0000	
9512	抺	0	0	1	100.0000	
9513	畘	0	0	1	100.0000	
9514	襤	0	0	3	100.0000	
9515	褸	0	0	4	100.0000	
9516	価	0	0	1	100.0000	
9517	嚄	0	0	1	100.0000	
9518	窧	0	0	1	100.0000	
9519	尒	0	0	1	100.0000	
9520	嬅	0	0	3	100.0000	
9521	笐	0	0	1	100.0000	
9522	栻	0	0	1	100.0000	
9523	眵	0	0	1	100.0000	
9524	扻	0	0	1	100.0000	
9525	挸	0	0	1	100.0000	
9526	洇	0	0	2	100.0000	
9527	夎	0	0	1	100.0000	
9528	謦	0	0	1	100.0000	
9529	齜	0	0	2	100.0000	
9530	秫	0	0	2	100.0000	
9531	釵	0	0	6	100.0000	
9532	洠	0	0	1	100.0000	
9533	躑	0	0	2	100.0000	
9534	鱸	0	0	2	100.0000	
9535	饈	0	0	1	100.0000	
9536	窔	0	0	1	100.0000	
9537	巒	0	0	3	100.0000	
9538	枥	0	0	6	100.0000	
9539	萣	0	0	1	100.0000	
9540	慼	0	0	1	100.0000	
9541	轡	0	0	1	100.0000	
9542	堝	0	0	1	100.0000	
9543	胢	0	0	1	100.0000	
9544	鋃	0	0	1	100.0000	
9545	晥	0	0	1	100.0000	
9546	霫	0	0	1	100.0000	
9547	蓂	0	0	1	100.0000	
9548	枎	0	0	1	100.0000	
9549	亙	0	0	7	100.0000	
9550	悻	0	0	4	100.0000	
9551	懋	0	0	2	100.0000	
9552	筀	0	0	1	100.0000	
9553	绾	0	0	1	100.0000	
9554	礪	0	0	2	100.0000	
9555	斪	0	0	1	100.0000	
9556	稈	0	0	4	100.0000	
9557	曷	0	0	1	100.0000	
9558	煢	0	0	1	100.0000	
9559	暎	0	0	1	100.0000	
9560	琨	0	0	4	100.0000	
9561	篭	0	0	1	100.0000	
9562	鄱	0	0	1	100.0000	
9563	蛸	0	0	1	100.0000	
9564	穂	0	0	4	100.0000	
9565	齮	0	0	1	100.0000	
9566	韐	0	0	1	100.0000	
9567	壋	0	0	1	100.0000	
9568	墋	0	0	1	100.0000	
9569	匬	0	0	1	100.0000	
9570	僤	0	0	1	100.0000	
9571	圶	0	0	1	100.0000	
9572	罍	0	0	1	100.0000	
9573	铹	0	0	1	100.0000	
9574	鐒	0	0	1	100.0000	
9575	靝	0	0	1	100.0000	
9576	邺	0	0	1	100.0000	
9577	璺	0	0	1	100.0000	
9578	驒	0	0	1	100.0000	
9579	磍	0	0	1	100.0000	
9580	夬	0	0	1	100.0000	
9581	匚	0	0	1	100.0000	
9582	傫	0	0	1	100.0000	
9583	蟬	0	0	20	100.0000	
9584	膫	0	0	1	100.0000	
9585	窨	0	0	2	100.0000	
9586	踬	0	0	1	100.0000	
9587	癎	0	0	1	100.0000	
9588	苪	0	0	1	100.0000	
9589	豸	0	0	4	100.0000	
9590	倂	0	0	1	100.0000	
9591	髈	0	0	1	100.0000	
9592	岢	0	0	1	100.0000	
9593	樯	0	0	1	100.0000	
9594	歳	0	0	1	100.0000	
9595	樘	0	0	1	100.0000	
9596	鏹	0	0	3	100.0000	
9597	搷	0	0	1	100.0000	
9598	暠	0	0	1	100.0000	
9599	贇	0	0	2	100.0000	
9600	铋	0	0	1	100.0000	
9601	謢	0	0	1	100.0000	
9602	娌	0	0	1	100.0000	
9603	穚	0	0	1	100.0000	
9604	抍	0	0	1	100.0000	
9605	娒	0	0	1	100.0000	
9606	咾	0	0	2	100.0000	
9607	冁	0	0	1	100.0000	
9608	菀	0	0	2	100.0000	
9609	嵛	0	0	2	100.0000	
9610	柰	0	0	1	100.0000	
9611	牰	0	0	1	100.0000	
9612	鉰	0	0	1	100.0000	
9613	濠	0	0	2	100.0000	
9614	礭	0	0	1	100.0000	
9615	灠	0	0	1	100.0000	
9616	綳	0	0	1	100.0000	
9617	啉	0	0	4	100.0000	
9618	轾	0	0	4	100.0000	
9619	暁	0	0	1	100.0000	
9620	寳	0	0	1	100.0000	
9621	鷄	0	0	1	100.0000	
9622	鑢	0	0	1	100.0000	
9623	炅	0	0	3	100.0000	
9624	狪	0	0	1	100.0000	
9625	陟	0	0	4	100.0000	
9626	砇	0	0	1	100.0000	
9627	钖	0	0	1	100.0000	
9628	灕	0	0	1	100.0000	
9629	鷖	0	0	1	100.0000	
9630	輁	0	0	1	100.0000	
9631	鑤	0	0	1	100.0000	
9632	鴟	0	0	1	100.0000	
9633	匜	0	0	1	100.0000	
9634	榅	0	0	1	100.0000	
9635	倥	0	0	1	100.0000	
9636	刉	0	0	1	100.0000	
9637	鷥	0	0	2	100.0000	
9638	躜	0	0	1	100.0000	
9639	躦	0	0	1	100.0000	
9640	秥	0	0	1	100.0000	
9641	浀	0	0	1	100.0000	
9642	鐃	0	0	2	100.0000	
9643	褉	0	0	1	100.0000	
9644	筡	0	0	1	100.0000	
9645	俵	0	0	2	100.0000	
9646	祆	0	0	1	100.0000	
9647	杼	0	0	1	100.0000	
9648	犠	0	0	1	100.0000	
9649	蚡	0	0	1	100.0000	
9650	郙	0	0	1	100.0000	
9651	轂	0	0	4	100.0000	
9652	撣	0	0	3	100.0000	
9653	昳	0	0	1	100.0000	
9654	曶	0	0	1	100.0000	
9655	岒	0	0	1	100.0000	
9656	訇	0	0	3	100.0000	
9657	払	0	0	1	100.0000	
9658	鶘	0	0	2	100.0000	
9659	蚢	0	0	1	100.0000	
9660	淦	0	0	1	100.0000	
9661	撚	0	0	1	100.0000	
9662	燐	0	0	1	100.0000	
9663	皲	0	0	1	100.0000	
9664	釙	0	0	1	100.0000	
9665	鸲	0	0	1	100.0000	
9666	萘	0	0	3	100.0000	
9667	虿	0	0	1	100.0000	
9668	歵	0	0	1	100.0000	
9669	凣	0	0	1	100.0000	
9670	嬻	0	0	1	100.0000	
9671	働	0	0	1	100.0000	
9672	剢	0	0	1	100.0000	
9673	葝	0	0	1	100.0000	
9674	磟	0	0	1	100.0000	
9675	椠	0	0	1	100.0000	
9676	掲	0	0	1	100.0000	
9677	鲋	0	0	1	100.0000	
9678	熜	0	0	1	100.0000	
9679	螙	0	0	1	100.0000	
9680	嬈	0	0	1	100.0000	
9681	嘌	0	0	3	100.0000	
9682	酰	0	0	8	100.0000	
9683	鶪	0	0	1	100.0000	
9684	覩	0	0	1	100.0000	
9685	鄒	0	0	3	100.0000	
9686	嶃	0	0	1	100.0000	
9687	蠧	0	0	1	100.0000	
9688	镅	0	0	1	100.0000	
9689	倞	0	0	2	100.0000	
9690	茯	0	0	4	100.0000	
9691	蛉	0	0	3	100.0000	
9692	悌	0	0	5	100.0000	
9693	赓	0	0	2	100.0000	
9694	閕	0	0	1	100.0000	
9695	玢	0	0	2	100.0000	
9696	钕	0	0	1	100.0000	
9697	齝	0	0	1	100.0000	
9698	韈	0	0	1	100.0000	
9699	刾	0	0	1	100.0000	
9700	冮	0	0	1	100.0000	
9701	冋	0	0	1	100.0000	
9702	啴	0	0	1	100.0000	
9703	囦	0	0	1	100.0000	
9704	苲	0	0	1	100.0000	
9705	菡	0	0	7	100.0000	
9706	佥	0	0	3	100.0000	
9707	総	0	0	1	100.0000	
9708	躱	0	0	1	100.0000	
9709	鹄	0	0	4	100.0000	
9710	厳	0	0	1	100.0000	
9711	襷	0	0	1	100.0000	
9712	鏤	0	0	3	100.0000	
9713	丷	0	0	1	100.0000	
9714	筭	0	0	1	100.0000	
9715	戬	0	0	6	100.0000	
9716	摾	0	0	1	100.0000	
9717	瀘	0	0	5	100.0000	
9718	緲	0	0	3	100.0000	
9719	荲	0	0	1	100.0000	
9720	悰	0	0	1	100.0000	
9721	鈓	0	0	1	100.0000	
9722	篦	0	0	1	100.0000	
9723	軛	0	0	1	100.0000	
9724	筘	0	0	1	100.0000	
9725	蹙	0	0	3	100.0000	
9726	茈	0	0	1	100.0000	
9727	蓽	0	0	2	100.0000	
9728	嫵	0	0	3	100.0000	
9729	絁	0	0	1	100.0000	
9730	氐	0	0	1	100.0000	
9731	虌	0	0	1	100.0000	
9732	鸻	0	0	1	100.0000	
9733	跜	0	0	1	100.0000	
9734	泘	0	0	1	100.0000	
9735	脕	0	0	1	100.0000	
9736	鶩	0	0	2	100.0000	
9737	鼕	0	0	1	100.0000	
9738	邇	0	0	2	100.0000	
9739	廰	0	0	1	100.0000	
9740	鼳	0	0	1	100.0000	
9741	罤	0	0	1	100.0000	
9742	锟	0	0	1	100.0000	
9743	梿	0	0	1	100.0000	
9744	藅	0	0	1	100.0000	
9745	掤	0	0	1	100.0000	
9746	簋	0	0	1	100.0000	
9747	毑	0	0	1	100.0000	
9748	燿	0	0	2	100.0000	
9749	蛩	0	0	1	100.0000	
9750	浔	0	0	1	100.0000	
9751	抆	0	0	1	100.0000	
9752	歊	0	0	1	100.0000	
9753	蛲	0	0	1	100.0000	
9754	裰	0	0	1	100.0000	
9755	慊	0	0	1	100.0000	
9756	亓	0	0	3	100.0000	
9757	醣	0	0	2	100.0000	
9758	絭	0	0	1	100.0000	
9759	冐	0	0	1	100.0000	
9760	譱	0	0	1	100.0000	
9761	絖	0	0	1	100.0000	
9762	渙	0	0	2	100.0000	
9763	錚	0	0	3	100.0000	
9764	臠	0	0	1	100.0000	
9765	锾	0	0	1	100.0000	
9766	褵	0	0	1	100.0000	
9767	膾	0	0	1	100.0000	
9768	甑	0	0	1	100.0000	
9769	盍	0	0	1	100.0000	
9770	唩	0	0	1	100.0000	
9771	萏	0	0	5	100.0000	
9772	鹎	0	0	1	100.0000	
9773	咴	0	0	1	100.0000	
9774	硇	0	0	1	100.0000	
9775	黩	0	0	3	100.0000	
9776	梋	0	0	1	100.0000	
9777	缧	0	0	1	100.0000	
9778	樺	0	0	6	100.0000	
9779	鄄	0	0	2	100.0000	
9780	悗	0	0	1	100.0000	
9781	炻	0	0	1	100.0000	
9782	稞	0	0	7	100.0000	
9783	鵁	0	0	1	100.0000	
9784	鋞	0	0	1	100.0000	
9785	猄	0	0	2	100.0000	
9786	篛	0	0	1	100.0000	
9787	佞	0	0	5	100.0000	
9788	棰	0	0	2	100.0000	
9789	黽	0	0	1	100.0000	
9790	菺	0	0	1	100.0000	
9791	鬾	0	0	1	100.0000	
9792	椤	0	0	2	100.0000	
9793	蔍	0	0	1	100.0000	
9794	泂	0	0	1	100.0000	
9795	袗	0	0	1	100.0000	
9796	倻	0	0	1	100.0000	
9797	枞	0	0	3	100.0000	
9798	鮸	0	0	1	100.0000	
9799	鼈	0	0	1	100.0000	
9800	镨	0	0	1	100.0000	
9801	禎	0	0	3	100.0000	
9802	絉	0	0	1	100.0000	
9803	竉	0	0	1	100.0000	
9804	纆	0	0	1	100.0000	
9805	愽	0	0	1	100.0000	
9806	缳	0	0	1	100.0000	
9807	稝	0	0	1	100.0000	
9808	鸷	0	0	2	100.0000	
9809	殑	0	0	1	100.0000	
9810	乆	0	0	1	100.0000	
9811	癿	0	0	1	100.0000	
9812	薽	0	0	1	100.0000	
9813	屨	0	0	1	100.0000	
9814	蚇	0	0	1	100.0000	
9815	蒁	0	0	1	100.0000	
9816	齙	0	0	1	100.0000	
9817	鸩	0	0	1	100.0000	
9818	轫	0	0	1	100.0000	
9819	觓	0	0	1	100.0000	
9820	涽	0	0	1	100.0000	
9821	伛	0	0	1	100.0000	
9822	麴	0	0	1	100.0000	
9823	閐	0	0	1	100.0000	
9824	縁	0	0	1	100.0000	
9825	閏	0	0	4	100.0000	
9826	圠	0	0	1	100.0000	
9827	紩	0	0	1	100.0000	
9828	茇	0	0	1	100.0000	
9829	覾	0	0	1	100.0000	
9830	椼	0	0	1	100.0000	
9831	嚙	0	0	1	100.0000	
9832	髙	0	0	3	100.0000	
9833	崢	0	0	1	100.0000	
9834	嶸	0	0	1	100.0000	
9835	媄	0	0	1	100.0000	
9836	痵	0	0	1	100.0000	
9837	効	0	0	1	100.0000	
9838	阚	0	0	3	100.0000	
9839	涿	0	0	4	100.0000	
9840	碹	0	0	1	100.0000	
9841	鲎	0	0	1	100.0000	
9842	冨	0	0	1	100.0000	
9843	凃	0	0	1	100.0000	
9844	惷	0	0	1	100.0000	
9845	坵	0	0	1	100.0000	
9846	喼	0	0	1	100.0000	
9847	胠	0	0	1	100.0000	
9848	氘	0	0	2	100.0000	
9849	庛	0	0	1	100.0000	
9850	笮	0	0	1	100.0000	
9851	麇	0	0	1	100.0000	
9852	舃	0	0	1	100.0000	
9853	絜	0	0	1	100.0000	
9854	黼	0	0	1	100.0000	
9855	鴞	0	0	1	100.0000	
9856	恮	0	0	1	100.0000	
9857	儉	0	0	10	100.0000	
9858	倨	0	0	1	100.0000	
9859	蟈	0	0	1	100.0000	
9860	抩	0	0	1	100.0000	
9861	靽	0	0	1	100.0000	
9862	絅	0	0	1	100.0000	
9863	钶	0	0	1	100.0000	
9864	楖	0	0	1	100.0000	
9865	篵	0	0	1	100.0000	
9866	蔺	0	0	5	100.0000	
9867	蠆	0	0	1	100.0000	
9868	镦	0	0	1	100.0000	
9869	洃	0	0	1	100.0000	
9870	軝	0	0	1	100.0000	
9871	荅	0	0	1	100.0000	
9872	鲐	0	0	1	100.0000	
9873	跐	0	0	1	100.0000	
9874	栃	0	0	1	100.0000	
9875	鰯	0	0	1	100.0000	
9876	嗉	0	0	2	100.0000	
9877	葎	0	0	1	100.0000	
9878	贳	0	0	1	100.0000	
9879	铨	0	0	3	100.0000	
9880	鈈	0	0	1	100.0000	
9881	擻	0	0	1	100.0000	
9882	繈	0	0	1	100.0000	
9883	臶	0	0	1	100.0000	
9884	茻	0	0	1	100.0000	
9885	呋	0	0	2	100.0000	
9886	対	0	0	1	100.0000	
9887	璿	0	0	1	100.0000	
9888	紜	0	0	1	100.0000	
9889	詈	0	0	1	100.0000	
9890	妣	0	0	2	100.0000	
9891	俦	0	0	1	100.0000	
9892	璠	0	0	2	100.0000	
9893	钪	0	0	1	100.0000	
9894	鯇	0	0	1	100.0000	
9895	蹁	0	0	2	100.0000	
9896	铼	0	0	1	100.0000	
9897	錸	0	0	1	100.0000	
9898	潞	0	0	3	100.0000	
9899	囲	0	0	1	100.0000	
9900	挬	0	0	1	100.0000	
9901	枋	0	0	1	100.0000	
9902	婫	0	0	1	100.0000	
9903	酞	0	0	2	100.0000	
9904	晻	0	0	1	100.0000	
9905	狛	0	0	1	100.0000	
9906	嫑	0	0	1	100.0000	
9907	韉	0	0	1	100.0000	
9908	炨	0	0	1	100.0000	
9909	醶	0	0	1	100.0000	
9910	鑙	0	0	1	100.0000	
9911	嬎	0	0	1	100.0000	
9912	兯	0	0	1	100.0000	
9913	叐	0	0	1	100.0000	
9914	呉	0	0	1	100.0000	
9915	寊	0	0	1	100.0000	
9916	匳	0	0	1	100.0000	
9917	勈	0	0	1	100.0000	
9918	舸	0	0	2	100.0000	
9919	苠	0	0	1	100.0000	
9920	餠	0	0	1	100.0000	
9921	鬪	0	0	1	100.0000	
9922	栭	0	0	1	100.0000	
9923	涠	0	0	1	100.0000	
9924	姉	0	0	1	100.0000	
9925	崃	0	0	1	100.0000	
9926	悒	0	0	3	100.0000	
9927	砢	0	0	1	100.0000	
9928	銥	0	0	1	100.0000	
9929	舾	0	0	1	100.0000	
9930	螉	0	0	1	100.0000	
9931	繤	0	0	1	100.0000	
9932	琬	0	0	5	100.0000	
9933	瀧	0	0	6	100.0000	
9934	鈘	0	0	1	100.0000	
9935	蝝	0	0	1	100.0000	
9936	蕤	0	0	3	100.0000	
9937	菝	0	0	3	100.0000	
9938	髷	0	0	1	100.0000	
9939	獍	0	0	1	100.0000	
9940	柞	0	0	3	100.0000	
9941	钅	0	0	1	100.0000	
9942	韫	0	0	1	100.0000	
9943	囃	0	0	1	100.0000	
9944	謜	0	0	1	100.0000	
9945	柶	0	0	1	100.0000	
9946	酔	0	0	1	100.0000	
9947	煺	0	0	1	100.0000	
9948	鍘	0	0	1	100.0000	
9949	宍	0	0	1	100.0000	
9950	颣	0	0	1	100.0000	
9951	骧	0	0	3	100.0000	
9952	柃	0	0	1	100.0000	
9953	鳒	0	0	1	100.0000	
9954	媂	0	0	1	100.0000	
9955	籙	0	0	2	100.0000	
9956	腧	0	0	1	100.0000	
9957	暳	0	0	1	100.0000	
9958	綉	0	0	1	100.0000	
9959	蕯	0	0	1	100.0000	
9960	掾	0	0	1	100.0000	
9961	魆	0	0	1	100.0000	
9962	煘	0	0	1	100.0000	
9963	殛	0	0	1	100.0000	
9964	橦	0	0	1	100.0000	
9965	姛	0	0	1	100.0000	
9966	錒	0	0	1	100.0000	
9967	煫	0	0	1	100.0000	
9968	阠	0	0	1	100.0000	
9969	択	0	0	1	100.0000	
9970	钎	0	0	2	100.0000	
9971	潿	0	0	1	100.0000	
9972	匂	0	0	1	100.0000	
9973	茏	0	0	2	100.0000	
9974	昀	0	0	1	100.0000	
9975	喯	0	0	1	100.0000	
9976	歭	0	0	1	100.0000	
9977	齥	0	0	1	100.0000	
9978	鵶	0	0	1	100.0000	
9979	韗	0	0	1	100.0000	
9980	壨	0	0	1	100.0000	
9981	奡	0	0	1	100.0000	
9982	凓	0	0	1	100.0000	
9983	凟	0	0	1	100.0000	
9984	勓	0	0	1	100.0000	
9985	塿	0	0	1	100.0000	
9986	劒	0	0	1	100.0000	
9987	娎	0	0	1	100.0000	
9988	刌	0	0	1	100.0000	
9989	僋	0	0	1	100.0000	
9990	叴	0	0	1	100.0000	
9991	咼	0	0	1	100.0000	
9992	凁	0	0	1	100.0000	
9993	嘺	0	0	1	100.0000	
9994	呩	0	0	1	100.0000	
9995	栂	0	0	1	100.0000	
9996	鈅	0	0	1	100.0000	
9997	菂	0	0	1	100.0000	
9998	咥	0	0	1	100.0000	
9999	秢	0	0	1	100.0000	
10000	晙	0	0	3	100.0000	
10001	郄	0	0	3	100.0000	
10002	猷	0	0	2	100.0000	
10003	熹	0	0	11	100.0000	
10004	筌	0	0	1	100.0000	
10005	藪	0	0	1	100.0000	
10006	櫸	0	0	4	100.0000	
10007	迤	0	0	3	100.0000	
10008	鳢	0	0	1	100.0000	
10009	鼷	0	0	1	100.0000	
10010	禛	0	0	1	100.0000	
10011	巉	0	0	1	100.0000	
10012	蕁	0	0	3	100.0000	
10013	鼢	0	0	1	100.0000	
10014	怃	0	0	2	100.0000	
10015	氳	0	0	3	100.0000	
10016	禼	0	0	1	100.0000	
10017	譡	0	0	1	100.0000	
10018	馣	0	0	1	100.0000	
10019	鞔	0	0	1	100.0000	
10020	憺	0	0	1	100.0000	
10021	飊	0	0	1	100.0000	
10022	卹	0	0	2	100.0000	
10023	纁	0	0	1	100.0000	
10024	酐	0	0	3	100.0000	
10025	銁	0	0	1	100.0000	
10026	鈹	0	0	1	100.0000	
10027	鯸	0	0	1	100.0000	
10028	牮	0	0	1	100.0000	
10029	芻	0	0	3	100.0000	
10030	邳	0	0	1	100.0000	
10031	櫪	0	0	2	100.0000	
10032	簩	0	0	1	100.0000	
10033	钽	0	0	2	100.0000	
10034	焐	0	0	1	100.0000	
10035	搦	0	0	1	100.0000	
10036	袢	0	0	3	100.0000	
10037	倣	0	0	1	100.0000	
10038	秚	0	0	1	100.0000	
10039	耟	0	0	1	100.0000	
10040	曌	0	0	3	100.0000	
10041	鲆	0	0	1	100.0000	
10042	酄	0	0	1	100.0000	
10043	咈	0	0	1	100.0000	
10044	眓	0	0	1	100.0000	
10045	栝	0	0	3	100.0000	
10046	羢	0	0	1	100.0000	
10047	涑	0	0	1	100.0000	
10048	璭	0	0	1	100.0000	
10049	舲	0	0	1	100.0000	
10050	淢	0	0	1	100.0000	
10051	婺	0	0	2	100.0000	
10052	煅	0	0	1	100.0000	
10053	妪	0	0	3	100.0000	
10054	媪	0	0	3	100.0000	
10055	喑	0	0	1	100.0000	
10056	铣	0	0	2	100.0000	
10057	荸	0	0	3	100.0000	
10058	荠	0	0	3	100.0000	
10059	馔	0	0	3	100.0000	
10060	艄	0	0	2	100.0000	
10061	繢	0	0	1	100.0000	
10062	鍥	0	0	2	100.0000	
10063	籅	0	0	1	100.0000	
10064	呺	0	0	1	100.0000	
10065	镚	0	0	3	100.0000	
10066	栔	0	0	1	100.0000	
10067	挈	0	0	5	100.0000	
10068	凼	0	0	1	100.0000	
10069	簂	0	0	1	100.0000	
10070	睯	0	0	1	100.0000	
10071	鷺	0	0	2	100.0000	
10072	錳	0	0	2	100.0000	
10073	鴇	0	0	2	100.0000	
10074	靭	0	0	1	100.0000	
10075	帏	0	0	2	100.0000	
10076	橕	0	0	1	100.0000	
10077	恊	0	0	1	100.0000	
10078	挒	0	0	1	100.0000	
10079	泓	0	0	3	100.0000	
10080	琰	0	0	4	100.0000	
10081	糘	0	0	1	100.0000	
10082	篆	0	0	3	100.0000	
10083	罧	0	0	1	100.0000	
10084	櫌	0	0	1	100.0000	
10085	畬	0	0	1	100.0000	
10086	蓊	0	0	1	100.0000	
10087	齎	0	0	1	100.0000	
10088	萢	0	0	1	100.0000	
10089	嗫	0	0	3	100.0000	
10090	旼	0	0	1	100.0000	
10091	梜	0	0	1	100.0000	
10092	扷	0	0	1	100.0000	
10093	苧	0	0	1	100.0000	
10094	鯪	0	0	2	100.0000	
10095	笄	0	0	1	100.0000	
10096	艭	0	0	1	100.0000	
10097	蚑	0	0	1	100.0000	
10098	螥	0	0	1	100.0000	
10099	騩	0	0	1	100.0000	
10100	肻	0	0	1	100.0000	
10101	筰	0	0	1	100.0000	
10102	薖	0	0	1	100.0000	
10103	蠓	0	0	1	100.0000	
10104	嵩	0	0	11	100.0000	
10105	繒	0	0	1	100.0000	
10106	迋	0	0	1	100.0000	
10107	踣	0	0	1	100.0000	
10108	坼	0	0	1	100.0000	
10109	彝	0	0	7	100.0000	
10110	葶	0	0	1	100.0000	
10111	搋	0	0	1	100.0000	
10112	劐	0	0	1	100.0000	
10113	瞤	0	0	1	100.0000	
10114	娗	0	0	1	100.0000	
10115	榥	0	0	1	100.0000	
10116	鈇	0	0	1	100.0000	
10117	亍	0	0	1	100.0000	
10118	喟	0	0	3	100.0000	
10119	蚅	0	0	1	100.0000	
10120	雊	0	0	1	100.0000	
10121	峷	0	0	1	100.0000	
10122	鼐	0	0	1	100.0000	
10123	祣	0	0	1	100.0000	
10124	訬	0	0	1	100.0000	
10125	缡	0	0	1	100.0000	
10126	穋	0	0	1	100.0000	
10127	歛	0	0	2	100.0000	
10128	酹	0	0	1	100.0000	
10129	臵	0	0	1	100.0000	
10130	瓾	0	0	1	100.0000	
10131	镤	0	0	1	100.0000	
10132	曨	0	0	1	100.0000	
10133	礣	0	0	1	100.0000	
10134	禞	0	0	1	100.0000	
10135	钿	0	0	6	100.0000	
10136	镎	0	0	1	100.0000	
10137	霊	0	0	1	100.0000	
10138	喩	0	0	1	100.0000	
10139	聁	0	0	1	100.0000	
10140	肒	0	0	1	100.0000	
10141	钷	0	0	1	100.0000	
10142	疧	0	0	1	100.0000	
10143	丬	0	0	1	100.0000	
10144	鉵	0	0	1	100.0000	
10145	謨	0	0	2	100.0000	
10146	殞	0	0	4	100.0000	
10147	縆	0	0	1	100.0000	
10148	奾	0	0	1	100.0000	
10149	铄	0	0	3	100.0000	
10150	芤	0	0	1	100.0000	
10151	颏	0	0	3	100.0000	
10152	遶	0	0	1	100.0000	
10153	錠	0	0	4	100.0000	
10154	楜	0	0	1	100.0000	
10155	軼	0	0	5	100.0000	
10156	甼	0	0	1	100.0000	
10157	潯	0	0	4	100.0000	
10158	翤	0	0	1	100.0000	
10159	眫	0	0	1	100.0000	
10160	訄	0	0	1	100.0000	
10161	癉	0	0	1	100.0000	
10162	篺	0	0	1	100.0000	
10163	睟	0	0	1	100.0000	
10164	禳	0	0	1	100.0000	
10165	暌	0	0	3	100.0000	
10166	敆	0	0	1	100.0000	
10167	呫	0	0	1	100.0000	
10168	璤	0	0	1	100.0000	
10169	繯	0	0	1	100.0000	
10170	畳	0	0	1	100.0000	
10171	籨	0	0	1	100.0000	
10172	郟	0	0	1	100.0000	
10173	陘	0	0	2	100.0000	
10174	侉	0	0	1	100.0000	
10175	窀	0	0	2	100.0000	
10176	铕	0	0	1	100.0000	
10177	閠	0	0	1	100.0000	
10178	怞	0	0	1	100.0000	
10179	硍	0	0	1	100.0000	
10180	唲	0	0	1	100.0000	
10181	韛	0	0	1	100.0000	
10182	戽	0	0	1	100.0000	
10183	勐	0	0	5	100.0000	
10184	勰	0	0	1	100.0000	
10185	鐙	0	0	1	100.0000	
10186	裯	0	0	1	100.0000	
10187	鑞	0	0	1	100.0000	
10188	藋	0	0	1	100.0000	
10189	氝	0	0	1	100.0000	
10190	趄	0	0	1	100.0000	
10191	臾	0	0	6	100.0000	
10192	潽	0	0	1	100.0000	
10193	迣	0	0	1	100.0000	
10194	罌	0	0	5	100.0000	
10195	佤	0	0	1	100.0000	
10196	閎	0	0	1	100.0000	
10197	轳	0	0	1	100.0000	
10198	緃	0	0	1	100.0000	
10199	炀	0	0	1	100.0000	
10200	淈	0	0	1	100.0000	
10201	磄	0	0	1	100.0000	
10202	梼	0	0	1	100.0000	
10203	檮	0	0	1	100.0000	
10204	諶	0	0	2	100.0000	
10205	僗	0	0	1	100.0000	
10206	碥	0	0	1	100.0000	
10207	苴	0	0	1	100.0000	
10208	鯕	0	0	1	100.0000	
10209	鑟	0	0	1	100.0000	
10210	趖	0	0	1	100.0000	
10211	胍	0	0	1	100.0000	
10212	喌	0	0	1	100.0000	
10213	壎	0	0	1	100.0000	
10214	椐	0	0	1	100.0000	
10215	厹	0	0	1	100.0000	
10216	卌	0	0	1	100.0000	
10217	皉	0	0	1	100.0000	
10218	汛	0	0	4	100.0000	HSK7-9
10219	澙	0	0	1	100.0000	
10220	罴	0	0	1	100.0000	
10221	銨	0	0	4	100.0000	
10222	嫺	0	0	1	100.0000	
10223	塹	0	0	3	100.0000	
10224	槼	0	0	1	100.0000	
10225	莘	0	0	6	100.0000	
10226	駜	0	0	1	100.0000	
10227	眲	0	0	1	100.0000	
10228	硢	0	0	1	100.0000	
10229	蕸	0	0	1	100.0000	
10230	锝	0	0	1	100.0000	
10231	査	0	0	1	100.0000	
10232	糌	0	0	1	100.0000	
10233	縴	0	0	1	100.0000	
10234	囈	0	0	2	100.0000	
10235	眝	0	0	1	100.0000	
10236	袓	0	0	1	100.0000	
10237	羼	0	0	1	100.0000	
10238	朹	0	0	1	100.0000	
10239	颩	0	0	1	100.0000	
10240	齦	0	0	5	100.0000	
10241	蟜	0	0	1	100.0000	
10242	羧	0	0	1	100.0000	
10243	鉚	0	0	2	100.0000	
10244	曚	0	0	1	100.0000	
10245	欭	0	0	1	100.0000	
10246	旂	0	0	1	100.0000	
10247	朓	0	0	1	100.0000	
10248	欳	0	0	1	100.0000	
10249	抏	0	0	1	100.0000	
10250	筄	0	0	1	100.0000	
10251	肭	0	0	1	100.0000	
10252	捔	0	0	1	100.0000	
10253	訐	0	0	4	100.0000	
10254	孌	0	0	1	100.0000	
10255	璙	0	0	1	100.0000	
10256	繿	0	0	1	100.0000	
10257	怚	0	0	1	100.0000	
10258	圏	0	0	1	100.0000	
10259	捽	0	0	1	100.0000	
10260	婠	0	0	1	100.0000	
10261	崥	0	0	1	100.0000	
10262	嗍	0	0	1	100.0000	
10263	痆	0	0	1	100.0000	
10264	骈	0	0	2	100.0000	
10265	忔	0	0	1	100.0000	
10266	窠	0	0	4	100.0000	
10267	笯	0	0	1	100.0000	
10268	鴗	0	0	1	100.0000	
10269	鹟	0	0	1	100.0000	
10270	鋇	0	0	1	100.0000	
10271	惻	0	0	3	100.0000	
10272	噦	0	0	1	100.0000	
10273	胵	0	0	1	100.0000	
10274	怑	0	0	1	100.0000	
10275	镒	0	0	2	100.0000	
10276	踨	0	0	1	100.0000	
10277	焘	0	0	4	100.0000	
10278	遒	0	0	2	100.0000	
10279	囓	0	0	3	100.0000	
10280	硯	0	0	2	100.0000	
10281	籞	0	0	1	100.0000	
10282	酏	0	0	1	100.0000	
10283	瞫	0	0	1	100.0000	
10284	簐	0	0	1	100.0000	
10285	肦	0	0	1	100.0000	
10286	镏	0	0	2	100.0000	
10287	胿	0	0	1	100.0000	
10288	筴	0	0	1	100.0000	
10289	琣	0	0	1	100.0000	
10290	蹌	0	0	2	100.0000	
10291	睆	0	0	1	100.0000	
10292	尢	0	0	1	100.0000	
10293	刭	0	0	2	100.0000	
10294	圧	0	0	1	100.0000	
10295	愍	0	0	1	100.0000	
10296	惝	0	0	1	100.0000	
10297	徶	0	0	1	100.0000	
10298	戡	0	0	3	100.0000	
10299	烴	0	0	1	100.0000	
10300	皁	0	0	1	100.0000	
10301	檍	0	0	1	100.0000	
10302	黿	0	0	1	100.0000	
10303	舯	0	0	1	100.0000	
10304	紖	0	0	1	100.0000	
10305	摷	0	0	1	100.0000	
10306	徴	0	0	1	100.0000	
10307	嗾	0	0	1	100.0000	
10308	鶮	0	0	1	100.0000	
10309	朙	0	0	1	100.0000	
10310	湜	0	0	1	100.0000	
10311	鵟	0	0	1	100.0000	
10312	舴	0	0	1	100.0000	
10313	櫕	0	0	1	100.0000	
10314	欏	0	0	1	100.0000	
10315	藼	0	0	1	100.0000	
10316	鳜	0	0	1	100.0000	
10317	鮫	0	0	3	100.0000	
10318	佄	0	0	1	100.0000	
10319	騨	0	0	1	100.0000	
10320	鐁	0	0	1	100.0000	
10321	糢	0	0	1	100.0000	
10322	驥	0	0	2	100.0000	
10323	潶	0	0	1	100.0000	
10324	諞	0	0	1	100.0000	
10325	橵	0	0	1	100.0000	
10326	蛳	0	0	2	100.0000	
10327	璑	0	0	1	100.0000	
10328	壸	0	0	1	100.0000	
10329	黟	0	0	1	100.0000	
10330	斎	0	0	2	100.0000	
10331	鼇	0	0	1	100.0000	
10332	鉭	0	0	1	100.0000	
10333	箬	0	0	1	100.0000	
10334	僞	0	0	1	100.0000	
10335	嚦	0	0	1	100.0000	
10336	抅	0	0	1	100.0000	
10337	洏	0	0	1	100.0000	
10338	虢	0	0	1	100.0000	
10339	囯	0	0	1	100.0000	
10340	埘	0	0	1	100.0000	
10341	韮	0	0	1	100.0000	
10342	鉫	0	0	1	100.0000	
10343	縔	0	0	1	100.0000	
10344	髄	0	0	1	100.0000	
10345	醝	0	0	1	100.0000	
10346	縠	0	0	1	100.0000	
10347	髍	0	0	1	100.0000	
10348	枃	0	0	1	100.0000	
10349	鏣	0	0	1	100.0000	
10350	鄋	0	0	1	100.0000	
10351	仞	0	0	3	100.0000	
10352	昶	0	0	1	100.0000	
10353	鵭	0	0	1	100.0000	
10354	豦	0	0	1	100.0000	
10355	靋	0	0	1	100.0000	
10356	殂	0	0	1	100.0000	
10357	塠	0	0	1	100.0000	
10358	堘	0	0	1	100.0000	
10359	奒	0	0	1	100.0000	
10360	尭	0	0	1	100.0000	
10361	喛	0	0	1	100.0000	
10362	嘝	0	0	1	100.0000	
10363	堏	0	0	1	100.0000	
10364	婗	0	0	1	100.0000	
10365	勡	0	0	1	100.0000	
10366	曊	0	0	1	100.0000	
10367	剘	0	0	1	100.0000	
10368	婯	0	0	1	100.0000	
10369	嫶	0	0	1	100.0000	
10370	哴	0	0	1	100.0000	
10371	墄	0	0	1	100.0000	
10372	塙	0	0	1	100.0000	
10373	尐	0	0	1	100.0000	
10374	奿	0	0	1	100.0000	
10375	圼	0	0	1	100.0000	
10376	咵	0	0	1	100.0000	
10377	奨	0	0	1	100.0000	
10378	墌	0	0	1	100.0000	
10379	匉	0	0	1	100.0000	
10380	叀	0	0	1	100.0000	
10381	堛	0	0	1	100.0000	
10382	愴	0	0	2	100.0000	
10383	鲦	0	0	1	100.0000	
10384	湱	0	0	1	100.0000	
10385	牀	0	0	1	100.0000	
10386	酲	0	0	1	100.0000	
10387	梀	0	0	1	100.0000	
10388	稩	0	0	1	100.0000	
10389	棻	0	0	1	100.0000	
10390	僉	0	0	2	100.0000	
10391	晊	0	0	1	100.0000	
10392	萹	0	0	1	100.0000	
10393	岕	0	0	1	100.0000	
10394	捑	0	0	1	100.0000	
10395	怷	0	0	1	100.0000	
10396	醨	0	0	1	100.0000	
10397	錙	0	0	1	100.0000	
10398	纇	0	0	1	100.0000	
10399	煭	0	0	1	100.0000	
10400	貰	0	0	1	100.0000	
10401	擩	0	0	1	100.0000	
10402	喤	0	0	1	100.0000	
10403	窎	0	0	1	100.0000	
10404	蝲	0	0	3	100.0000	
10405	滬	0	0	4	100.0000	
10406	珪	0	0	1	100.0000	
10407	揃	0	0	1	100.0000	
10408	羷	0	0	1	100.0000	
10409	麭	0	0	1	100.0000	
10410	縻	0	0	1	100.0000	
10411	麿	0	0	1	100.0000	
10412	铫	0	0	1	100.0000	
10413	蠡	0	0	3	100.0000	
10414	烔	0	0	1	100.0000	
10415	毘	0	0	1	100.0000	
10416	蔎	0	0	1	100.0000	
10417	崚	0	0	1	100.0000	
10418	妫	0	0	1	100.0000	
10419	藁	0	0	1	100.0000	
10420	螏	0	0	1	100.0000	
10421	碢	0	0	1	100.0000	
10422	焜	0	0	1	100.0000	
10423	竓	0	0	1	100.0000	
10424	慿	0	0	1	100.0000	
10425	鯣	0	0	1	100.0000	
10426	㖿	0	0	1	100.0000	
10427	甾	0	0	3	100.0000	
10428	鵖	0	0	1	100.0000	
10429	纥	0	0	1	100.0000	
10430	羃	0	0	1	100.0000	
10431	鬻	0	0	2	100.0000	
10432	垓	0	0	2	100.0000	
10433	蘗	0	0	3	100.0000	
10434	棖	0	0	1	100.0000	
10435	仏	0	0	1	100.0000	
10436	卩	0	0	1	100.0000	
10437	櫺	0	0	1	100.0000	
10438	榾	0	0	1	100.0000	
10439	焯	0	0	9	100.0000	
10440	頼	0	0	1	100.0000	
10441	鈒	0	0	1	100.0000	
10442	簅	0	0	1	100.0000	
10443	鞥	0	0	1	100.0000	
10444	萛	0	0	1	100.0000	
10445	酨	0	0	1	100.0000	
10446	僦	0	0	1	100.0000	
10447	傎	0	0	1	100.0000	
10448	瓯	0	0	2	100.0000	
10449	垭	0	0	1	100.0000	
10450	謘	0	0	1	100.0000	
10451	仝	0	0	11	100.0000	
10452	穑	0	0	1	100.0000	
10453	氬	0	0	1	100.0000	
10454	戞	0	0	1	100.0000	
10455	雠	0	0	1	100.0000	
10456	疠	0	0	3	100.0000	
10457	寘	0	0	1	100.0000	
10458	堠	0	0	1	100.0000	
10459	惸	0	0	1	100.0000	
10460	梔	0	0	2	100.0000	
10461	圢	0	0	1	100.0000	
10462	葧	0	0	1	100.0000	
10463	粯	0	0	1	100.0000	
10464	獬	0	0	2	100.0000	
10465	螓	0	0	1	100.0000	
10466	矷	0	0	2	100.0000	
10467	鸞	0	0	2	100.0000	
10468	愖	0	0	1	100.0000	
10469	圤	0	0	1	100.0000	
10470	狺	0	0	1	100.0000	
10471	暏	0	0	1	100.0000	
10472	嶁	0	0	1	100.0000	
10473	曫	0	0	1	100.0000	
10474	弢	0	0	1	100.0000	
10475	饣	0	0	1	100.0000	
10476	缁	0	0	1	100.0000	
10477	罨	0	0	1	100.0000	
10478	癋	0	0	1	100.0000	
10479	餗	0	0	1	100.0000	
10480	諏	0	0	1	100.0000	
10481	眇	0	0	1	100.0000	
10482	鄆	0	0	1	100.0000	
10483	僳	0	0	1	100.0000	
10484	纚	0	0	1	100.0000	
10485	楺	0	0	1	100.0000	
10486	酳	0	0	1	100.0000	
10487	餤	0	0	1	100.0000	
10488	驃	0	0	1	100.0000	
10489	惞	0	0	1	100.0000	
10490	腈	0	0	1	100.0000	
10491	嶪	0	0	1	100.0000	
10492	潲	0	0	3	100.0000	
10493	媬	0	0	1	100.0000	
10494	殽	0	0	1	100.0000	
10495	貔	0	0	1	100.0000	
10496	貅	0	0	1	100.0000	
10497	訶	0	0	2	100.0000	
10498	豍	0	0	1	100.0000	
10499	崧	0	0	1	100.0000	
10500	蹀	0	0	1	100.0000	
10501	搌	0	0	1	100.0000	
10502	邗	0	0	2	100.0000	
10503	艴	0	0	1	100.0000	
10504	泺	0	0	2	100.0000	
10505	臁	0	0	1	100.0000	
10506	骢	0	0	1	100.0000	
10507	跽	0	0	1	100.0000	
10508	逶	0	0	2	100.0000	
10509	阗	0	0	2	100.0000	
10510	跹	0	0	3	100.0000	
10511	邛	0	0	1	100.0000	
10512	嵎	0	0	1	100.0000	
10513	毸	0	0	1	100.0000	
10514	镓	0	0	2	100.0000	
10515	癜	0	0	4	100.0000	
10516	杪	0	0	1	100.0000	
10517	泙	0	0	1	100.0000	
10518	嵚	0	0	1	100.0000	
10519	棷	0	0	1	100.0000	
10520	恾	0	0	1	100.0000	
10521	礅	0	0	1	100.0000	
10522	罟	0	0	2	100.0000	
10523	嫫	0	0	1	100.0000	
10524	蛒	0	0	1	100.0000	
10525	衈	0	0	1	100.0000	
10526	仡	0	0	1	100.0000	
10527	濰	0	0	1	100.0000	
10528	諅	0	0	1	100.0000	
10529	歏	0	0	1	100.0000	
10530	蜳	0	0	1	100.0000	
10531	漈	0	0	1	100.0000	
10532	鰡	0	0	1	100.0000	
10533	鰊	0	0	1	100.0000	
10534	怙	0	0	1	100.0000	
10535	髳	0	0	1	100.0000	
10536	瞍	0	0	1	100.0000	
10537	胇	0	0	1	100.0000	
10538	伳	0	0	1	100.0000	
10539	窞	0	0	1	100.0000	
10540	巜	0	0	1	100.0000	
10541	踅	0	0	1	100.0000	
10542	黋	0	0	1	100.0000	
10543	鷛	0	0	1	100.0000	
10544	臽	0	0	1	100.0000	
10545	抝	0	0	1	100.0000	
10546	蠵	0	0	1	100.0000	
10547	臧	0	0	5	100.0000	
10548	璩	0	0	1	100.0000	
10549	臗	0	0	1	100.0000	
10550	钇	0	0	1	100.0000	
10551	氆	0	0	1	100.0000	
10552	陿	0	0	1	100.0000	
10553	睌	0	0	1	100.0000	
10554	蠌	0	0	1	100.0000	
10555	姭	0	0	1	100.0000	
10556	莐	0	0	1	100.0000	
10557	囗	0	0	3	100.0000	
10558	簌	0	0	2	100.0000	
10559	鸕	0	0	2	100.0000	
10560	瘘	0	0	3	100.0000	
10561	芾	0	0	2	100.0000	
10562	莛	0	0	1	100.0000	
10563	鲒	0	0	1	100.0000	
10564	圪	0	0	2	100.0000	
10565	歆	0	0	4	100.0000	
10566	婧	0	0	3	100.0000	
10567	鰎	0	0	1	100.0000	
10568	暻	0	0	1	100.0000	
10569	珏	0	0	4	100.0000	
10570	郦	0	0	1	100.0000	
10571	鏬	0	0	1	100.0000	
10572	鲲	0	0	3	100.0000	
10573	跗	0	0	1	100.0000	
10574	檠	0	0	1	100.0000	
10575	肟	0	0	1	100.0000	
10576	喁	0	0	1	100.0000	
10577	鲾	0	0	1	100.0000	
10578	堳	0	0	1	100.0000	
10579	辔	0	0	1	100.0000	
10580	婟	0	0	1	100.0000	
10581	悁	0	0	1	100.0000	
10582	拺	0	0	1	100.0000	
10583	倱	0	0	1	100.0000	
10584	苡	0	0	2	100.0000	
10585	鮡	0	0	1	100.0000	
10586	縏	0	0	1	100.0000	
10587	嚅	0	0	2	100.0000	
10588	艽	0	0	1	100.0000	
10589	袪	0	0	1	100.0000	
10590	蒬	0	0	1	100.0000	
10591	诤	0	0	3	100.0000	
10592	聮	0	0	1	100.0000	
10593	埤	0	0	3	100.0000	
10594	嶚	0	0	1	100.0000	
10595	樗	0	0	1	100.0000	
10596	颟	0	0	2	100.0000	
10597	楦	0	0	1	100.0000	
10598	篼	0	0	1	100.0000	
10599	遘	0	0	1	100.0000	
10600	鰹	0	0	3	100.0000	
10601	巈	0	0	1	100.0000	
10602	歱	0	0	1	100.0000	
10603	騯	0	0	1	100.0000	
10604	鑛	0	0	1	100.0000	
10605	歬	0	0	1	100.0000	
10606	靤	0	0	1	100.0000	
10607	瀗	0	0	1	100.0000	
10608	韏	0	0	1	100.0000	
10609	寋	0	0	1	100.0000	
10610	咓	0	0	1	100.0000	
10611	嬞	0	0	1	100.0000	
10612	僜	0	0	1	100.0000	
10613	凒	0	0	1	100.0000	
10614	劯	0	0	1	100.0000	
10615	僽	0	0	1	100.0000	
10616	坥	0	0	1	100.0000	
10617	儺	0	0	3	100.0000	
10618	勊	0	0	1	100.0000	
10619	奅	0	0	1	100.0000	
10620	嗛	0	0	1	100.0000	
10621	僣	0	0	1	100.0000	
10622	勩	0	0	1	100.0000	
10623	塆	0	0	1	100.0000	
10624	圲	0	0	1	100.0000	
10625	堒	0	0	1	100.0000	
10626	嬳	0	0	1	100.0000	
10627	惖	0	0	1	100.0000	
10628	嗿	0	0	1	100.0000	
10629	囒	0	0	1	100.0000	
10630	腂	0	0	1	100.0000	
10631	煇	0	0	1	100.0000	
10632	褌	0	0	1	100.0000	
10633	讃	0	0	1	100.0000	
10634	頜	0	0	4	100.0000	
10635	栢	0	0	1	100.0000	
10636	敤	0	0	1	100.0000	
10637	楱	0	0	1	100.0000	
10638	歙	0	0	1	100.0000	
10639	鼰	0	0	1	100.0000	
10640	挔	0	0	1	100.0000	
10641	锴	0	0	1	100.0000	
10642	爫	0	0	1	100.0000	
10643	疰	0	0	2	100.0000	
10644	関	0	0	3	100.0000	
10645	砗	0	0	1	100.0000	
10646	枳	0	0	2	100.0000	
10647	蠺	0	0	1	100.0000	
10648	鉧	0	0	1	100.0000	
10649	塥	0	0	1	100.0000	
10650	鴏	0	0	1	100.0000	
10651	珲	0	0	2	100.0000	
10652	蝥	0	0	1	100.0000	
10653	柝	0	0	1	100.0000	
10654	蔟	0	0	1	100.0000	
10655	訢	0	0	2	100.0000	
10656	鵘	0	0	1	100.0000	
10657	鵔	0	0	1	100.0000	
10658	伄	0	0	1	100.0000	
10659	冓	0	0	1	100.0000	
10660	侕	0	0	1	100.0000	
10661	忥	0	0	1	100.0000	
10662	藾	0	0	1	100.0000	
10663	坜	0	0	1	100.0000	
10664	錟	0	0	1	100.0000	
10665	奭	0	0	1	100.0000	
10666	瘖	0	0	1	100.0000	
10667	偰	0	0	1	100.0000	
10668	泧	0	0	1	100.0000	
10669	萰	0	0	1	100.0000	
10670	薴	0	0	1	100.0000	
10671	諄	0	0	2	100.0000	
10672	苻	0	0	2	100.0000	
10673	稃	0	0	1	100.0000	
10674	沂	0	0	3	100.0000	
10675	侺	0	0	1	100.0000	
10676	跍	0	0	1	100.0000	
10677	譀	0	0	1	100.0000	
10678	襝	0	0	1	100.0000	
10679	塬	0	0	1	100.0000	
10680	伿	0	0	1	100.0000	
10681	筇	0	0	2	100.0000	
10682	圊	0	0	1	100.0000	
10683	鬊	0	0	1	100.0000	
10684	郚	0	0	1	100.0000	
10685	葟	0	0	1	100.0000	
10686	埙	0	0	2	100.0000	
10687	箪	0	0	1	100.0000	
10688	镢	0	0	1	100.0000	
10689	轼	0	0	2	100.0000	
10690	虬	0	0	2	100.0000	
10691	丿	0	0	1	100.0000	
10692	堙	0	0	1	100.0000	
10693	铌	0	0	1	100.0000	
10694	抔	0	0	1	100.0000	
10695	銚	0	0	1	100.0000	
10696	昃	0	0	1	100.0000	
10697	豨	0	0	1	100.0000	
10698	膅	0	0	1	100.0000	
10699	迉	0	0	1	100.0000	
10700	鮿	0	0	1	100.0000	
10701	爌	0	0	1	100.0000	
10702	锳	0	0	1	100.0000	
10703	聱	0	0	2	100.0000	
10704	嚱	0	0	1	100.0000	
10705	隂	0	0	1	100.0000	
10706	挋	0	0	1	100.0000	
10707	醳	0	0	1	100.0000	
10708	銌	0	0	1	100.0000	
10709	鋈	0	0	1	100.0000	
10710	阕	0	0	2	100.0000	
10711	喖	0	0	1	100.0000	
10712	逦	0	0	1	100.0000	
10713	诰	0	0	3	100.0000	
10714	槎	0	0	1	100.0000	
10715	鹘	0	0	1	100.0000	
10716	諴	0	0	1	100.0000	
10717	簟	0	0	1	100.0000	
10718	鼱	0	0	1	100.0000	
10719	焠	0	0	1	100.0000	
10720	珣	0	0	1	100.0000	
10721	苘	0	0	1	100.0000	
10722	謳	0	0	1	100.0000	
10723	覈	0	0	2	100.0000	
10724	钫	0	0	1	100.0000	
10725	牾	0	0	1	100.0000	
10726	鈁	0	0	1	100.0000	
10727	嘠	0	0	1	100.0000	
10728	倧	0	0	1	100.0000	
10729	犍	0	0	2	100.0000	
10730	徧	0	0	1	100.0000	
10731	裊	0	0	3	100.0000	
10732	鏦	0	0	1	100.0000	
10733	溧	0	0	2	100.0000	
10734	齉	0	0	1	100.0000	
10735	钰	0	0	5	100.0000	
10736	鈺	0	0	1	100.0000	
10737	猆	0	0	1	100.0000	
10738	淊	0	0	1	100.0000	
10739	槊	0	0	1	100.0000	
10740	輊	0	0	1	100.0000	
10741	獏	0	0	1	100.0000	
10742	軾	0	0	2	100.0000	
10743	屇	0	0	1	100.0000	
10744	軆	0	0	1	100.0000	
10745	矱	0	0	1	100.0000	
10746	偸	0	0	1	100.0000	
10747	氷	0	0	1	100.0000	
10748	燸	0	0	1	100.0000	
10749	掅	0	0	1	100.0000	
10750	鬩	0	0	2	100.0000	
10751	恴	0	0	1	100.0000	
10752	黢	0	0	2	100.0000	
10753	霈	0	0	1	100.0000	
10754	儷	0	0	4	100.0000	
10755	琺	0	0	2	100.0000	
10756	穥	0	0	1	100.0000	
10757	佸	0	0	1	100.0000	
10758	雿	0	0	1	100.0000	
10759	衁	0	0	1	100.0000	
10760	鈰	0	0	1	100.0000	
10761	芎	0	0	2	100.0000	
10762	鸝	0	0	2	100.0000	
10763	嗮	0	0	1	100.0000	
10764	剰	0	0	1	100.0000	
10765	杲	0	0	2	100.0000	
10766	祌	0	0	1	100.0000	
10767	柷	0	0	1	100.0000	
10768	窼	0	0	1	100.0000	
10769	筟	0	0	1	100.0000	
10770	愒	0	0	1	100.0000	
10771	枨	0	0	1	100.0000	
10772	铩	0	0	1	100.0000	
10773	迶	0	0	1	100.0000	
10774	庥	0	0	1	100.0000	
10775	槇	0	0	1	100.0000	
10776	盱	0	0	1	100.0000	
10777	鴝	0	0	1	100.0000	
10778	軽	0	0	1	100.0000	
10779	莼	0	0	1	100.0000	
10780	鯵	0	0	1	100.0000	
10781	晳	0	0	1	100.0000	
10782	姮	0	0	1	100.0000	
10783	雗	0	0	1	100.0000	
10784	軻	0	0	3	100.0000	
10785	鹀	0	0	1	100.0000	
10786	蕻	0	0	1	100.0000	
10787	薗	0	0	1	100.0000	
10788	旒	0	0	1	100.0000	
10789	唓	0	0	1	100.0000	
10790	辤	0	0	1	100.0000	
10791	骶	0	0	3	100.0000	
10792	顳	0	0	1	100.0000	
10793	酽	0	0	1	100.0000	
10794	璈	0	0	1	100.0000	
10795	誾	0	0	1	100.0000	
10796	邴	0	0	1	100.0000	
10797	僿	0	0	1	100.0000	
10798	雩	0	0	2	100.0000	
10799	锕	0	0	2	100.0000	
10800	鍝	0	0	1	100.0000	
10801	禇	0	0	1	100.0000	
10802	覹	0	0	1	100.0000	
10803	埆	0	0	1	100.0000	
10804	噞	0	0	1	100.0000	
10805	紬	0	0	1	100.0000	
10806	莒	0	0	4	100.0000	
10807	鼋	0	0	1	100.0000	
10808	衏	0	0	1	100.0000	
10809	捤	0	0	1	100.0000	
10810	砭	0	0	3	100.0000	
10811	刞	0	0	1	100.0000	
10812	墉	0	0	3	100.0000	
10813	槄	0	0	1	100.0000	
10814	漥	0	0	1	100.0000	
10815	秣	0	0	5	100.0000	
10816	畂	0	0	1	100.0000	
10817	馸	0	0	1	100.0000	
10818	鉓	0	0	1	100.0000	
10819	觞	0	0	4	100.0000	
10820	襬	0	0	1	100.0000	
10821	熒	0	0	7	100.0000	
10822	櫳	0	0	1	100.0000	
10823	荬	0	0	1	100.0000	
10824	蕒	0	0	1	100.0000	
10825	酆	0	0	2	100.0000	
10826	汸	0	0	1	100.0000	
10827	梐	0	0	1	100.0000	
10828	暺	0	0	1	100.0000	
10829	熓	0	0	1	100.0000	
10830	缣	0	0	1	100.0000	
10831	墈	0	0	1	100.0000	
10832	慒	0	0	1	100.0000	
10833	浥	0	0	1	100.0000	
10834	畺	0	0	1	100.0000	
10835	闈	0	0	1	100.0000	
10836	瑷	0	0	2	100.0000	
10837	瞹	0	0	1	100.0000	
10838	儋	0	0	1	100.0000	
10839	徦	0	0	1	100.0000	
10840	硤	0	0	2	100.0000	
10841	抐	0	0	1	100.0000	
10842	罬	0	0	1	100.0000	
10843	銡	0	0	1	100.0000	
10844	夀	0	0	1	100.0000	
10845	閭	0	0	2	100.0000	
10846	魃	0	0	1	100.0000	
10847	讜	0	0	1	100.0000	
10848	躭	0	0	1	100.0000	
10849	擕	0	0	1	100.0000	
10850	锬	0	0	1	100.0000	
10851	鷁	0	0	1	100.0000	
10852	僂	0	0	1	100.0000	
10853	诂	0	0	2	100.0000	
10854	尅	0	0	1	100.0000	
10855	睩	0	0	1	100.0000	
10856	専	0	0	1	100.0000	
10857	謾	0	0	1	100.0000	
10858	誚	0	0	1	100.0000	
10859	脿	0	0	1	100.0000	
10860	扃	0	0	1	100.0000	
10861	菕	0	0	1	100.0000	
10862	瞐	0	0	1	100.0000	
10863	鏊	0	0	1	100.0000	
10864	峁	0	0	1	100.0000	
10865	楫	0	0	3	100.0000	
10866	痃	0	0	1	100.0000	
10867	儍	0	0	1	100.0000	
10868	鴆	0	0	1	100.0000	
10869	塉	0	0	1	100.0000	
10870	雃	0	0	1	100.0000	
10871	禝	0	0	1	100.0000	
10872	錕	0	0	1	100.0000	
10873	螴	0	0	1	100.0000	
10874	灺	0	0	1	100.0000	
10875	鬮	0	0	1	100.0000	
10876	揎	0	0	1	100.0000	
10877	箜	0	0	1	100.0000	
10878	篌	0	0	2	100.0000	
10879	齺	0	0	1	100.0000	
10880	坉	0	0	1	100.0000	
10881	騸	0	0	1	100.0000	
10882	矺	0	0	1	100.0000	
10883	撗	0	0	1	100.0000	
10884	摶	0	0	1	100.0000	
10885	顥	0	0	1	100.0000	
10886	釨	0	0	1	100.0000	
10887	娙	0	0	1	100.0000	
10888	瓺	0	0	1	100.0000	
10889	樨	0	0	1	100.0000	
10890	蓕	0	0	1	100.0000	
10891	揳	0	0	1	100.0000	
10892	谽	0	0	1	100.0000	
10893	滙	0	0	1	100.0000	
10894	櫩	0	0	1	100.0000	
10895	櫝	0	0	1	100.0000	
10896	樄	0	0	1	100.0000	
10897	籼	0	0	4	100.0000	
10898	纎	0	0	1	100.0000	
10899	怱	0	0	1	100.0000	
10900	晁	0	0	1	100.0000	
10901	慅	0	0	1	100.0000	
10902	頫	0	0	1	100.0000	
10903	堣	0	0	1	100.0000	
10904	悮	0	0	1	100.0000	
10905	轣	0	0	1	100.0000	
10906	寜	0	0	1	100.0000	
10907	咰	0	0	1	100.0000	
10908	剗	0	0	1	100.0000	
10909	惵	0	0	1	100.0000	
10910	唒	0	0	1	100.0000	
10911	圹	0	0	1	100.0000	
10912	粢	0	0	1	100.0000	
10913	戧	0	0	1	100.0000	
10914	繲	0	0	1	100.0000	
10915	鴢	0	0	1	100.0000	
10916	襉	0	0	1	100.0000	
10917	獚	0	0	1	100.0000	
10918	扡	0	0	1	100.0000	
10919	宨	0	0	1	100.0000	
10920	峸	0	0	1	100.0000	
10921	敉	0	0	1	100.0000	
10922	賻	0	0	1	100.0000	
10923	贔	0	0	1	100.0000	
10924	聟	0	0	1	100.0000	
10925	蕚	0	0	1	100.0000	
10926	菘	0	0	1	100.0000	
10927	辧	0	0	1	100.0000	
10928	鈿	0	0	2	100.0000	
10929	殗	0	0	1	100.0000	
10930	劭	0	0	2	100.0000	
10931	煸	0	0	1	100.0000	
10932	鯁	0	0	1	100.0000	
10933	懟	0	0	1	100.0000	
10934	懆	0	0	1	100.0000	
10935	縙	0	0	1	100.0000	
10936	跾	0	0	1	100.0000	
10937	掼	0	0	1	100.0000	
10938	剚	0	0	1	100.0000	
10939	昑	0	0	1	100.0000	
10940	罊	0	0	1	100.0000	
10941	膄	0	0	1	100.0000	
10942	牍	0	0	3	100.0000	
10943	勲	0	0	1	100.0000	
10944	猻	0	0	1	100.0000	
10945	耺	0	0	1	100.0000	
10946	賌	0	0	1	100.0000	
10947	嬢	0	0	1	100.0000	
10948	骺	0	0	1	100.0000	
10949	壈	0	0	1	100.0000	
10950	疈	0	0	1	100.0000	
10951	籶	0	0	1	100.0000	
10952	鞯	0	0	1	100.0000	
10953	腠	0	0	1	100.0000	
10954	吚	0	0	1	100.0000	
10955	钌	0	0	1	100.0000	
10956	媟	0	0	1	100.0000	
10957	缒	0	0	1	100.0000	
10958	汍	0	0	1	100.0000	
10959	滘	0	0	1	100.0000	
10960	掦	0	0	1	100.0000	
10961	笽	0	0	1	100.0000	
10962	皴	0	0	2	100.0000	
10963	袐	0	0	1	100.0000	
10964	郐	0	0	1	100.0000	
10965	渇	0	0	1	100.0000	
10966	亁	0	0	1	100.0000	
10967	夌	0	0	1	100.0000	
10968	漟	0	0	1	100.0000	
10969	餥	0	0	1	100.0000	
10970	跞	0	0	1	100.0000	
10971	剡	0	0	1	100.0000	
10972	萜	0	0	4	100.0000	
10973	跸	0	0	1	100.0000	
10974	疬	0	0	1	100.0000	
10975	疳	0	0	4	100.0000	
10976	蒥	0	0	1	100.0000	
10977	哓	0	0	2	100.0000	
10978	潴	0	0	1	100.0000	
10979	蓥	0	0	1	100.0000	
10980	鲅	0	0	1	100.0000	
10981	陼	0	0	1	100.0000	
10982	瑒	0	0	1	100.0000	
10983	袟	0	0	1	100.0000	
10984	芗	0	0	1	100.0000	
10985	潄	0	0	1	100.0000	
10986	闃	0	0	1	100.0000	
10987	鷳	0	0	1	100.0000	
10988	瑽	0	0	1	100.0000	
10989	輥	0	0	1	100.0000	
10990	絿	0	0	1	100.0000	
10991	颺	0	0	1	100.0000	
10992	鲴	0	0	1	100.0000	
10993	暽	0	0	1	100.0000	
10994	暥	0	0	1	100.0000	
10995	纴	0	0	1	100.0000	
10996	鱆	0	0	1	100.0000	
10997	蟧	0	0	1	100.0000	
10998	洳	0	0	1	100.0000	
10999	钺	0	0	5	100.0000	
11000	鱖	0	0	1	100.0000	
11001	顼	0	0	1	100.0000	
11002	橪	0	0	1	100.0000	
11003	擳	0	0	1	100.0000	
11004	颀	0	0	2	100.0000	
11005	麺	0	0	1	100.0000	
11006	裵	0	0	1	100.0000	
11007	蔹	0	0	1	100.0000	
11008	笉	0	0	1	100.0000	
11009	缲	0	0	1	100.0000	
11010	硞	0	0	1	100.0000	
11011	兤	0	0	1	100.0000	
11012	泗	0	0	3	100.0000	
11013	麈	0	0	1	100.0000	
11014	驁	0	0	1	100.0000	
11015	牖	0	0	1	100.0000	
11016	戢	0	0	1	100.0000	
11017	拑	0	0	1	100.0000	
11018	礏	0	0	1	100.0000	
11019	翉	0	0	1	100.0000	
11020	薈	0	0	4	100.0000	
11021	秛	0	0	1	100.0000	
11022	禵	0	0	1	100.0000	
11023	鏷	0	0	1	100.0000	
11024	僠	0	0	1	100.0000	
11025	鮞	0	0	1	100.0000	
11026	伣	0	0	1	100.0000	
11027	佉	0	0	1	100.0000	
11028	喾	0	0	1	100.0000	
11029	仭	0	0	1	100.0000	
11030	渌	0	0	1	100.0000	
11031	伵	0	0	1	100.0000	
11032	伨	0	0	1	100.0000	
11033	岫	0	0	1	100.0000	
11034	絝	0	0	1	100.0000	
11035	蘺	0	0	2	100.0000	
11036	鑗	0	0	1	100.0000	
11037	黇	0	0	1	100.0000	
11038	蠽	0	0	1	100.0000	
11039	捿	0	0	1	100.0000	
11040	鏫	0	0	1	100.0000	
11041	黓	0	0	1	100.0000	
11042	莄	0	0	1	100.0000	
11043	稪	0	0	1	100.0000	
11044	掔	0	0	1	100.0000	
11045	銍	0	0	1	100.0000	
11046	藎	0	0	1	100.0000	
11047	焄	0	0	1	100.0000	
11048	篳	0	0	1	100.0000	
11049	梣	0	0	1	100.0000	
11050	鬏	0	0	1	100.0000	
11051	芀	0	0	1	100.0000	
11052	榪	0	0	1	100.0000	
11053	杩	0	0	1	100.0000	
11054	豜	0	0	1	100.0000	
11055	飴	0	0	1	100.0000	
11056	痋	0	0	1	100.0000	
11057	觳	0	0	1	100.0000	
11058	嶕	0	0	1	100.0000	
11059	噍	0	0	1	100.0000	
11060	柁	0	0	1	100.0000	
11061	奷	0	0	1	100.0000	
11062	廍	0	0	1	100.0000	
11063	曋	0	0	1	100.0000	
11064	騫	0	0	1	100.0000	
11065	熝	0	0	1	100.0000	
11066	囿	0	0	1	100.0000	
11067	鉉	0	0	1	100.0000	
11068	鈶	0	0	1	100.0000	
11069	敪	0	0	1	100.0000	
11070	懠	0	0	1	100.0000	
11071	僖	0	0	1	100.0000	
11072	竃	0	0	1	100.0000	
11073	豽	0	0	1	100.0000	
11074	滮	0	0	1	100.0000	
11075	嘪	0	0	1	100.0000	
11076	橐	0	0	1	100.0000	
11077	膎	0	0	1	100.0000	
11078	鰙	0	0	1	100.0000	
11079	蘀	0	0	1	100.0000	
11080	禖	0	0	1	100.0000	
11081	欋	0	0	1	100.0000	
11082	屚	0	0	1	100.0000	
11083	肰	0	0	1	100.0000	
11084	璮	0	0	1	100.0000	
11085	鷯	0	0	1	100.0000	
11086	嚀	0	0	1	100.0000	
11087	柽	0	0	1	100.0000	
11088	紵	0	0	1	100.0000	
11089	菎	0	0	1	100.0000	
11090	郩	0	0	1	100.0000	
11091	匎	0	0	1	100.0000	
11092	貣	0	0	1	100.0000	
11093	怗	0	0	1	100.0000	
11094	橠	0	0	1	100.0000	
11095	蓾	0	0	1	100.0000	
11096	躐	0	0	1	100.0000	
11097	睄	0	0	1	100.0000	
11098	睘	0	0	1	100.0000	
11099	縂	0	0	1	100.0000	
11100	潋	0	0	1	100.0000	
11101	畨	0	0	1	100.0000	
11102	匦	0	0	1	100.0000	
11103	筜	0	0	1	100.0000	
11104	铑	0	0	1	100.0000	
11105	貃	0	0	1	100.0000	
11106	篞	0	0	1	100.0000	
11107	婇	0	0	1	100.0000	
11108	苋	0	0	1	100.0000	
11109	犳	0	0	1	100.0000	
11110	労	0	0	1	100.0000	
11111	誆	0	0	1	100.0000	
11112	矻	0	0	1	100.0000	
11113	腬	0	0	1	100.0000	
11114	峱	0	0	1	100.0000	
11115	舙	0	0	1	100.0000	
11116	樆	0	0	1	100.0000	
11117	褞	0	0	1	100.0000	
11118	瓴	0	0	1	100.0000	
11119	逓	0	0	1	100.0000	
11120	墁	0	0	1	100.0000	
11121	胋	0	0	1	100.0000	
11122	脞	0	0	1	100.0000	
11123	褙	0	0	1	100.0000	
11124	伓	0	0	1	100.0000	
11125	蓃	0	0	1	100.0000	
11126	綩	0	0	1	100.0000	
11127	桫	0	0	1	100.0000	
11128	祻	0	0	1	100.0000	
11129	迼	0	0	1	100.0000	
11130	殻	0	0	1	100.0000	
11131	盩	0	0	1	100.0000	
11132	嘡	0	0	1	100.0000	
11133	袑	0	0	1	100.0000	
11134	怋	0	0	1	100.0000	
11135	箃	0	0	1	100.0000	
11136	蟏	0	0	1	100.0000	
11137	柛	0	0	1	100.0000	
11138	蜮	0	0	1	100.0000	
11139	鬐	0	0	1	100.0000	
11140	旲	0	0	1	100.0000	
11141	茪	0	0	1	100.0000	
11142	眴	0	0	1	100.0000	
11143	濏	0	0	1	100.0000	
11144	昺	0	0	1	100.0000	
11145	牬	0	0	1	100.0000	
11146	婰	0	0	1	100.0000	
11147	涬	0	0	1	100.0000	
11148	莏	0	0	1	100.0000	
11149	墼	0	0	1	100.0000	
11150	逯	0	0	2	100.0000	
11151	鼙	0	0	1	100.0000	
11152	缍	0	0	1	100.0000	
11153	翾	0	0	3	100.0000	
11154	皾	0	0	1	100.0000	
11155	瘥	0	0	1	100.0000	
11156	緛	0	0	1	100.0000	
11157	瘵	0	0	1	100.0000	
11158	潚	0	0	1	100.0000	
11159	吜	0	0	1	100.0000	
11160	梊	0	0	1	100.0000	
11161	偱	0	0	1	100.0000	
11162	椟	0	0	1	100.0000	
11163	恟	0	0	1	100.0000	
11164	鋟	0	0	1	100.0000	
11165	縃	0	0	1	100.0000	
11166	鷏	0	0	1	100.0000	
11167	縄	0	0	1	100.0000	
11168	揟	0	0	1	100.0000	
11169	鬽	0	0	1	100.0000	
11170	閖	0	0	1	100.0000	
11171	鷅	0	0	1	100.0000	
11172	摥	0	0	1	100.0000	
11173	鸗	0	0	1	100.0000	
11174	粫	0	0	1	100.0000	
11175	兞	0	0	1	100.0000	
11176	笎	0	0	1	100.0000	
11177	螹	0	0	1	100.0000	
11178	絻	0	0	1	100.0000	
11179	鎌	0	0	1	100.0000	
11180	鑚	0	0	1	100.0000	
11181	肜	0	0	1	100.0000	
11182	跘	0	0	1	100.0000	
11183	雋	0	0	3	100.0000	
11184	磢	0	0	1	100.0000	
11185	龤	0	0	1	100.0000	
11186	袷	0	0	1	100.0000	
11187	訏	0	0	1	100.0000	
11188	螿	0	0	1	100.0000	
11189	孈	0	0	1	100.0000	
11190	骞	0	0	2	100.0000	
11191	瓼	0	0	1	100.0000	
11192	眜	0	0	1	100.0000	
11193	殱	0	0	1	100.0000	
11194	絽	0	0	1	100.0000	
11195	帎	0	0	1	100.0000	
11196	鈸	0	0	1	100.0000	
11197	狷	0	0	1	100.0000	
11198	吿	0	0	1	100.0000	
11199	嶵	0	0	1	100.0000	
11200	湳	0	0	1	100.0000	
11201	攐	0	0	1	100.0000	
11202	戋	0	0	1	100.0000	
11203	蔕	0	0	1	100.0000	
11204	咹	0	0	1	100.0000	
11205	鹁	0	0	1	100.0000	
11206	鎙	0	0	1	100.0000	
11207	竏	0	0	1	100.0000	
11208	鏞	0	0	2	100.0000	
11209	岏	0	0	1	100.0000	
11210	紥	0	0	1	100.0000	
11211	亻	0	0	1	100.0000	
11212	楯	0	0	1	100.0000	
11213	暾	0	0	1	100.0000	
11214	膦	0	0	1	100.0000	
11215	検	0	0	1	100.0000	
11216	瑲	0	0	1	100.0000	
11217	樾	0	0	1	100.0000	
11218	蔞	0	0	1	100.0000	
11219	蒈	0	0	1	100.0000	
11220	籴	0	0	1	100.0000	
11221	哬	0	0	1	100.0000	
11222	埛	0	0	1	100.0000	
11223	莧	0	0	4	100.0000	
11224	艵	0	0	1	100.0000	
11225	漹	0	0	1	100.0000	
11226	餑	0	0	2	100.0000	
11227	漷	0	0	1	100.0000	
11228	韟	0	0	1	100.0000	
11229	靌	0	0	1	100.0000	
11230	鷇	0	0	1	100.0000	
11231	鵯	0	0	1	100.0000	
11232	趐	0	0	1	100.0000	
11233	齰	0	0	1	100.0000	
11234	閗	0	0	1	100.0000	
11235	靘	0	0	1	100.0000	
11236	鷙	0	0	1	100.0000	
11237	闉	0	0	1	100.0000	
11238	醟	0	0	1	100.0000	
11239	漚	0	0	1	100.0000	
11240	歶	0	0	1	100.0000	
11241	鞚	0	0	1	100.0000	
11242	鴅	0	0	1	100.0000	
11243	韕	0	0	1	100.0000	
11244	鞖	0	0	1	100.0000	
11245	鸀	0	0	1	100.0000	
11246	鑜	0	0	1	100.0000	
11247	瀞	0	0	1	100.0000	
11248	鑀	0	0	1	100.0000	
11249	舋	0	0	1	100.0000	
11250	諀	0	0	1	100.0000	
11251	醸	0	0	1	100.0000	
11252	莬	0	0	1	100.0000	
11253	孾	0	0	1	100.0000	
11254	嵵	0	0	1	100.0000	
11255	堟	0	0	1	100.0000	
11256	凮	0	0	1	100.0000	
11257	婒	0	0	1	100.0000	
11258	匑	0	0	1	100.0000	
11259	圅	0	0	1	100.0000	
11260	叇	0	0	1	100.0000	
11261	囨	0	0	1	100.0000	
11262	儹	0	0	1	100.0000	
11263	僫	0	0	1	100.0000	
11264	刴	0	0	1	100.0000	
11265	圙	0	0	1	100.0000	
11266	嗋	0	0	1	100.0000	
11267	嚰	0	0	1	100.0000	
11268	屭	0	0	1	100.0000	
11269	勔	0	0	1	100.0000	
11270	勼	0	0	1	100.0000	
11271	剓	0	0	1	100.0000	
11272	塦	0	0	1	100.0000	
11273	冡	0	0	1	100.0000	
11274	俻	0	0	1	100.0000	
11275	冹	0	0	1	100.0000	
11276	揅	0	0	1	100.0000	
11277	儰	0	0	1	100.0000	
11278	嬁	0	0	1	100.0000	
11279	昍	0	0	1	100.0000	
11280	喸	0	0	1	100.0000	
11281	壧	0	0	1	100.0000	
11282	姱	0	0	1	100.0000	
11283	坬	0	0	1	100.0000	
11284	嘊	0	0	1	100.0000	
11285	嘙	0	0	1	100.0000	
11286	勄	0	0	1	100.0000	
11287	兎	0	0	1	100.0000	
11288	僆	0	0	1	100.0000	
11289	匔	0	0	1	100.0000	
11290	圗	0	0	1	100.0000	
11291	妌	0	0	1	100.0000	
11292	嫷	0	0	1	100.0000	
11293	圎	0	0	1	100.0000	
11294	媥	0	0	1	100.0000	
11295	勪	0	0	1	100.0000	
11296	勬	0	0	1	100.0000	
11297	匰	0	0	1	100.0000	
11298	圸	0	0	1	100.0000	
11299	劜	0	0	1	100.0000	
11300	奟	0	0	1	100.0000	
11301	僸	0	0	1	100.0000	
11302	坹	0	0	1	100.0000	
11303	勨	0	0	1	100.0000	
11304	勏	0	0	1	100.0000	
11305	寃	0	0	1	100.0000	
11306	唥	0	0	1	100.0000	
11307	匛	0	0	1	100.0000	
11308	宻	0	0	1	100.0000	
11309	噋	0	0	1	100.0000	
11310	塷	0	0	1	100.0000	
11311	嚩	0	0	1	100.0000	
11312	叝	0	0	1	100.0000	
11313	嚛	0	0	1	100.0000	
11314	坕	0	0	1	100.0000	
11315	鑓	0	0	1	100.0000	
11316	璻	0	0	1	100.0000	
11317	鳺	0	0	1	100.0000	
11318	矂	0	0	1	100.0000	
11319	哵	0	0	1	100.0000	
11320	棶	0	0	1	100.0000	
11321	鐽	0	0	1	100.0000	
11322	蹾	0	0	1	100.0000	
11323	欬	0	0	1	100.0000	
11324	閾	0	0	2	100.0000	
11325	砙	0	0	1	100.0000	
11326	膲	0	0	1	100.0000	
11327	昦	0	0	1	100.0000	
11328	垞	0	0	1	100.0000	
11329	讒	0	0	2	100.0000	
11330	鄝	0	0	1	100.0000	
11331	鄟	0	0	1	100.0000	
11332	輐	0	0	1	100.0000	
11333	鄚	0	0	1	100.0000	
11334	鋚	0	0	1	100.0000	
11335	膇	0	0	1	100.0000	
11336	鋘	0	0	1	100.0000	
11337	鋣	0	0	1	100.0000	
11338	鋕	0	0	1	100.0000	
11339	蚍	0	0	1	100.0000	
11340	甇	0	0	1	100.0000	
11341	楡	0	0	1	100.0000	
11342	喿	0	0	1	100.0000	
11343	屘	0	0	1	100.0000	
11344	螵	0	0	1	100.0000	
11345	捊	0	0	1	100.0000	
11346	郠	0	0	1	100.0000	
11347	抌	0	0	1	100.0000	
11348	埬	0	0	1	100.0000	
11349	媊	0	0	1	100.0000	
11350	荈	0	0	1	100.0000	
11351	郕	0	0	1	100.0000	
11352	駓	0	0	1	100.0000	
11353	窴	0	0	1	100.0000	
11354	腒	0	0	1	100.0000	
11355	銓	0	0	1	100.0000	
11356	緽	0	0	1	100.0000	
11357	鑈	0	0	1	100.0000	
11358	邡	0	0	1	100.0000	
11359	譻	0	0	1	100.0000	
11360	粖	0	0	1	100.0000	
11361	欐	0	0	1	100.0000	
11362	県	0	0	1	100.0000	
11363	歴	0	0	1	100.0000	
11364	猱	0	0	1	100.0000	
11365	褚	0	0	1	100.0000	
11366	唗	0	0	1	100.0000	
11367	縭	0	0	1	100.0000	
11368	擿	0	0	1	100.0000	
11369	抮	0	0	1	100.0000	
11370	挻	0	0	1	100.0000	
11371	懣	0	0	1	100.0000	
11372	绹	0	0	1	100.0000	
11373	滱	0	0	1	100.0000	
11374	緆	0	0	1	100.0000	
11375	裻	0	0	1	100.0000	
11376	彍	0	0	1	100.0000	
11377	庳	0	0	1	100.0000	
11378	撖	0	0	1	100.0000	
11379	幯	0	0	1	100.0000	
11380	腘	0	0	1	100.0000	
11381	箁	0	0	1	100.0000	
11382	缙	0	0	1	100.0000	
11383	欵	0	0	1	100.0000	
11384	鲕	0	0	1	100.0000	
11385	顑	0	0	1	100.0000	
11386	㱮	0	0	1	100.0000	
11387	绗	0	0	1	100.0000	
11388	馑	0	0	2	100.0000	
11389	酃	0	0	1	100.0000	
11390	髲	0	0	1	100.0000	
11391	攛	0	0	1	100.0000	
11392	軔	0	0	1	100.0000	
11393	魒	0	0	1	100.0000	
11394	巘	0	0	1	100.0000	
11395	蹅	0	0	1	100.0000	
11396	哤	0	0	1	100.0000	
11397	鴙	0	0	1	100.0000	
11398	崨	0	0	1	100.0000	
11399	塈	0	0	1	100.0000	
11400	祪	0	0	1	100.0000	
11401	硰	0	0	1	100.0000	
11402	虮	0	0	1	100.0000	
11403	刐	0	0	1	100.0000	
11404	桮	0	0	1	100.0000	
11405	渑	0	0	2	100.0000	
11406	尙	0	0	1	100.0000	
11407	玕	0	0	2	100.0000	
11408	鸰	0	0	1	100.0000	
11409	詁	0	0	2	100.0000	
11410	顰	0	0	2	100.0000	
11411	宄	0	0	1	100.0000	
11412	蕦	0	0	1	100.0000	
11413	勖	0	0	1	100.0000	
11414	霁	0	0	2	100.0000	
11415	葽	0	0	1	100.0000	
11416	潵	0	0	1	100.0000	
11417	鲥	0	0	1	100.0000	
11418	曣	0	0	1	100.0000	
11419	醾	0	0	1	100.0000	
11420	峒	0	0	1	100.0000	
11421	揑	0	0	1	100.0000	
11422	羿	0	0	1	100.0000	
11423	嫗	0	0	1	100.0000	
11424	韡	0	0	1	100.0000	
11425	讞	0	0	1	100.0000	
11426	鳙	0	0	1	100.0000	
11427	蘽	0	0	1	100.0000	
11428	蟳	0	0	1	100.0000	
11429	嚁	0	0	1	100.0000	
11430	嫈	0	0	1	100.0000	
11431	澇	0	0	1	100.0000	
11432	鰫	0	0	1	100.0000	
11433	詨	0	0	1	100.0000	
11434	昲	0	0	1	100.0000	
11435	曀	0	0	1	100.0000	
11436	萭	0	0	1	100.0000	
11437	崌	0	0	1	100.0000	
11438	絇	0	0	1	100.0000	
11439	婩	0	0	1	100.0000	
11440	岓	0	0	1	100.0000	
11441	摐	0	0	1	100.0000	
11442	榱	0	0	1	100.0000	
11443	賥	0	0	1	100.0000	
11444	岋	0	0	1	100.0000	
11445	堄	0	0	1	100.0000	
11446	蘒	0	0	1	100.0000	
11447	歘	0	0	1	100.0000	
11448	莸	0	0	1	100.0000	
11449	俁	0	0	1	100.0000	
11450	耧	0	0	1	100.0000	
11451	侜	0	0	1	100.0000	
11452	埱	0	0	1	100.0000	
11453	晡	0	0	1	100.0000	
11454	褕	0	0	1	100.0000	
11455	砡	0	0	1	100.0000	
11456	狊	0	0	1	100.0000	
11457	餺	0	0	1	100.0000	
11458	鞳	0	0	1	100.0000	
11459	鍤	0	0	1	100.0000	
11460	碀	0	0	1	100.0000	
11461	挓	0	0	1	100.0000	
11462	襢	0	0	1	100.0000	
11463	挀	0	0	1	100.0000	
11464	枌	0	0	1	100.0000	
11465	蝛	0	0	1	100.0000	
11466	傯	0	0	1	100.0000	
11467	媌	0	0	1	100.0000	
11468	翏	0	0	1	100.0000	
11469	瘐	0	0	1	100.0000	
11470	掑	0	0	1	100.0000	
11471	邽	0	0	1	100.0000	
11472	錔	0	0	1	100.0000	
11473	寱	0	0	1	100.0000	
11474	譆	0	0	1	100.0000	
11475	欤	0	0	1	100.0000	
11476	胙	0	0	1	100.0000	
11477	隈	0	0	1	100.0000	
11478	嚢	0	0	1	100.0000	
11479	簓	0	0	1	100.0000	
11480	壣	0	0	1	100.0000	
11481	藦	0	0	1	100.0000	
11482	挏	0	0	1	100.0000	
11483	蚨	0	0	1	100.0000	
11484	漇	0	0	1	100.0000	
11485	湝	0	0	1	100.0000	
11486	扚	0	0	1	100.0000	
11487	窉	0	0	1	100.0000	
11488	荓	0	0	1	100.0000	
11489	塤	0	0	1	100.0000	
11490	梫	0	0	1	100.0000	
11491	歓	0	0	1	100.0000	
11492	楪	0	0	1	100.0000	
11493	曛	0	0	1	100.0000	
11494	耠	0	0	1	100.0000	
11495	穧	0	0	1	100.0000	
11496	鴱	0	0	1	100.0000	
11497	铏	0	0	1	100.0000	
11498	榍	0	0	1	100.0000	
11499	蟐	0	0	1	100.0000	
11500	脘	0	0	1	100.0000	
11501	嶯	0	0	1	100.0000	
11502	淟	0	0	1	100.0000	
11503	菋	0	0	1	100.0000	
11504	閲	0	0	1	100.0000	
11505	眧	0	0	1	100.0000	
11506	鵒	0	0	1	100.0000	
11507	淄	0	0	1	100.0000	
11508	氶	0	0	1	100.0000	
11509	臞	0	0	1	100.0000	
11510	煓	0	0	1	100.0000	
11511	鮎	0	0	1	100.0000	
11512	稡	0	0	1	100.0000	
11513	籝	0	0	1	100.0000	
11514	蘅	0	0	1	100.0000	
11515	捼	0	0	1	100.0000	
11516	蜭	0	0	1	100.0000	
11517	腄	0	0	1	100.0000	
11518	捃	0	0	1	100.0000	
11519	唹	0	0	1	100.0000	
11520	萻	0	0	1	100.0000	
11521	彴	0	0	1	100.0000	
11522	鼘	0	0	1	100.0000	
11523	潍	0	0	3	100.0000	
11524	煃	0	0	1	100.0000	
11525	倬	0	0	1	100.0000	
11526	趶	0	0	1	100.0000	
11527	枘	0	0	1	100.0000	
11528	堺	0	0	1	100.0000	
11529	帩	0	0	1	100.0000	
11530	亊	0	0	1	100.0000	
11531	鲪	0	0	1	100.0000	
11532	抈	0	0	1	100.0000	
11533	簖	0	0	1	100.0000	
11534	偒	0	0	1	100.0000	
11535	昽	0	0	1	100.0000	
11536	黵	0	0	1	100.0000	
11537	潻	0	0	1	100.0000	
11538	冿	0	0	1	100.0000	
11539	畈	0	0	1	100.0000	
11540	陊	0	0	1	100.0000	
11541	邥	0	0	1	100.0000	
11542	豳	0	0	1	100.0000	
11543	巟	0	0	1	100.0000	
11544	秺	0	0	1	100.0000	
11545	韪	0	0	1	100.0000	
11546	姵	0	0	1	100.0000	
11547	隄	0	0	1	100.0000	
11548	嗩	0	0	1	100.0000	
11549	侲	0	0	1	100.0000	
11550	繶	0	0	1	100.0000	
11551	娵	0	0	1	100.0000	
11552	摲	0	0	1	100.0000	
11553	鯯	0	0	1	100.0000	
11554	嚾	0	0	1	100.0000	
11555	哛	0	0	1	100.0000	
11556	喢	0	0	1	100.0000	
11557	畎	0	0	1	100.0000	
11558	畣	0	0	1	100.0000	
11559	啿	0	0	1	100.0000	
11560	亸	0	0	1	100.0000	
11561	唝	0	0	1	100.0000	
11562	喴	0	0	1	100.0000	
11563	嫄	0	0	1	100.0000	
11564	屦	0	0	1	100.0000	
11565	睎	0	0	1	100.0000	
11566	绡	0	0	1	100.0000	
11567	峤	0	0	1	100.0000	
11568	醅	0	0	1	100.0000	
11569	嫋	0	0	1	100.0000	
11570	鞓	0	0	1	100.0000	
11571	璁	0	0	1	100.0000	
11572	酡	0	0	1	100.0000	
11573	爇	0	0	1	100.0000	
11574	剸	0	0	1	100.0000	
11575	橝	0	0	1	100.0000	
11576	牳	0	0	1	100.0000	
11577	聡	0	0	1	100.0000	
11578	鳘	0	0	1	100.0000	
11579	楤	0	0	1	100.0000	
11580	鸊	0	0	1	100.0000	
11581	鷉	0	0	1	100.0000	
11582	塍	0	0	1	100.0000	
11583	鴷	0	0	1	100.0000	
11584	汱	0	0	1	100.0000	
11585	劬	0	0	1	100.0000	
11586	潀	0	0	1	100.0000	
11587	朢	0	0	1	100.0000	
11588	绂	0	0	1	100.0000	
11589	檩	0	0	1	100.0000	
11590	闿	0	0	1	100.0000	
11591	澂	0	0	1	100.0000	
11592	琮	0	0	1	100.0000	
11593	滉	0	0	1	100.0000	
11594	冑	0	0	4	100.0000	
11595	愀	0	0	1	100.0000	
11596	畲	0	0	3	100.0000	
11597	俥	0	0	1	100.0000	
11598	薋	0	0	1	100.0000	
11599	錣	0	0	1	100.0000	
11600	簞	0	0	1	100.0000	
11601	眍	0	0	1	100.0000	
11602	躶	0	0	1	100.0000	
11603	愨	0	0	2	100.0000	
11604	嫛	0	0	1	100.0000	
11605	渉	0	0	1	100.0000	
11606	鳔	0	0	1	100.0000	
11607	轗	0	0	1	100.0000	
11608	鶚	0	0	2	100.0000	
11609	燘	0	0	1	100.0000	
11610	庌	0	0	1	100.0000	
11611	蚴	0	0	1	100.0000	
11612	蚙	0	0	1	100.0000	
11613	㩦	0	0	1	100.0000	
11614	漳	0	0	1	100.0000	
11615	隗	0	0	2	100.0000	
11616	灬	0	0	1	100.0000	
11617	莙	0	0	1	100.0000	
11618	糲	0	0	2	100.0000	
11619	罎	0	0	1	100.0000	
11620	謡	0	0	1	100.0000	
11621	繮	0	0	1	100.0000	
11622	揆	0	0	1	100.0000	
11623	驣	0	0	1	100.0000	
11624	膂	0	0	1	100.0000	
11625	螑	0	0	1	100.0000	
11626	螐	0	0	1	100.0000	
11627	撟	0	0	1	100.0000	
11628	苸	0	0	1	100.0000	
11629	筦	0	0	1	100.0000	
11630	脬	0	0	1	100.0000	
11631	翯	0	0	1	100.0000	
11632	豲	0	0	1	100.0000	
11633	铪	0	0	1	100.0000	
11634	蹜	0	0	1	100.0000	
11635	焾	0	0	1	100.0000	
11636	琫	0	0	1	100.0000	
11637	芐	0	0	1	100.0000	
11638	皍	0	0	1	100.0000	
11639	椘	0	0	1	100.0000	
11640	馿	0	0	1	100.0000	
11641	錧	0	0	1	100.0000	
11642	鎏	0	0	1	100.0000	
11643	摜	0	0	1	100.0000	
11644	睻	0	0	1	100.0000	
11645	竱	0	0	1	100.0000	
11646	蜛	0	0	1	100.0000	
11647	岙	0	0	1	100.0000	
11648	羣	0	0	1	100.0000	
11649	癛	0	0	1	100.0000	
11650	邶	0	0	1	100.0000	
11651	庬	0	0	1	100.0000	
11652	嫐	0	0	1	100.0000	
11653	膤	0	0	1	100.0000	
11654	搿	0	0	1	100.0000	
11655	賧	0	0	1	100.0000	
11656	罭	0	0	1	100.0000	
11657	疕	0	0	1	100.0000	
11658	眂	0	0	1	100.0000	
11659	篐	0	0	1	100.0000	
11660	曽	0	0	1	100.0000	
11661	怲	0	0	1	100.0000	
11662	艿	0	0	1	100.0000	
11663	雐	0	0	1	100.0000	
11664	燁	0	0	2	100.0000	
11665	梡	0	0	1	100.0000	
11666	殫	0	0	3	100.0000	
11667	慝	0	0	1	100.0000	
11668	羓	0	0	1	100.0000	
11669	鱟	0	0	1	100.0000	
11670	揻	0	0	1	100.0000	
11671	揜	0	0	1	100.0000	
11672	猣	0	0	1	100.0000	
11673	糿	0	0	1	100.0000	
11674	辳	0	0	1	100.0000	
11675	贛	0	0	1	100.0000	
11676	羠	0	0	1	100.0000	
11677	凗	0	0	1	100.0000	
11678	嘒	0	0	1	100.0000	
11679	㞞	0	0	1	100.0000	
11680	㗼	0	0	1	100.0000	
11681	顸	0	0	1	100.0000	
11682	桝	0	0	1	100.0000	
11683	墡	0	0	1	100.0000	
11684	嚶	0	0	1	100.0000	
11685	礑	0	0	1	100.0000	
11686	爮	0	0	1	100.0000	
11687	鮧	0	0	1	100.0000	
11688	胹	0	0	1	100.0000	
11689	眆	0	0	1	100.0000	
11690	耝	0	0	1	100.0000	
11691	縍	0	0	1	100.0000	
11692	笏	0	0	1	100.0000	
11693	緎	0	0	1	100.0000	
11694	秓	0	0	1	100.0000	
11695	肧	0	0	1	100.0000	
11696	癅	0	0	1	100.0000	
11697	鋦	0	0	1	100.0000	
11698	閍	0	0	1	100.0000	
11699	鬰	0	0	1	100.0000	
11700	裋	0	0	1	100.0000	
11701	礧	0	0	1	100.0000	
11702	舎	0	0	1	100.0000	
11703	縪	0	0	1	100.0000	
11704	斲	0	0	1	100.0000	
11705	鈭	0	0	1	100.0000	
11706	濇	0	0	1	100.0000	
11707	霙	0	0	4	100.0000	
11708	齲	0	0	1	100.0000	
11709	沶	0	0	1	100.0000	
11710	羍	0	0	1	100.0000	
11711	涔	0	0	1	100.0000	
11712	頡	0	0	1	100.0000	
11713	灝	0	0	1	100.0000	
11714	帠	0	0	1	100.0000	
11715	倮	0	0	1	100.0000	
11716	肫	0	0	1	100.0000	
11717	秮	0	0	1	100.0000	
11718	咢	0	0	1	100.0000	
11719	抟	0	0	1	100.0000	
11720	伻	0	0	1	100.0000	
11721	酠	0	0	1	100.0000	
11722	礰	0	0	1	100.0000	
11723	瑋	0	0	2	100.0000	
11724	聑	0	0	1	100.0000	
11725	糁	0	0	1	100.0000	
11726	嶴	0	0	1	100.0000	
11727	藑	0	0	1	100.0000	
11728	絷	0	0	1	100.0000	
11729	糣	0	0	1	100.0000	
11730	芑	0	0	1	100.0000	
11731	稫	0	0	1	100.0000	
11732	玚	0	0	1	100.0000	
11733	圇	0	0	1	100.0000	
11734	踺	0	0	1	100.0000	
11735	莜	0	0	1	100.0000	
11736	腜	0	0	1	100.0000	
11737	鎣	0	0	1	100.0000	
11738	詬	0	0	1	100.0000	
11739	婜	0	0	1	100.0000	
11740	釷	0	0	1	100.0000	
11741	鐫	0	0	1	100.0000	
11742	籰	0	0	1	100.0000	
11743	酈	0	0	1	100.0000	
11744	篚	0	0	1	100.0000	
11745	翪	0	0	1	100.0000	
11746	鮨	0	0	1	100.0000	
11747	篸	0	0	1	100.0000	
11748	襦	0	0	1	100.0000	
11749	蒘	0	0	1	100.0000	
11750	筅	0	0	1	100.0000	
11751	犾	0	0	1	100.0000	
11752	勹	0	0	1	100.0000	
11753	佾	0	0	1	100.0000	
11754	薆	0	0	1	100.0000	
11755	栲	0	0	1	100.0000	
11756	仂	0	0	1	100.0000	
11757	癀	0	0	1	100.0000	
11758	锧	0	0	1	100.0000	
11759	奵	0	0	1	100.0000	
11760	戸	0	0	1	100.0000	
11761	匸	0	0	1	100.0000	
11762	肼	0	0	1	100.0000	
11763	軫	0	0	1	100.0000	
11764	轸	0	0	1	100.0000	
11765	枠	0	0	1	100.0000	
11766	赒	0	0	1	100.0000	
11767	糍	0	0	1	100.0000	
11768	蝷	0	0	1	100.0000	
11769	悫	0	0	1	100.0000	
11770	俽	0	0	1	100.0000	
11771	鯢	0	0	3	100.0000	
11772	鴫	0	0	1	100.0000	
11773	鑝	0	0	1	100.0000	
11774	脇	0	0	1	100.0000	
11775	鎦	0	0	1	100.0000	
11776	蹝	0	0	1	100.0000	
11777	摙	0	0	1	100.0000	
11778	吲	0	0	1	100.0000	
11779	躙	0	0	1	100.0000	
11780	詒	0	0	1	100.0000	
11781	诒	0	0	1	100.0000	
11782	荪	0	0	1	100.0000	
11783	饌	0	0	1	100.0000	
11784	蓀	0	0	1	100.0000	
11785	氅	0	0	1	100.0000	
11786	碄	0	0	1	100.0000	
11787	皕	0	0	1	100.0000	
11788	丳	0	0	1	100.0000	
11789	蛘	0	0	1	100.0000	
11790	畯	0	0	1	100.0000	
11791	踃	0	0	1	100.0000	
11792	臝	0	0	1	100.0000	
11793	韽	0	0	1	100.0000	
11794	簄	0	0	1	100.0000	
11795	鉨	0	0	1	100.0000	
11796	鈙	0	0	1	100.0000	
11797	蝜	0	0	1	100.0000	
11798	鉪	0	0	1	100.0000	
11799	轪	0	0	1	100.0000	
11800	蝘	0	0	1	100.0000	
11801	恂	0	0	1	100.0000	
11802	鈡	0	0	1	100.0000	
11803	秕	0	0	1	100.0000	
11804	铗	0	0	1	100.0000	
11805	詼	0	0	1	100.0000	
11806	巇	0	0	1	100.0000	
11807	剄	0	0	1	100.0000	
11808	镘	0	0	1	100.0000	
11809	憷	0	0	1	100.0000	
11810	詿	0	0	1	100.0000	
11811	沚	0	0	1	100.0000	
11812	鳿	0	0	1	100.0000	
11813	蟎	0	0	1	100.0000	
11814	鎈	0	0	1	100.0000	
11815	孥	0	0	1	100.0000	
11816	蕖	0	0	1	100.0000	
11817	墦	0	0	1	100.0000	
11818	鮐	0	0	1	100.0000	
11819	醲	0	0	1	100.0000	
11820	湼	0	0	1	100.0000	
11821	忟	0	0	1	100.0000	
11822	醯	0	0	1	100.0000	
11823	蘕	0	0	1	100.0000	
11824	瘮	0	0	1	100.0000	
11825	狆	0	0	1	100.0000	
11826	騄	0	0	1	100.0000	
