rank	char	score_token	score_uniform	uniq_words	cum_pct	hsk_char_level
1	我	6255344	6255343	3672	6.8747	HSK1
2	的	5196375	5196375	294	12.5856	HSK1
3	你	4707152	4707152	787	17.7588	HSK1
4	是	3429447	3390279	2406	21.5279	HSK1
5	了	2873547	2873545	580	24.6859	HSK1
6	不	2324194	2321491	7398	27.2403	HSK1
7	们	2018484	2018484	543	29.4586	HSK1
8	这	1850000	1850000	2896	31.4918	HSK1
9	他	1675317	1675317	1153	33.3330	HSK1
10	在	1608020	1608017	1413	35.1002	HSK1
11	么	1588886	1588886	156	36.8464	HSK1
12	有	1441560	1418708	4654	38.4307	HSK1
13	一	1285512	1285218	6382	39.8435	HSK1
14	个	1113176	1113100	2600	41.0669	HSK1
15	要	1074560	1074560	3047	42.2479	HSK1
16	好	1019185	994958	2551	43.3680	HSK1
17	什	984349	984349	540	44.4498	HSK1
18	吗	962604	962604	33	45.5077	HSK1
19	就	920394	920394	669	46.5192	HSK1
20	来	915565	915479	6043	47.5255	HSK1
21	那	885022	885022	2755	48.4981	HSK1
22	会	816549	816548	6790	49.3955	HSK1
23	没	800808	800776	2055	50.2756	HSK1
24	说	698217	698133	2145	51.0430	HSK1
25	人	685071	684237	7277	51.7959	HSK1
26	吧	671836	671836	130	52.5342	HSK1
27	到	658887	658878	2569	53.2583	HSK1
28	去	642379	642361	2882	53.9643	HSK1
29	为	597423	597395	1974	54.6209	HSK2
30	她	582675	582675	66	55.2613	HSK1
31	想	574428	567465	2139	55.8926	HSK1
32	道	568247	568247	1386	56.5171	HSK1
33	知	554143	553327	691	57.1261	HSK1
34	都	547488	547488	567	57.7278	HSK1
35	很	546585	546547	670	58.3285	HSK1
36	能	544672	544672	2202	58.9271	HSK1
37	看	537528	458179	1509	59.5179	HSK1
38	还	536661	536661	662	60.1077	HSK1
39	可	514507	514119	2453	60.6731	HSK2
40	以	491315	491315	1533	61.2131	HSK2
41	也	487689	487689	106	61.7490	HSK1
42	里	486167	486167	3045	62.2834	HSK1
43	对	470178	470178	1940	62.8001	HSK1
44	样	450901	450897	499	63.2956	HSK1
45	啊	446907	446895	11	63.7868	HSK2
46	得	398689	398689	3271	64.2250	HSK1
47	怎	374972	374972	304	64.6371	HSK1
48	过	369172	369172	3410	65.0428	HSK1
49	事	367898	367873	1732	65.4471	HSK1
50	和	364845	364845	2218	65.8481	HSK1
51	上	360180	360177	3428	66.2439	HSK1
52	给	351064	351064	926	66.6297	HSK1
53	把	350260	350260	374	67.0147	HSK3
54	做	332109	332093	850	67.3797	HSK1
55	让	330129	330129	291	67.7425	HSK2
56	现	325136	325136	538	68.0998	HSK1
57	真	323905	323903	2075	68.4558	HSK1
58	但	313879	313879	862	68.8008	HSK2
59	只	307155	307155	867	69.1383	HSK2
60	谢	306929	160897	582	69.4756	HSK1
61	时	294207	294182	2381	69.7990	HSK1
62	生	289620	289574	2618	70.1173	HSK1
63	起	277181	277181	1600	70.4219	HSK1
64	下	254711	254698	2896	70.7018	HSK1
65	走	252838	252403	759	70.9797	HSK1
66	呢	252812	252812	29	71.2576	HSK1
67	点	246263	244842	2551	71.5282	HSK1
68	如	242650	242650	1181	71.7949	HSK2
69	开	242273	242265	2117	72.0611	HSK1
70	些	241959	241959	873	72.3271	HSK1
71	跟	237407	237407	970	72.5880	HSK1
72	天	227880	227415	2182	72.8384	HSK1
73	快	226064	225944	1258	73.0869	HSK1
74	后	224987	224987	1582	73.3341	HSK1
75	别	213294	213285	1934	73.5685	HSK1
76	再	210382	210382	961	73.7998	HSK1
77	它	208710	208710	376	74.0291	HSK2
78	着	207480	207480	980	74.2572	HSK1
79	多	207408	207295	4231	74.4851	HSK1
80	回	202981	202979	1622	74.7082	HSK1
81	果	202727	202727	601	74.9310	HSK1
82	该	200314	200296	672	75.1511	HSK2
83	所	196196	196113	1165	75.3667	HSK2
84	然	194494	194489	554	75.5805	HSK2
85	被	191898	191898	407	75.7914	HSK3
86	自	190110	190071	1280	76.0003	HSK2
87	等	188813	153727	403	76.2078	HSK1
88	找	188137	188113	1276	76.4146	HSK1
89	子	186464	186464	3505	76.6195	HSK1
90	听	186421	184725	646	76.8244	HSK1
91	谁	183212	183212	80	77.0258	HSK1
92	家	181400	181397	3127	77.2251	HSK1
93	已	175517	175517	674	77.4180	HSK2
94	话	175457	175454	679	77.6109	HSK1
95	先	175370	175370	1513	77.8036	HSK1
96	当	174976	174975	1921	77.9959	HSK2
97	经	172630	172630	776	78.1856	HSK2
98	大	170434	170363	5562	78.3729	HSK1
99	妈	169682	114876	574	78.5594	HSK1
100	告	168976	168976	462	78.7451	HSK1
101	像	167005	166995	755	78.9287	HSK2
102	出	164717	164713	2889	79.1097	HSK1
103	己	163545	163545	304	79.2894	HSK2
104	因	163491	163491	710	79.4691	HSK2
105	诉	159943	159943	161	79.6449	HSK1
106	定	157018	157018	941	79.8174	HSK2
107	见	156693	156024	1087	79.9896	HSK1
108	最	155579	155572	669	80.1606	HSK1
109	觉	155028	155028	253	80.3310	HSK1
110	哪	153814	153814	447	80.5001	HSK1
111	用	150907	150906	2220	80.6659	HSK1
112	死	144989	144987	1892	80.8252	HSK3
113	欢	142707	142707	253	80.9821	HSK1
114	问	142626	140957	942	81.1388	HSK1
115	小	140807	140281	4740	81.2936	HSK1
116	从	140032	140032	1358	81.4475	HSK1
117	意	133971	133971	831	81.5947	HSK2
118	叫	133756	133756	1859	81.7417	HSK1
119	喜	133447	133413	420	81.8884	HSK1
120	而	126826	126826	1510	82.0278	HSK2
121	儿	125247	125247	1778	82.1654	HSK1
122	请	125028	125028	816	82.3028	HSK1
123	地	122981	122981	2567	82.4380	HSK1
124	才	122658	122658	959	82.5728	HSK2
125	又	121581	121581	130	82.7064	HSK2
126	西	120641	120630	2447	82.8390	HSK1
127	候	119468	119468	249	82.9703	HSK1
128	东	118695	118680	1181	83.1007	HSK1
129	应	117947	117945	624	83.2304	HSK2
130	打	117702	117697	1490	83.3597	HSK1
131	发	117254	117254	1756	83.4886	HSK2
132	孩	117136	117136	130	83.6173	HSK1
133	前	117029	117029	1466	83.7459	HSK1
134	需	115380	115377	234	83.8727	HSK3
135	明	115334	114543	1382	83.9995	HSK1
136	爱	114394	114390	2387	84.1252	HSK1
137	爸	109662	60421	304	84.2457	HSK1
138	心	109417	109412	2042	84.3660	HSK2
139	帮	109355	108179	1098	84.4862	HSK1
140	太	108429	101170	3045	84.6053	HSK1
141	干	107260	107255	1253	84.7232	HSK1
142	错	104867	104844	674	84.8385	HSK1
143	今	102206	102206	256	84.9508	HSK1
144	女	100151	100151	1215	85.0608	HSK1
145	间	99875	99875	808	85.1706	HSK1
146	方	98634	98634	1026	85.2790	HSK1
147	认	98560	98560	351	85.3873	HSK1
148	次	94138	94135	614	85.4908	HSK1
149	行	93778	93488	1917	85.5939	HSK1
150	情	91629	91629	974	85.6946	HSK2
151	吃	90808	90808	660	85.7944	HSK1
152	题	90021	90021	252	85.8933	HSK2
153	哦	88926	88924	7	85.9910	HSK7-9
154	拿	88904	88904	1085	86.0887	HSK1
155	中	88439	88439	2579	86.1859	HSK1
156	作	87881	87881	1338	86.2825	HSK1
157	始	86764	86764	154	86.3779	HSK3
158	直	86282	86280	661	86.4727	HSK2
159	面	84880	84841	1311	86.5660	HSK1
160	之	84317	84317	3349	86.6586	HSK4
161	种	79548	79526	675	86.7461	HSK3
162	何	79122	79118	685	86.8330	HSK3
163	信	78990	78903	1040	86.9198	HSK2
164	友	77392	77392	484	87.0049	HSK1
165	正	77002	76998	1460	87.0895	HSK1
166	离	76199	76199	867	87.1732	HSK2
167	带	75985	75985	1681	87.2568	HSK2
168	朋	75793	75793	187	87.3401	HSK1
169	望	73040	73040	375	87.4203	HSK3
170	成	72161	72161	2248	87.4996	HSK2
171	相	72085	72083	989	87.5789	HSK2
172	将	71338	71338	541	87.6573	HSK3
173	进	71257	71253	1677	87.7356	HSK1
174	工	70897	70897	1043	87.8135	HSK1
175	更	69608	69608	511	87.8900	HSK2
176	感	68754	68754	565	87.9655	HSK2
177	白	68618	68579	1639	88.0410	HSK1
178	希	68139	68139	1080	88.1158	HSK3
179	晚	67366	67366	426	88.1899	HSK1
180	法	66024	66024	1828	88.2624	HSK2
181	准	65653	65653	489	88.3346	HSK1
182	亲	65572	65524	600	88.4067	HSK3
183	钱	65386	65386	790	88.4785	HSK1
184	许	64320	64319	455	88.5492	HSK2
185	常	63802	63160	1176	88.6193	HSK1
186	杀	63385	63384	757	88.6890	HSK5
187	放	63094	63094	1531	88.7583	HSK1
188	思	63064	63064	989	88.8276	HSK2
189	比	62723	62721	2561	88.8966	HSK1
190	呀	62299	62296	139	88.9650	HSK4
191	备	61153	61153	357	89.0323	HSK1
192	必	61085	61085	443	89.0994	HSK2
193	关	60558	60558	992	89.1659	HSK1
194	记	60547	60547	662	89.2325	HSK1
195	啦	60326	60318	106	89.2988	HSK6
196	年	60264	60261	1245	89.3650	HSK1
197	全	59813	59786	1542	89.4307	HSK2
198	住	57417	57417	919	89.4938	HSK1
199	电	57414	57414	1123	89.5569	HSK1
200	其	56594	56593	829	89.6191	HSK2
201	嘛	56513	56513	408	89.6813	HSK6
202	两	56196	56196	1298	89.7430	HSK1
203	切	55985	55985	756	89.8045	HSK3
204	非	55796	55795	755	89.8659	HSK1
205	或	54625	54622	541	89.9259	HSK2
206	完	54611	54597	765	89.9859	HSK2
207	办	53823	53823	449	90.0451	HSK2
208	任	53100	53100	502	90.1034	HSK3
209	您	52494	52494	31	90.1611	HSK1
210	须	52153	52153	183	90.2184	HSK2
211	嗯	51490	51490	1	90.2750	
212	实	51373	51338	671	90.3315	HSK2
213	抱	50758	50689	198	90.3873	HSK4
214	老	50625	50611	1961	90.4429	HSK1
215	歉	50401	50401	39	90.4983	HSK6
216	刚	49494	38626	888	90.5527	HSK2
217	嘿	49442	49342	242	90.6070	HSK7-9
218	边	48665	48665	807	90.6605	HSK1
219	活	48462	48449	991	90.7138	HSK2
220	于	48085	48085	1237	90.7666	HSK2
221	少	47807	47806	945	90.8192	HSK1
222	并	47733	47733	225	90.8716	HSK3
223	名	47530	47530	1221	90.9239	HSK1
224	高	45135	45119	2150	90.9735	HSK1
225	重	44883	44869	1125	91.0228	HSK1
226	字	44326	44326	725	91.0715	HSK1
227	解	44239	44239	552	91.1201	HSK3
228	结	43894	43894	618	91.1684	HSK2
229	男	42954	42954	475	91.2156	HSK1
230	伙	42718	42718	131	91.2625	HSK4
231	新	42403	42402	1560	91.3091	HSK1
232	与	41889	41889	258	91.3552	HSK4
233	变	41368	41368	981	91.4006	HSK2
234	向	41309	41309	907	91.4460	HSK2
235	手	40936	40933	1842	91.4910	HSK1
236	每	40228	40222	435	91.5352	HSK3
237	马	39418	39415	3448	91.5785	HSK1
238	识	39312	39312	313	91.6217	HSK1
239	本	39099	39099	1504	91.6647	HSK1
240	安	39000	38996	2738	91.7076	HSK2
241	玩	38620	38343	773	91.7500	HSK1
242	世	38568	38567	750	91.7924	HSK3
243	兴	38277	38276	343	91.8345	HSK1
244	且	37795	37795	134	91.8760	HSK2
245	国	37284	37284	1816	91.9170	HSK1
246	担	37228	37228	185	91.9579	HSK4
247	坐	37129	37088	395	91.9987	HSK1
248	保	36931	36931	857	92.0393	HSK3
249	车	36814	36814	1840	92.0798	HSK1
250	机	36778	36778	1513	92.1202	HSK1
251	喂	36566	36476	69	92.1604	HSK2
252	确	36496	36496	186	92.2005	HSK2
253	无	36232	36176	2087	92.2403	HSK4
254	算	36144	36126	803	92.2800	HSK2
255	美	36040	36037	2158	92.3196	HSK3
256	接	35827	35827	1025	92.3590	HSK2
257	跑	35299	35288	304	92.3978	HSK1
258	界	35006	35006	446	92.4363	HSK3
259	系	34804	34804	1087	92.4745	HSK1
260	续	34512	34511	148	92.5124	HSK3
261	受	34489	34489	763	92.5503	HSK2
262	底	34447	34446	486	92.5882	HSK3
263	够	34401	34382	713	92.6260	HSK2
264	动	33889	33872	1478	92.6633	HSK1
265	继	33699	33699	157	92.7003	HSK3
266	身	33402	33402	1019	92.7370	HSK1
267	位	33384	33384	669	92.7737	HSK2
268	远	33176	33034	777	92.8101	HSK1
269	同	33154	33153	1168	92.8466	HSK1
270	怕	32841	32836	219	92.8827	HSK2
271	谈	32566	22489	713	92.9185	HSK3
272	害	32282	32282	436	92.9539	HSK3
273	件	32219	32219	484	92.9894	HSK2
274	计	31977	31977	585	93.0245	HSK2
275	姐	31508	28101	636	93.0591	HSK1
276	总	31169	31169	743	93.0934	HSK3
277	父	30873	30873	327	93.1273	HSK3
278	早	30761	30757	593	93.1611	HSK1
279	房	29989	29989	671	93.1941	HSK1
280	管	29148	29145	957	93.2261	HSK3
281	决	29087	29087	262	93.2581	HSK3
282	肯	28698	28697	652	93.2896	HSK5
283	嗨	28588	28588	2	93.3210	
284	却	28344	28344	135	93.3522	HSK4
285	买	28231	28231	755	93.3832	HSK1
286	警	27904	27904	483	93.4139	HSK3
287	送	27733	27733	741	93.4444	HSK1
288	此	27547	27510	812	93.4746	HSK3
289	几	27458	27458	950	93.5048	HSK1
290	医	27368	27368	373	93.5349	HSK1
291	喝	27269	27267	385	93.5649	HSK1
292	理	27049	27049	1231	93.5946	HSK2
293	永	26841	26840	587	93.6241	HSK2
294	笑	26571	26537	430	93.6533	HSK1
295	月	26290	26290	528	93.6822	HSK1
296	至	25900	25900	477	93.7106	HSK3
297	失	25814	25814	479	93.7390	HSK3
298	长	25787	25775	1885	93.7674	HSK2
299	学	25669	25643	1896	93.7956	HSK1
300	外	25438	25438	1088	93.8235	HSK1
301	加	25437	25436	2156	93.8515	HSK2
302	难	25223	25223	857	93.8792	HSK1
303	忙	25212	25210	201	93.9069	HSK1
304	命	25121	25121	734	93.9345	HSK3
305	由	24766	24766	888	93.9617	HSK2
306	者	24672	24672	1570	93.9888	HSK2
307	留	24553	24553	617	94.0158	HSK2
308	睡	24544	24544	330	94.0428	HSK1
309	公	24452	24437	1178	94.0697	HSK2
310	分	24386	24386	1475	94.0965	HSK1
311	噢	24334	24334	1	94.1232	
312	求	24291	21443	569	94.1499	HSK2
313	蛋	24133	24065	457	94.1764	HSK1
314	第	24100	24100	1117	94.2029	HSK1
315	力	23845	23845	1514	94.2291	HSK2
316	搞	23770	23769	155	94.2553	HSK5
317	穿	23694	23694	423	94.2813	HSK1
318	疯	23608	23605	244	94.3072	HSK5
319	原	23543	23543	706	94.3331	HSK2
320	证	23371	23371	414	94.3588	HSK3
321	拜	23285	22475	375	94.3844	HSK5
322	写	23278	23276	498	94.4100	HSK1
323	清	23204	23196	793	94.4355	HSK2
324	处	22606	22595	819	94.4603	HSK2
325	根	22578	22578	1032	94.4851	HSK3
326	服	22532	22530	560	94.5099	HSK1
327	照	22359	22358	689	94.5345	HSK2
328	束	21936	21936	179	94.5586	HSK3
329	况	21866	21866	126	94.5826	HSK3
330	帝	21862	21862	775	94.6066	HSK6
331	忘	21790	21790	173	94.6306	HSK1
332	停	21675	21669	353	94.6544	HSK2
333	号	21594	21594	681	94.6781	HSK1
334	站	21458	21458	458	94.7017	HSK1
335	抓	21325	21325	325	94.7252	HSK3
336	近	21235	21235	491	94.7485	HSK2
337	头	21071	21060	1855	94.7716	HSK2
338	弟	20736	18267	311	94.7944	HSK1
339	亮	20707	20705	358	94.8172	HSK2
340	楚	20635	20626	253	94.8399	HSK2
341	救	20484	19735	733	94.8624	HSK3
342	托	20377	20376	1332	94.8848	HSK5
343	烦	20076	20075	226	94.9068	HSK3
344	漂	20001	19999	106	94.9288	HSK2
345	察	19961	19961	314	94.9508	HSK3
346	懂	19936	19909	199	94.9727	HSK2
347	愿	19923	19902	391	94.9946	HSK2
348	试	19650	13672	635	95.0162	HSK1
349	特	19615	19614	3748	95.0377	HSK2
350	三	19573	19572	2503	95.0592	HSK1
351	部	19230	19230	1061	95.0804	HSK2
352	麻	19219	19219	493	95.1015	HSK3
353	兄	18938	18938	307	95.1223	HSK4
354	使	18601	18601	442	95.1427	HSK2
355	混	18354	18311	279	95.1629	HSK6
356	怪	18347	18213	488	95.1831	HSK3
357	否	18219	18219	125	95.2031	HSK3
358	息	18185	18184	304	95.2231	HSK1
359	弄	17961	17960	408	95.2428	HSK2
360	连	17801	17799	1597	95.2624	HSK3
361	久	17764	17746	504	95.2819	HSK2
362	答	17597	17597	203	95.3013	HSK1
363	曾	17514	17514	223	95.3205	HSK3
364	音	17411	17411	654	95.3396	HSK2
365	另	17410	17410	137	95.3588	HSK3
366	枪	17281	17281	782	95.3778	HSK5
367	注	16978	16978	229	95.3964	HSK3
368	待	16936	16936	572	95.4150	HSK3
369	宝	16903	16174	916	95.4336	HSK4
370	母	16901	16901	479	95.4522	HSK3
371	绝	16711	16711	362	95.4706	HSK3
372	掉	16661	16661	497	95.4889	HSK2
373	通	16544	16496	989	95.5070	HSK2
374	伤	16478	16478	555	95.5252	HSK3
375	表	16435	16435	882	95.5432	HSK2
376	持	16431	16431	271	95.5613	HSK3
377	助	16405	16405	379	95.5793	HSK2
378	简	16286	16285	291	95.5972	HSK3
379	日	16268	16253	1158	95.6151	HSK1
380	整	16259	16057	557	95.6329	HSK3
381	声	16096	16095	885	95.6506	HSK2
382	气	16073	16073	1284	95.6683	HSK1
383	划	15991	15991	354	95.6859	HSK2
384	体	15951	15951	954	95.7034	HSK1
385	物	15917	15917	1025	95.7209	HSK2
386	讲	15859	15775	364	95.7383	HSK2
387	唯	15677	15677	127	95.7556	HSK5
388	贝	15531	15527	1619	95.7726	HSK4
389	改	15487	15485	456	95.7896	HSK2
390	主	15428	15427	1425	95.8066	HSK2
391	入	15422	15422	1107	95.8236	HSK2
392	选	15374	15374	746	95.8404	HSK2
393	乐	15332	15328	1204	95.8573	HSK2
394	消	15238	15237	337	95.8740	HSK3
395	士	15219	15219	1004	95.8908	HSK4
396	路	15174	15174	1526	95.9074	HSK1
397	场	15167	15167	1030	95.9241	HSK1
398	夫	15031	15031	1758	95.9406	HSK3
399	约	15019	15019	527	95.9571	HSK3
400	门	15010	15010	1485	95.9736	HSK1
401	静	14849	14812	473	95.9900	HSK2
402	婚	14779	14779	254	96.0062	HSK3
403	奇	14743	14742	1550	96.0224	HSK3
404	嘴	14580	14580	361	96.0384	HSK2
405	衣	14479	14479	512	96.0543	HSK1
406	收	14306	14306	824	96.0701	HSK2
407	除	14245	14245	302	96.0857	HSK3
408	险	14160	14160	277	96.1013	HSK3
409	眼	13937	13936	902	96.1166	HSK2
410	闭	13772	13772	186	96.1317	HSK4
411	棒	13754	13746	233	96.1468	HSK5
412	查	13737	13636	986	96.1619	HSK2
413	张	13724	13724	993	96.1770	HSK3
414	故	13611	13611	229	96.1920	HSK2
415	官	13588	13588	593	96.2069	HSK4
416	甚	13518	13518	104	96.2218	HSK4
417	便	13510	13506	328	96.2366	HSK2
418	护	13403	13403	501	96.2514	HSK2
419	单	13388	13360	712	96.2661	HSK2
420	迎	13379	13379	145	96.2808	HSK2
421	哥	13138	8820	1653	96.2952	HSK1
422	虽	13012	13012	112	96.3095	HSK2
423	止	12806	12806	248	96.3236	HSK3
424	酒	12767	12767	927	96.3376	HSK2
425	目	12723	12723	551	96.3516	HSK2
426	倒	12640	12640	587	96.3655	HSK2
427	乎	12555	12552	189	96.3793	HSK4
428	讨	12483	12483	196	96.3930	HSK2
429	择	12455	12455	91	96.4067	HSK4
430	司	12430	12430	673	96.4204	HSK2
431	危	12280	12280	139	96.4339	HSK3
432	易	11976	11976	478	96.4470	HSK3
433	各	11857	11784	388	96.4600	HSK3
434	终	11839	11839	258	96.4731	HSK3
435	功	11768	11768	388	96.4860	HSK3
436	趣	11743	11743	124	96.4989	HSK4
437	跳	11726	11721	369	96.5118	HSK3
438	报	11708	11708	755	96.5247	HSK2
439	内	11702	11702	1426	96.5375	HSK3
440	靠	11633	11633	277	96.5503	HSK2
441	幸	11631	11630	201	96.5631	HSK3
442	随	11600	11588	303	96.5758	HSK2
443	昨	11549	11549	35	96.5885	HSK1
444	轻	11517	11402	862	96.6012	HSK2
445	运	11513	11513	672	96.6138	HSK2
446	影	11400	11400	558	96.6264	HSK1
447	片	11397	11397	718	96.6389	HSK2
448	反	11328	11328	635	96.6513	HSK3
449	参	11292	11292	312	96.6637	HSK2
450	交	11263	11263	960	96.6761	HSK2
451	条	11202	11202	888	96.6884	HSK1
452	紧	11172	11081	446	96.7007	HSK3
453	提	11170	11170	1365	96.7130	HSK2
454	克	11163	11106	4042	96.7253	HSK2
455	合	11125	11123	970	96.7375	HSK2
456	教	10962	10936	1055	96.7495	HSK1
457	岁	10936	10936	289	96.7615	HSK1
458	容	10887	10887	377	96.7735	HSK3
459	顾	10854	10854	241	96.7854	HSK2
460	利	10799	10799	2796	96.7973	HSK2
461	校	10771	10771	367	96.8091	HSK1
462	冷	10752	10752	443	96.8210	HSK1
463	制	10629	10629	823	96.8326	HSK3
464	睛	10585	10585	46	96.8443	HSK2
465	神	10541	10540	1524	96.8559	HSK3
466	师	10494	10494	684	96.8674	HSK1
467	敢	10322	10312	197	96.8787	HSK3
468	厌	10296	10296	93	96.8901	HSK5
469	战	10117	10117	943	96.9012	HSK4
470	喔	10082	10082	2	96.9123	
471	拉	10023	10003	3579	96.9233	HSK2
472	份	10022	10022	375	96.9343	HSK2
473	坏	10016	10016	559	96.9453	HSK1
474	令	9953	9953	724	96.9562	HSK5
475	钟	9946	9946	485	96.9672	HSK2
476	哇	9754	9751	101	96.9779	HSK6
477	猜	9661	9349	175	96.9885	HSK5
478	狗	9631	9503	766	96.9991	HSK2
479	赢	9613	9613	218	97.0096	HSK3
480	挺	9440	9440	348	97.0200	HSK2
481	派	9435	9435	765	97.0304	HSK3
482	未	9429	9429	695	97.0408	HSK4
483	飞	9342	9340	1017	97.0510	HSK1
484	式	9336	9336	712	97.0613	HSK3
485	鬼	9326	9315	659	97.0715	HSK5
486	责	9290	9290	186	97.0817	HSK3
487	差	9276	9276	510	97.0919	HSK1
488	糟	9273	9270	125	97.1021	HSK5
489	替	9178	9178	449	97.1122	HSK4
490	论	9177	9177	391	97.1223	HSK2
491	期	8995	8995	563	97.1322	HSK1
492	类	8989	8989	313	97.1421	HSK3
493	花	8822	8779	1871	97.1518	HSK1
494	尽	8772	8770	540	97.1614	HSK3
495	代	8702	8700	901	97.1710	HSK3
496	释	8620	8620	125	97.1804	HSK4
497	休	8599	8599	348	97.1899	HSK1
498	则	8551	8551	288	97.1993	HSK4
499	脸	8540	8540	513	97.2087	HSK2
500	客	8535	8535	517	97.2181	HSK1
501	慢	8418	4909	324	97.2273	HSK1
502	突	8412	8412	160	97.2365	HSK3
503	指	8278	8277	781	97.2456	HSK3
504	二	8263	8261	1834	97.2547	HSK1
505	存	8210	8210	412	97.2638	HSK3
506	弃	8173	8173	208	97.2727	HSK5
507	卖	8136	8136	653	97.2817	HSK2
508	越	8077	5395	648	97.2906	HSK2
509	礼	8025	8025	425	97.2994	HSK2
510	务	8022	8022	457	97.3082	HSK2
511	妻	7962	7962	214	97.3169	HSK4
512	即	7935	7935	236	97.3257	HSK4
513	密	7908	7908	635	97.3343	HSK4
514	考	7904	7904	606	97.3430	HSK1
515	斯	7844	7775	7508	97.3517	HSK7-9
516	梦	7806	7806	577	97.3602	HSK4
517	努	7784	7784	292	97.3688	HSK2
518	星	7770	7429	1084	97.3773	HSK1
519	演	7765	7765	645	97.3859	HSK3
520	水	7748	7748	2201	97.3944	HSK1
521	苦	7700	7690	452	97.4028	HSK3
522	赶	7642	7642	238	97.4112	HSK3
523	队	7611	7611	1050	97.4196	HSK2
524	饭	7562	7562	414	97.4279	HSK1
525	议	7547	7547	247	97.4362	HSK3
526	介	7513	7513	265	97.4445	HSK1
527	拍	7507	7499	405	97.4527	HSK3
528	量	7506	7506	572	97.4610	HSK2
529	院	7490	7490	437	97.4692	HSK1
530	俩	7417	7417	105	97.4773	HSK4
531	负	7409	7409	238	97.4855	HSK3
532	色	7407	7407	920	97.4936	HSK2
533	控	7363	7363	286	97.5017	HSK5
534	黑	7362	7361	1078	97.5098	HSK2
535	醒	7323	6272	246	97.5179	HSK4
536	婆	7321	7239	263	97.5259	HSK4
537	痛	7254	7249	430	97.5339	HSK3
538	较	7198	7198	149	97.5418	HSK3
539	秘	7163	7162	201	97.5497	HSK4
540	室	7077	7077	490	97.5574	HSK2
541	杯	7047	7047	384	97.5652	HSK1
542	器	7042	7042	862	97.5729	HSK3
543	概	7024	7024	53	97.5806	HSK3
544	厉	6885	6885	55	97.5882	HSK5
545	据	6875	6875	200	97.5958	HSK3
546	骗	6859	6859	221	97.6033	HSK5
547	聪	6829	6829	86	97.6108	HSK5
548	糕	6802	6802	55	97.6183	HSK5
549	遇	6742	6742	178	97.6257	HSK4
550	呆	6733	6732	214	97.6331	HSK5
551	英	6720	6720	1016	97.6405	HSK2
552	联	6711	6711	400	97.6479	HSK3
553	往	6710	6660	738	97.6552	HSK2
554	恶	6686	6686	450	97.6626	HSK4
555	妹	6684	3658	421	97.6699	HSK1
556	习	6674	6674	201	97.6773	HSK1
557	松	6664	6663	613	97.6846	HSK4
558	似	6618	6618	273	97.6919	HSK3
559	丢	6615	6615	129	97.6991	HSK5
560	亡	6590	6590	189	97.7064	HSK6
561	碰	6583	6579	185	97.7136	HSK2
562	击	6577	6577	491	97.7208	HSK5
563	竟	6574	6574	224	97.7281	HSK4
564	呃	6560	6560	1	97.7353	
565	及	6560	6560	529	97.7425	HSK3
566	板	6531	6531	575	97.7497	HSK2
567	陪	6479	6466	201	97.7568	HSK5
568	置	6452	6452	248	97.7639	HSK4
569	虑	6390	6390	69	97.7709	HSK4
570	游	6388	6388	576	97.7779	HSK2
571	员	6207	6207	749	97.7847	HSK3
572	叔	6175	3229	443	97.7915	HSK4
573	适	6172	6172	151	97.7983	HSK2
574	戏	6155	6155	410	97.8051	HSK3
575	仍	6154	6154	134	97.8118	HSK3
576	哭	6141	6137	160	97.8186	HSK2
577	标	6141	6141	410	97.8253	HSK3
578	丈	6137	6137	91	97.8321	HSK4
579	狂	6130	6130	363	97.8388	HSK5
580	拥	6106	6106	100	97.8455	HSK5
581	味	6101	6101	487	97.8522	HSK2
582	刻	6093	6090	263	97.8589	HSK2
583	病	6075	6075	726	97.8656	HSK1
584	周	6058	6058	572	97.8723	HSK2
585	究	6057	6057	107	97.8789	HSK4
586	口	6053	6052	1306	97.8856	HSK1
587	耶	6037	6037	776	97.8922	
588	付	6028	6028	403	97.8988	HSK3
589	建	6006	6006	529	97.9054	HSK3
590	球	5975	5975	1194	97.9120	HSK1
591	万	5970	5967	1470	97.9185	HSK2
592	赛	5956	5956	953	97.9251	HSK3
593	丽	5906	5906	1591	97.9316	HSK3
594	象	5897	5897	672	97.9381	HSK3
595	立	5877	5877	822	97.9445	HSK3
596	换	5855	5846	730	97.9510	HSK2
597	祝	5843	5843	190	97.9574	HSK3
598	达	5823	5823	1816	97.9638	HSK3
599	争	5819	5819	372	97.9702	HSK3
600	剩	5804	5804	173	97.9766	HSK5
601	书	5798	5798	1046	97.9829	HSK1
602	傻	5762	5758	169	97.9893	HSK5
603	检	5680	5680	284	97.9955	HSK2
604	假	5666	5666	543	98.0017	HSK1
605	律	5662	5662	265	98.0080	HSK4
606	附	5632	5632	142	98.0141	HSK4
607	脑	5622	5622	501	98.0203	HSK1
608	装	5604	5604	1012	98.0265	HSK2
609	军	5594	5594	964	98.0326	HSK5
610	度	5568	5568	985	98.0387	HSK2
611	偷	5558	5277	442	98.0449	HSK5
612	满	5549	5536	840	98.0510	HSK2
613	案	5540	5540	576	98.0570	HSK4
614	包	5532	5499	898	98.0631	HSK1
615	著	5530	5530	1710	98.0692	HSK4
616	精	5515	5515	559	98.0753	HSK3
617	平	5509	5506	1074	98.0813	HSK2
618	城	5481	5481	855	98.0873	HSK3
619	吓	5453	5453	89	98.0933	HSK5
620	哈	5411	4745	1358	98.0993	HSK3
621	块	5410	5409	451	98.1052	HSK1
622	统	5394	5348	336	98.1112	HSK4
623	造	5388	5388	603	98.1171	HSK3
624	空	5379	5371	1056	98.1230	HSK2
625	恐	5373	5373	144	98.1289	HSK3
626	狱	5363	5363	124	98.1348	HSK7-9
627	怀	5350	5350	341	98.1407	HSK4
628	支	5342	5342	473	98.1465	HSK3
629	调	5341	5340	637	98.1524	HSK3
630	怜	5325	5325	71	98.1583	HSK5
631	油	5301	5301	810	98.1641	HSK2
632	排	5298	5298	514	98.1699	HSK2
633	市	5271	5271	892	98.1757	HSK2
634	屁	5261	5247	232	98.1815	
635	首	5251	5251	478	98.1873	HSK3
636	值	5224	5223	377	98.1930	HSK3
637	历	5207	5206	281	98.1987	HSK3
638	滚	5184	5183	193	98.2044	HSK5
639	扰	5181	5181	116	98.2101	HSK5
640	复	5166	5166	376	98.2158	HSK2
641	足	5145	5139	502	98.2214	HSK3
642	性	5123	5123	1471	98.2271	HSK3
643	武	5104	5104	619	98.2327	HSK3
644	严	5094	5094	265	98.2383	HSK4
645	承	5075	5075	223	98.2439	HSK4
646	视	5050	5050	483	98.2494	HSK1
647	按	5037	5037	222	98.2549	HSK3
648	咱	5026	5026	199	98.2605	HSK2
649	显	5019	5019	217	98.2660	HSK3
650	坚	4994	4994	251	98.2715	HSK3
651	四	4971	4971	1455	98.2769	HSK1
652	餐	4952	4952	302	98.2824	HSK2
653	呼	4927	4919	313	98.2878	HSK4
654	庭	4918	4918	224	98.2932	HSK2
655	瞧	4915	4068	47	98.2986	HSK5
656	吸	4883	4883	389	98.3040	HSK4
657	犯	4874	4874	401	98.3093	HSK6
658	舞	4848	4848	661	98.3146	HSK3
659	超	4824	4824	686	98.3199	HSK2
660	属	4796	4796	248	98.3252	HSK3
661	谅	4785	4750	46	98.3305	HSK6
662	阻	4782	4782	132	98.3357	HSK4
663	唱	4773	4772	454	98.3410	HSK1
664	破	4757	4757	735	98.3462	HSK3
665	舒	4736	4734	304	98.3514	HSK2
666	床	4720	4720	410	98.3566	HSK1
667	尔	4705	4705	4987	98.3618	HSK5
668	疑	4693	4690	259	98.3669	HSK4
669	误	4684	4684	213	98.3721	HSK3
670	十	4675	4673	2484	98.3772	HSK1
671	光	4640	4636	1437	98.3823	HSK3
672	监	4635	4635	282	98.3874	HSK6
673	笨	4609	4600	176	98.3925	HSK4
674	某	4600	4599	200	98.3975	HSK3
675	午	4556	4556	97	98.4025	HSK1
676	若	4531	4531	689	98.4075	HSK6
677	强	4489	4489	921	98.4124	HSK3
678	义	4488	4488	655	98.4174	HSK3
679	示	4480	4480	234	98.4223	HSK2
680	王	4466	4466	1281	98.4272	HSK2
681	谎	4461	4461	47	98.4321	HSK7-9
682	半	4441	4440	883	98.4370	HSK1
683	伟	4387	4387	344	98.4418	HSK3
684	既	4378	4378	117	98.4466	HSK4
685	五	4373	4372	1555	98.4514	HSK1
686	啥	4367	4367	32	98.4562	
687	费	4330	4330	1425	98.4610	HSK3
688	德	4313	4313	3773	98.4657	HSK5
689	船	4288	4288	730	98.4704	HSK2
690	聊	4280	3786	210	98.4751	HSK4
691	追	4269	4269	360	98.4798	HSK3
692	股	4266	4266	227	98.4845	HSK6
693	居	4252	4252	319	98.4892	HSK4
694	誓	4248	4248	111	98.4939	HSK7-9
695	卡	4225	4222	3145	98.4985	HSK2
696	组	4222	4222	700	98.5032	HSK2
697	败	4201	4201	254	98.5078	HSK4
698	火	4195	4195	1171	98.5124	HSK1
699	业	4191	4191	749	98.5170	HSK2
700	享	4176	4176	158	98.5216	HSK5
701	逃	4172	4172	203	98.5262	HSK5
702	绍	4155	4155	57	98.5307	HSK1
703	班	4132	4132	1161	98.5353	HSK1
704	毁	4130	4130	218	98.5398	HSK6
705	街	4095	4095	855	98.5443	HSK2
706	区	4080	4072	1129	98.5488	HSK3
707	逼	4078	4078	235	98.5533	HSK6
708	练	4028	4022	428	98.5577	HSK2
709	咖	4016	4016	100	98.5621	HSK3
710	啡	4008	4008	73	98.5665	HSK3
711	匙	4004	4004	96	98.5709	HSK7-9
712	钥	3989	3989	31	98.5753	HSK7-9
713	治	3987	3986	769	98.5797	HSK4
714	迟	3977	3976	196	98.5841	HSK4
715	藏	3976	3975	598	98.5884	HSK6
716	弹	3954	3954	653	98.5928	HSK5
717	攻	3947	3947	281	98.5971	HSK6
718	激	3897	3897	209	98.6014	HSK4
719	转	3887	3843	775	98.6057	HSK3
720	血	3878	3878	905	98.6099	HSK3
721	阿	3819	3819	3228	98.6141	HSK4
722	福	3780	3780	1147	98.6183	HSK3
723	娘	3776	3718	398	98.6224	HSK3
724	戴	3767	3767	846	98.6266	HSK4
725	借	3760	3760	382	98.6307	HSK2
726	杰	3755	3755	1239	98.6348	HSK6
727	翰	3727	3727	121	98.6389	
728	金	3717	3717	2804	98.6430	HSK3
729	寻	3702	3702	241	98.6471	HSK4
730	取	3691	3691	606	98.6511	HSK2
731	食	3672	3672	622	98.6552	HSK2
732	断	3666	3665	585	98.6592	HSK3
733	幕	3665	3665	195	98.6632	HSK5
734	独	3663	3661	355	98.6673	HSK4
735	史	3660	3660	1646	98.6713	HSK4
736	极	3646	3646	416	98.6753	HSK3
737	灵	3627	3627	662	98.6793	HSK6
738	画	3616	3521	765	98.6832	HSK2
739	饿	3611	3611	99	98.6872	HSK1
740	痴	3595	3595	133	98.6912	HSK7-9
741	挂	3569	3569	292	98.6951	HSK3
742	炸	3556	3556	354	98.6990	HSK6
743	资	3554	3554	359	98.7029	HSK3
744	奶	3549	2179	364	98.7068	HSK1
745	蠢	3531	3529	235	98.7107	HSK7-9
746	段	3528	3528	226	98.7146	HSK2
747	句	3515	3514	194	98.7184	HSK2
748	般	3502	3501	310	98.7223	HSK2
749	罪	3451	3451	445	98.7261	HSK6
750	政	3450	3450	580	98.7299	HSK4
751	拒	3449	3449	105	98.7336	HSK5
752	威	3437	3437	1043	98.7374	HSK6
753	响	3431	3431	361	98.7412	HSK2
754	楼	3418	3418	489	98.7449	HSK1
755	惊	3417	3417	249	98.7487	HSK4
756	罗	3408	3408	3079	98.7524	HSK7-9
757	言	3407	3407	714	98.7562	HSK2
758	供	3369	3369	286	98.7599	HSK4
759	浪	3353	3353	349	98.7636	HSK3
760	踪	3337	3337	67	98.7672	HSK7-9
761	退	3336	3336	308	98.7709	HSK3
762	恨	3330	3330	206	98.7746	HSK5
763	脚	3326	3326	788	98.7782	HSK2
764	际	3326	3326	170	98.7819	HSK2
765	店	3325	3325	537	98.7855	HSK1
766	尸	3318	3318	262	98.7892	HSK7-9
767	研	3309	3309	150	98.7928	HSK4
768	袋	3287	3287	295	98.7964	HSK4
769	引	3287	3287	305	98.8000	HSK4
770	操	3280	3280	343	98.8036	HSK4
771	扔	3253	3253	51	98.8072	HSK5
772	状	3246	3246	325	98.8108	HSK3
773	腿	3237	3237	271	98.8143	HSK2
774	歌	3227	3227	655	98.8179	HSK1
775	权	3215	3215	622	98.8214	HSK4
776	闻	3197	3184	439	98.8249	HSK2
777	录	3185	3185	348	98.8284	HSK3
778	仅	3171	2169	149	98.8319	HSK3
779	旅	3157	3157	219	98.8354	HSK2
780	米	3148	3148	1490	98.8389	HSK1
781	料	3146	3146	401	98.8423	HSK4
782	图	3134	3134	870	98.8458	HSK1
783	敌	3130	3130	246	98.8492	HSK4
784	码	3116	3116	346	98.8526	HSK4
785	热	3112	3112	809	98.8560	HSK1
786	节	3108	3108	540	98.8595	HSK2
787	翻	3105	3104	357	98.8629	HSK4
788	步	3104	3099	542	98.8663	HSK3
789	数	3101	3089	1054	98.8697	HSK2
790	程	3087	3087	552	98.8731	HSK3
791	乱	3086	3086	616	98.8765	HSK3
792	尝	3077	2614	128	98.8799	HSK5
793	称	3064	3064	543	98.8832	HSK2
794	躲	3059	3058	93	98.8866	HSK5
795	躺	3044	3044	25	98.8899	HSK4
796	念	3037	3033	604	98.8933	HSK3
797	文	3034	3034	1886	98.8966	HSK1
798	导	3031	3031	326	98.8999	HSK3
799	术	3021	3021	485	98.9033	HSK3
800	姑	2988	2961	139	98.9065	HSK3
801	品	2981	2981	679	98.9098	HSK3
802	训	2975	2975	240	98.9131	HSK3
803	背	2972	2972	372	98.9164	HSK2
804	纽	2952	2952	292	98.9196	HSK7-9
805	设	2952	2952	357	98.9228	HSK3
806	顺	2943	2943	428	98.9261	HSK2
807	允	2936	2936	119	98.9293	HSK6
808	布	2933	2933	2392	98.9325	HSK3
809	哎	2919	2919	49	98.9357	HSK7-9
810	净	2913	2908	168	98.9389	HSK1
811	规	2911	2910	248	98.9421	HSK3
812	药	2877	2877	697	98.9453	HSK2
813	急	2876	2875	385	98.9485	HSK2
814	搬	2871	2871	120	98.9516	HSK3
815	海	2864	2864	1837	98.9548	HSK2
816	专	2862	2862	412	98.9579	HSK3
817	线	2857	2857	963	98.9610	HSK3
818	读	2843	2825	496	98.9642	HSK1
819	价	2840	2823	408	98.9673	HSK3
820	洗	2835	2809	409	98.9704	HSK1
821	辈	2819	2819	109	98.9735	HSK5
822	惜	2781	2781	75	98.9766	HSK5
823	旁	2779	2779	222	98.9796	HSK1
824	巴	2761	2755	1754	98.9826	HSK4
825	魂	2725	2725	243	98.9856	HSK7-9
826	传	2712	2712	729	98.9886	HSK3
827	译	2704	2704	128	98.9916	HSK4
828	恭	2701	2701	75	98.9946	HSK7-9
829	态	2686	2686	201	98.9975	HSK2
830	荣	2674	2674	386	99.0005	HSK5
831	斗	2670	2670	614	99.0034	HSK4
832	遍	2664	2664	277	99.0063	HSK2
833	夜	2664	2660	627	99.0092	HSK2
834	展	2656	2656	318	99.0122	HSK3
835	格	2649	2626	2495	99.0151	HSK3
836	获	2643	2643	196	99.0180	HSK4
837	遗	2629	2629	169	99.0209	HSK4
838	府	2628	2628	293	99.0238	HSK4
839	抢	2614	2614	213	99.0266	HSK5
840	左	2601	2601	425	99.0295	HSK1
841	臭	2600	2599	268	99.0323	HSK5
842	围	2584	2584	267	99.0352	HSK3
843	观	2580	2580	422	99.0380	HSK2
844	充	2577	2577	171	99.0409	HSK3
845	堂	2568	2561	356	99.0437	HSK2
846	赚	2564	2564	59	99.0465	HSK6
847	脱	2564	2564	353	99.0493	HSK4
848	暗	2563	2563	512	99.0521	HSK4
849	爷	2557	1523	287	99.0549	HSK1
850	流	2557	2557	891	99.0577	HSK2
851	民	2535	2535	892	99.0605	HSK3
852	惯	2528	2528	161	99.0633	HSK2
853	博	2512	2512	1099	99.0661	HSK5
854	恩	2512	2512	1994	99.0688	HSK6
855	乖	2507	1697	138	99.0716	HSK7-9
856	风	2493	2493	1349	99.0743	HSK1
857	姆	2492	2492	1318	99.0771	HSK7-9
858	纪	2482	2482	354	99.0798	HSK3
859	雄	2467	2467	510	99.0825	HSK5
860	谓	2467	2467	82	99.0852	HSK4
861	瓜	2463	2463	342	99.0879	HSK4
862	拾	2431	2431	85	99.0906	HSK5
863	困	2430	2430	219	99.0933	HSK3
864	阳	2429	2429	452	99.0959	HSK2
865	产	2425	2425	783	99.0986	HSK3
866	勇	2419	2419	312	99.1013	HSK4
867	杂	2419	2419	230	99.1039	HSK3
868	架	2418	2418	441	99.1066	HSK3
869	邀	2411	2411	100	99.1092	HSK5
870	验	2393	2393	286	99.1119	HSK3
871	欠	2384	2384	184	99.1145	HSK5
872	愚	2366	2366	61	99.1171	HSK7-9
873	元	2362	2362	681	99.1197	HSK1
874	旦	2348	2348	127	99.1223	HSK5
875	赌	2338	2338	276	99.1248	HSK6
876	毕	2337	2337	392	99.1274	HSK4
877	级	2328	2328	356	99.1299	HSK2
878	吻	2322	2322	110	99.1325	HSK7-9
879	右	2319	2319	395	99.1350	HSK1
880	忆	2309	2309	77	99.1376	HSK5
881	尊	2258	2258	229	99.1401	HSK5
882	婊	2252	2252	9	99.1425	
883	局	2242	2242	562	99.1450	HSK4
884	尼	2231	2231	3883	99.1475	HSK7-9
885	愉	2220	2220	66	99.1499	HSK6
886	射	2216	2216	622	99.1523	HSK5
887	细	2183	2182	457	99.1547	HSK4
888	冒	2182	2182	145	99.1571	HSK3
889	红	2182	2182	1185	99.1595	HSK2
890	憾	2176	2176	34	99.1619	HSK6
891	乔	2176	2176	934	99.1643	HSK7-9
892	彼	2171	2159	234	99.1667	HSK5
893	基	2169	2169	1716	99.1691	HSK3
894	千	2168	2167	1204	99.1715	HSK2
895	辛	2165	2158	536	99.1738	HSK5
896	括	2163	2163	35	99.1762	HSK4
897	速	2161	2152	449	99.1786	HSK3
898	爆	2156	2156	383	99.1810	HSK6
899	辆	2152	2152	136	99.1833	HSK2
900	捕	2149	2149	186	99.1857	HSK6
901	抽	2128	2128	267	99.1880	HSK4
902	撒	2122	2122	407	99.1904	HSK7-9
903	织	2121	2121	301	99.1927	HSK5
904	胡	2109	2109	527	99.1950	HSK5
905	圣	2108	2108	957	99.1973	HSK6
906	吵	2107	2105	142	99.1996	HSK3
907	群	2089	2089	428	99.2019	HSK3
908	私	2074	2074	305	99.2042	HSK5
909	八	2073	2073	1109	99.2065	HSK1
910	撞	2072	2072	206	99.2088	HSK5
911	吹	2060	2060	405	99.2110	HSK2
912	魔	2057	2057	465	99.2133	HSK7-9
913	语	2041	2041	707	99.2155	HSK1
914	集	2038	2038	423	99.2178	HSK3
915	胁	2035	2035	31	99.2200	HSK6
916	脏	2017	2017	332	99.2222	HSK2
917	套	1985	1984	375	99.2244	HSK2
918	银	1964	1964	472	99.2266	HSK2
919	志	1955	1955	565	99.2287	HSK3
920	屋	1950	1950	457	99.2309	HSK3
921	废	1948	1948	204	99.2330	HSK6
922	山	1945	1945	1846	99.2351	HSK1
923	创	1903	1903	200	99.2372	HSK3
924	移	1901	1901	268	99.2393	HSK4
925	具	1889	1889	377	99.2414	HSK3
926	卫	1880	1880	537	99.2435	HSK3
927	麦	1876	1876	1296	99.2455	HSK6
928	烟	1876	1876	500	99.2476	HSK3
929	奋	1865	1865	94	99.2496	HSK4
930	户	1864	1864	329	99.2517	HSK4
931	角	1864	1864	578	99.2537	HSK2
932	冲	1844	1844	469	99.2558	HSK4
933	垃	1836	1836	36	99.2578	HSK4
934	圾	1836	1836	28	99.2598	HSK4
935	鱼	1836	1836	807	99.2618	HSK2
936	压	1833	1833	485	99.2638	HSK3
937	职	1831	1831	310	99.2658	HSK3
938	六	1828	1828	1052	99.2679	HSK1
939	惹	1826	1826	113	99.2699	HSK7-9
940	社	1809	1809	334	99.2719	HSK3
941	烧	1806	1806	419	99.2738	HSK4
942	林	1803	1803	1922	99.2758	HSK4
943	谋	1798	1798	224	99.2778	HSK6
944	普	1797	1796	1799	99.2798	HSK2
945	逮	1792	1792	50	99.2817	HSK7-9
946	甜	1787	1747	255	99.2837	HSK3
947	盯	1777	1777	29	99.2857	HSK7-9
948	输	1777	1777	467	99.2876	HSK3
949	测	1772	1772	327	99.2896	HSK4
950	迷	1765	1764	374	99.2915	HSK3
951	化	1741	1741	1154	99.2934	HSK3
952	猫	1739	1735	330	99.2953	HSK2
953	暂	1734	1734	92	99.2972	HSK5
954	络	1732	1732	135	99.2991	HSK4
955	香	1717	1717	876	99.3010	HSK3
956	投	1716	1716	424	99.3029	HSK4
957	团	1712	1700	523	99.3048	HSK3
958	落	1712	1712	660	99.3067	HSK3
959	庆	1697	1697	215	99.3085	HSK3
960	台	1697	1697	743	99.3104	HSK3
961	砸	1686	1686	32	99.3122	HSK7-9
962	伦	1685	1685	1255	99.3141	HSK7-9
963	石	1684	1684	974	99.3159	HSK3
964	累	1678	1676	261	99.3178	HSK1
965	座	1678	1678	340	99.3196	HSK2
966	妳	1667	1667	12	99.3215	
967	修	1659	1658	687	99.3233	HSK3
968	举	1652	1652	350	99.3251	HSK2
969	免	1644	1644	269	99.3269	HSK4
970	深	1644	1520	582	99.3287	HSK3
971	疗	1643	1643	122	99.3305	HSK4
972	领	1641	1641	512	99.3323	HSK3
973	疼	1637	1636	136	99.3341	HSK2
974	馆	1636	1636	274	99.3359	HSK1
975	祷	1628	1628	40	99.3377	HSK7-9
976	拯	1615	1615	12	99.3395	HSK7-9
977	厕	1596	1596	38	99.3412	HSK6
978	索	1589	1589	1204	99.3430	HSK5
979	摆	1588	1588	264	99.3447	HSK4
980	孤	1579	1579	192	99.3465	HSK6
981	刺	1576	1576	301	99.3482	HSK4
982	嫁	1557	1557	89	99.3499	HSK7-9
983	兵	1554	1554	662	99.3516	HSK4
984	科	1553	1553	1591	99.3533	HSK2
985	祈	1542	1542	63	99.3550	HSK7-9
986	双	1540	1539	643	99.3567	HSK3
987	推	1537	1537	364	99.3584	HSK2
988	众	1537	1537	331	99.3601	HSK3
989	仔	1536	1536	652	99.3618	HSK5
990	纸	1534	1534	427	99.3635	HSK2
991	肉	1526	1526	716	99.3651	HSK1
992	熟	1521	1521	223	99.3668	HSK2
993	康	1520	1520	871	99.3685	HSK2
994	兰	1520	1520	1750	99.3702	HSK7-9
995	印	1517	1517	446	99.3718	HSK2
996	毒	1511	1511	575	99.3735	HSK5
997	末	1505	1505	164	99.3751	HSK2
998	技	1502	1502	307	99.3768	HSK3
999	维	1502	1502	2017	99.3784	HSK4
1000	胜	1499	1499	572	99.3801	HSK3
1001	迹	1489	1489	151	99.3817	HSK7-9
1002	颜	1486	1486	145	99.3834	HSK2
1003	秒	1485	1485	74	99.3850	HSK5
1004	惧	1482	1482	50	99.3866	HSK7-9
1005	搭	1482	1482	189	99.3883	HSK6
1006	园	1478	1478	341	99.3899	HSK2
1007	商	1474	1474	443	99.3915	HSK1
1008	啤	1471	1471	46	99.3931	HSK3
1009	顿	1471	1471	1134	99.3947	HSK3
1010	签	1467	1467	259	99.3963	HSK5
1011	悲	1465	1465	143	99.3980	HSK5
1012	降	1465	1465	320	99.3996	HSK4
1013	毛	1460	1452	715	99.4012	HSK1
1014	健	1459	1459	286	99.4028	HSK2
1015	授	1459	1459	154	99.4044	HSK4
1016	牛	1446	1446	669	99.4060	HSK1
1017	票	1445	1445	460	99.4075	HSK1
1018	怖	1444	1444	28	99.4091	HSK7-9
1019	挑	1444	1444	249	99.4107	HSK4
1020	汽	1443	1443	118	99.4123	HSK1
1021	厨	1435	1435	135	99.4139	HSK5
1022	巨	1435	1435	416	99.4155	HSK4
1023	厅	1430	1430	167	99.4170	HSK5
1024	锁	1423	1423	328	99.4186	HSK5
1025	效	1422	1422	181	99.4202	HSK3
1026	稍	1417	1409	86	99.4217	HSK5
1027	忍	1416	1410	187	99.4233	HSK5
1028	恋	1409	1409	203	99.4248	HSK5
1029	牲	1408	1408	41	99.4264	HSK6
1030	毫	1397	1397	143	99.4279	HSK4
1031	微	1395	1392	323	99.4294	HSK4
1032	尤	1392	1392	378	99.4310	HSK5
1033	凶	1390	1390	171	99.4325	HSK6
1034	执	1377	1377	177	99.4340	HSK5
1035	牺	1369	1369	16	99.4355	HSK6
1036	致	1369	1369	307	99.4370	HSK4
1037	咬	1367	1367	134	99.4385	HSK5
1038	烂	1367	1367	524	99.4400	HSK5
1039	鸟	1366	1366	587	99.4415	HSK2
1040	伴	1365	1365	213	99.4430	HSK4
1041	悔	1361	1361	80	99.4445	HSK5
1042	守	1354	1354	512	99.4460	HSK4
1043	踢	1348	1348	70	99.4475	HSK6
1044	临	1343	1343	439	99.4490	HSK4
1045	汤	1336	1336	519	99.4504	HSK3
1046	傲	1330	1330	97	99.4519	HSK6
1047	宣	1330	1330	178	99.4534	HSK3
1048	屎	1326	1326	93	99.4548	
1049	共	1326	1326	565	99.4563	HSK2
1050	刀	1321	1321	547	99.4577	HSK3
1051	判	1320	1320	300	99.4592	HSK3
1052	李	1316	1316	1248	99.4606	HSK3
1053	恢	1313	1313	34	99.4621	HSK5
1054	黎	1306	1306	285	99.4635	HSK7-9
1055	窗	1297	1297	231	99.4649	HSK4
1056	爬	1296	1296	68	99.4664	HSK2
1057	玛	1296	1296	1692	99.4678	
1058	亚	1293	1293	2366	99.4692	HSK4
1059	裤	1290	1290	185	99.4706	HSK3
1060	灭	1287	1287	276	99.4720	HSK6
1061	抗	1278	1278	228	99.4734	HSK6
1062	暴	1277	1277	270	99.4748	HSK6
1063	形	1276	1276	467	99.4762	HSK3
1064	诺	1272	1272	1535	99.4776	HSK6
1065	副	1270	1270	140	99.4790	HSK6
1066	族	1270	1270	510	99.4804	HSK3
1067	森	1262	1262	1745	99.4818	HSK4
1068	养	1260	1260	594	99.4832	HSK2
1069	赏	1254	1254	187	99.4846	HSK4
1070	鞋	1247	1247	313	99.4859	HSK2
1071	镇	1247	1247	624	99.4873	HSK6
1072	骄	1246	1246	34	99.4887	HSK6
1073	艾	1245	1245	2138	99.4901	HSK7-9
1074	嘘	1234	1232	42	99.4914	
1075	绑	1233	1233	89	99.4928	HSK7-9
1076	旧	1228	1228	433	99.4941	HSK3
1077	境	1226	1226	202	99.4955	HSK3
1078	课	1226	1226	346	99.4968	HSK1
1079	巧	1223	1223	177	99.4982	HSK3
1080	寓	1220	1220	29	99.4995	HSK7-9
1081	型	1213	1213	465	99.5008	HSK4
1082	酷	1212	1212	300	99.5022	HSK6
1083	桌	1204	1204	217	99.5035	HSK1
1084	艺	1201	1201	343	99.5048	HSK3
1085	预	1201	1201	220	99.5061	HSK3
1086	温	1196	1196	746	99.5074	HSK2
1087	孕	1195	1195	76	99.5088	HSK7-9
1088	土	1194	1192	692	99.5101	HSK3
1089	货	1194	1194	596	99.5114	HSK4
1090	距	1185	1185	104	99.5127	HSK4
1091	挥	1181	1181	216	99.5140	HSK4
1092	隐	1173	1173	193	99.5153	HSK6
1093	耍	1171	1170	111	99.5166	HSK7-9
1094	七	1166	1166	1053	99.5178	HSK1
1095	鸡	1157	1128	602	99.5191	HSK1
1096	敬	1155	1155	451	99.5204	HSK5
1097	妙	1151	1151	204	99.5216	HSK6
1098	依	1150	1150	614	99.5229	HSK4
1099	颗	1148	1148	156	99.5242	HSK5
1100	闹	1147	1146	213	99.5254	HSK4
1101	优	1141	1141	349	99.5267	HSK3
1102	皮	1138	1137	1354	99.5279	HSK3
1103	茶	1137	1137	288	99.5292	HSK1
1104	启	1137	1137	177	99.5304	HSK5
1105	探	1136	1136	278	99.5317	HSK6
1106	殊	1130	1130	69	99.5329	HSK4
1107	剧	1128	1128	275	99.5342	HSK3
1108	封	1122	1122	386	99.5354	HSK2
1109	摄	1121	1121	128	99.5366	HSK5
1110	敦	1120	1120	185	99.5379	HSK7-9
1111	邪	1118	1118	133	99.5391	HSK7-9
1112	彩	1111	1111	331	99.5403	HSK3
1113	互	1110	1110	267	99.5415	HSK3
1114	娶	1109	1109	55	99.5427	HSK7-9
1115	协	1109	1109	164	99.5440	HSK5
1116	娜	1107	1103	1345	99.5452	
1117	址	1105	1105	58	99.5464	HSK4
1118	叛	1104	1104	77	99.5476	HSK7-9
1119	摸	1103	1037	184	99.5488	HSK4
1120	帽	1101	1101	270	99.5500	HSK4
1121	镜	1101	1101	303	99.5512	HSK4
1122	欺	1099	1089	76	99.5524	HSK6
1123	掌	1098	1098	189	99.5537	HSK5
1124	吉	1098	1098	1955	99.5549	HSK6
1125	堆	1095	1095	198	99.5561	HSK5
1126	模	1095	1095	325	99.5573	HSK4
1127	袭	1092	1092	88	99.5585	HSK7-9
1128	箱	1092	1092	300	99.5597	HSK3
1129	升	1090	1090	450	99.5609	HSK3
1130	矩	1083	1082	43	99.5621	HSK7-9
1131	猪	1073	1072	351	99.5632	HSK3
1132	醉	1068	1068	254	99.5644	HSK5
1133	词	1067	1067	367	99.5656	HSK2
1134	搜	1064	1064	126	99.5668	HSK5
1135	洲	1063	1063	166	99.5679	
1136	树	1054	1054	871	99.5691	HSK1
1137	招	1051	1051	438	99.5702	HSK4
1138	低	1044	1044	469	99.5714	HSK2
1139	笔	1043	1043	408	99.5725	HSK2
1140	罚	1041	1041	139	99.5737	HSK5
1141	凭	1040	1040	93	99.5748	HSK5
1142	聚	1040	1035	209	99.5760	HSK4
1143	广	1039	1039	368	99.5771	HSK2
1144	百	1036	989	1438	99.5782	HSK1
1145	诞	1034	1034	48	99.5794	HSK6
1146	项	1034	1034	212	99.5805	HSK4
1147	盖	1031	1031	750	99.5816	HSK4
1148	避	1030	1029	175	99.5828	HSK4
1149	耳	1024	1024	417	99.5839	HSK4
1150	顶	1023	1023	404	99.5850	HSK4
1151	握	1003	1003	188	99.5861	HSK3
1152	牙	1002	997	545	99.5872	HSK4
1153	禁	1001	1001	226	99.5883	HSK4
1154	彻	999	992	345	99.5894	HSK4
1155	抛	992	992	113	99.5905	HSK7-9
1156	环	991	991	510	99.5916	HSK3
1157	俱	988	988	95	99.5927	HSK5
1158	贵	988	988	474	99.5938	HSK1
1159	触	984	984	181	99.5949	HSK5
1160	宁	984	984	466	99.5959	HSK4
1161	蓝	982	982	637	99.5970	HSK2
1162	晨	974	974	111	99.5981	HSK2
1163	欣	970	970	157	99.5992	HSK5
1164	骑	970	970	247	99.6002	HSK2
1165	秀	968	968	886	99.6013	HSK4
1166	欧	968	968	935	99.6023	
1167	华	968	968	1327	99.6034	HSK3
1168	访	957	957	132	99.6045	HSK3
1169	朝	956	956	597	99.6055	HSK3
1170	澡	952	952	64	99.6066	HSK2
1171	朵	942	942	195	99.6076	HSK5
1172	琌	928	928	19	99.6086	
1173	沙	928	927	1345	99.6096	HSK3
1174	尿	924	924	317	99.6107	HSK7-9
1175	妓	924	924	148	99.6117	
1176	肚	920	920	214	99.6127	HSK4
1177	估	911	911	116	99.6137	HSK5
1178	采	911	911	293	99.6147	HSK3
1179	罢	910	910	51	99.6157	HSK6
1180	拖	907	905	207	99.6167	HSK6
1181	初	906	906	381	99.6177	HSK3
1182	键	905	905	133	99.6187	HSK5
1183	擦	905	896	169	99.6197	HSK4
1184	档	905	905	208	99.6207	HSK6
1185	折	896	896	290	99.6216	HSK4
1186	漫	886	882	132	99.6226	HSK5
1187	惩	882	882	88	99.6236	HSK7-9
1188	鼻	881	881	191	99.6246	HSK5
1189	雷	880	880	2139	99.6255	HSK4
1190	讶	876	876	24	99.6265	HSK7-9
1191	洛	874	874	1917	99.6274	
1192	哼	873	868	13	99.6284	HSK7-9
1193	陷	870	870	124	99.6294	HSK6
1194	劲	868	868	217	99.6303	HSK4
1195	洞	862	862	397	99.6313	HSK5
1196	雨	862	862	592	99.6322	HSK1
1197	呵	861	498	28	99.6332	HSK7-9
1198	邻	859	859	92	99.6341	HSK5
1199	梯	858	858	136	99.6350	HSK4
1200	透	855	839	276	99.6360	HSK4
1201	露	855	852	726	99.6369	HSK6
1202	灯	853	853	452	99.6379	HSK2
1203	诚	851	850	219	99.6388	HSK4
1204	挡	850	850	172	99.6397	HSK5
1205	夏	849	849	896	99.6407	HSK2
1206	黄	847	847	768	99.6416	HSK2
1207	幻	846	846	155	99.6425	HSK6
1208	遭	838	838	185	99.6434	HSK6
1209	揍	832	832	23	99.6444	HSK7-9
1210	轮	832	832	409	99.6453	HSK4
1211	散	832	815	336	99.6462	HSK3
1212	趴	831	831	61	99.6471	HSK7-9
1213	凯	828	828	817	99.6480	HSK7-9
1214	惨	823	823	147	99.6489	HSK6
1215	磨	820	818	265	99.6498	HSK6
1216	扮	820	820	183	99.6507	HSK5
1217	墙	818	818	335	99.6516	HSK2
1218	损	813	813	146	99.6525	HSK5
1219	古	811	811	1037	99.6534	HSK3
1220	菜	806	806	453	99.6543	HSK1
1221	宜	802	802	124	99.6552	HSK2
1222	脖	799	799	35	99.6560	HSK7-9
1223	智	799	799	446	99.6569	HSK4
1224	网	799	799	543	99.6578	HSK1
1225	莱	797	797	1386	99.6587	
1226	良	788	788	428	99.6595	HSK4
1227	鼠	784	784	264	99.6604	HSK5
1228	泳	783	783	105	99.6613	HSK3
1229	貌	779	779	104	99.6621	HSK5
1230	冰	775	773	711	99.6630	HSK4
1231	姻	773	773	39	99.6638	HSK7-9
1232	妮	773	773	895	99.6647	
1233	序	770	770	155	99.6655	HSK4
1234	摧	767	767	46	99.6664	HSK7-9
1235	扯	765	765	110	99.6672	HSK7-9
1236	州	764	764	556	99.6680	
1237	莎	761	761	914	99.6689	
1238	丹	760	760	790	99.6697	HSK7-9
1239	配	760	760	507	99.6705	HSK3
1240	仇	757	757	138	99.6714	HSK7-9
1241	吐	754	754	274	99.6722	HSK5
1242	荒	751	751	168	99.6730	HSK7-9
1243	哟	748	748	78	99.6739	
1244	牌	747	747	670	99.6747	HSK3
1245	迪	746	746	2896	99.6755	HSK7-9
1246	绪	744	744	94	99.6763	HSK6
1247	野	743	743	782	99.6771	HSK6
1248	悉	742	742	49	99.6779	HSK5
1249	稣	740	740	42	99.6788	
1250	姓	739	739	344	99.6796	HSK2
1251	归	737	737	419	99.6804	HSK4
1252	偶	737	737	131	99.6812	HSK5
1253	辜	735	735	39	99.6820	HSK7-9
1254	喊	733	733	143	99.6828	HSK2
1255	育	731	731	255	99.6836	HSK2
1256	唉	724	724	9	99.6844	HSK7-9
1257	残	724	724	257	99.6852	HSK6
1258	弗	721	721	920	99.6860	
1259	援	719	719	99	99.6868	HSK6
1260	驾	718	718	189	99.6876	HSK5
1261	鲜	717	717	188	99.6884	HSK4
1262	皇	713	713	271	99.6891	HSK6
1263	骂	711	711	87	99.6899	HSK5
1264	啰	710	710	7	99.6907	
1265	范	709	709	460	99.6915	HSK3
1266	财	706	706	324	99.6923	HSK4
1267	陌	705	705	19	99.6930	HSK7-9
1268	雇	705	705	96	99.6938	HSK7-9
1269	尺	703	703	171	99.6946	HSK4
1270	怒	702	702	191	99.6954	HSK6
1271	申	700	700	241	99.6961	HSK4
1272	港	698	698	347	99.6969	HSK6
1273	善	697	697	550	99.6977	HSK3
1274	防	692	692	524	99.6984	HSK3
1275	途	690	690	141	99.6992	HSK4
1276	寄	685	685	235	99.6999	HSK4
1277	犹	685	685	112	99.7007	HSK5
1278	妇	685	685	220	99.7014	HSK4
1279	渴	683	683	77	99.7022	HSK1
1280	佑	682	682	123	99.7029	HSK7-9
1281	源	682	681	330	99.7037	HSK4
1282	瑞	681	681	2404	99.7044	HSK7-9
1283	帅	679	679	220	99.7052	HSK4
1284	南	679	679	1111	99.7059	HSK1
1285	伊	678	677	1611	99.7067	HSK7-9
1286	珍	677	677	478	99.7074	HSK5
1287	增	675	675	199	99.7082	HSK3
1288	波	674	666	1692	99.7089	HSK6
1289	戒	671	671	245	99.7096	HSK5
1290	域	669	669	139	99.7104	HSK5
1291	质	669	669	304	99.7111	HSK4
1292	怨	668	668	143	99.7118	HSK5
1293	富	668	668	524	99.7126	HSK3
1294	景	666	666	393	99.7133	HSK3
1295	勒	664	664	1112	99.7140	HSK7-9
1296	牢	663	658	185	99.7148	HSK6
1297	冠	657	657	245	99.7155	HSK5
1298	硬	656	656	314	99.7162	HSK5
1299	糖	650	650	331	99.7169	HSK3
1300	遵	646	646	44	99.7176	HSK5
1301	踩	645	645	25	99.7183	HSK6
1302	烈	645	643	267	99.7190	HSK3
1303	讯	645	645	148	99.7198	HSK6
1304	短	644	634	333	99.7205	HSK2
1305	塔	643	643	1611	99.7212	HSK6
1306	胆	642	642	229	99.7219	HSK5
1307	宇	641	641	365	99.7226	HSK6
1308	宙	641	641	44	99.7233	HSK7-9
1309	耐	640	640	217	99.7240	HSK5
1310	伯	639	628	1817	99.7247	HSK7-9
1311	椅	633	633	100	99.7254	HSK2
1312	趁	631	631	104	99.7261	HSK7-9
1313	审	631	631	211	99.7268	HSK6
1314	俄	631	618	161	99.7275	HSK7-9
1315	掩	630	629	111	99.7282	HSK7-9
1316	唔	626	626	3	99.7288	
1317	愤	624	624	58	99.7295	HSK6
1318	瓶	624	624	232	99.7302	HSK2
1319	撤	617	617	108	99.7309	HSK6
1320	弱	616	616	207	99.7316	HSK4
1321	婴	615	615	61	99.7323	HSK7-9
1322	蒂	611	611	1780	99.7329	HSK7-9
1323	隔	609	609	234	99.7336	HSK4
1324	稳	605	605	224	99.7343	HSK4
1325	埋	604	604	160	99.7349	HSK6
1326	播	602	602	292	99.7356	HSK3
1327	登	601	601	714	99.7362	HSK4
1328	材	599	599	191	99.7369	HSK3
1329	丝	592	592	1551	99.7376	HSK7-9
1330	暖	589	588	170	99.7382	HSK3
1331	阵	588	586	311	99.7388	HSK4
1332	瞒	588	588	66	99.7395	HSK7-9
1333	堡	586	586	377	99.7401	HSK7-9
1334	迈	584	584	241	99.7408	HSK7-9
1335	奖	584	584	291	99.7414	HSK4
1336	贱	583	583	142	99.7421	HSK7-9
1337	九	583	583	879	99.7427	HSK1
1338	葬	581	581	133	99.7433	HSK7-9
1339	挖	580	580	148	99.7440	HSK6
1340	蛮	580	580	194	99.7446	HSK7-9
1341	岛	580	580	772	99.7453	HSK6
1342	尉	579	579	54	99.7459	
1343	邦	579	579	374	99.7465	HSK7-9
1344	占	579	579	198	99.7472	HSK2
1345	例	579	579	161	99.7478	HSK2
1346	租	578	578	262	99.7484	HSK2
1347	抵	577	577	139	99.7491	HSK6
1348	违	574	574	90	99.7497	HSK5
1349	脆	572	572	92	99.7503	HSK5
1350	限	572	572	159	99.7510	HSK4
1351	羞	571	571	81	99.7516	HSK7-9
1352	坦	570	570	672	99.7522	HSK5
1353	奥	569	569	1484	99.7528	HSK7-9
1354	乡	569	569	192	99.7535	HSK3
1355	饼	568	568	188	99.7541	HSK5
1356	闪	568	557	240	99.7547	HSK4
1357	驶	567	567	129	99.7553	HSK5
1358	苏	567	567	796	99.7560	HSK6
1359	迫	566	566	154	99.7566	HSK4
1360	盘	565	565	400	99.7572	HSK4
1361	姨	564	564	167	99.7578	HSK4
1362	趟	562	562	58	99.7584	HSK6
1363	柔	560	560	195	99.7590	HSK7-9
1364	咪	557	523	113	99.7597	
1365	席	552	552	432	99.7603	HSK4
1366	农	550	550	333	99.7609	HSK3
1367	龄	548	548	100	99.7615	HSK5
1368	营	547	547	429	99.7621	HSK3
1369	赞	546	546	274	99.7627	HSK4
1370	童	544	544	300	99.7633	HSK4
1371	丁	544	543	711	99.7639	HSK7-9
1372	仰	540	540	91	99.7645	HSK6
1373	肤	540	540	84	99.7651	HSK5
1374	咒	540	540	124	99.7657	
1375	丑	540	540	154	99.7662	HSK5
1376	晓	537	537	229	99.7668	HSK6
1377	呐	537	537	62	99.7674	HSK7-9
1378	爽	534	534	229	99.7680	HSK6
1379	兽	533	533	256	99.7686	HSK7-9
1380	异	533	533	248	99.7692	HSK6
1381	煮	532	532	66	99.7698	HSK6
1382	莉	531	470	2379	99.7704	
1383	甩	530	530	58	99.7709	HSK7-9
1384	势	530	530	248	99.7715	HSK3
1385	典	528	528	192	99.7721	HSK2
1386	佬	527	527	168	99.7727	
1387	北	527	527	783	99.7733	HSK1
1388	胖	526	525	206	99.7738	HSK3
1389	补	526	525	414	99.7744	HSK3
1390	劫	524	524	174	99.7750	HSK7-9
1391	碎	523	523	267	99.7756	HSK5
1392	莫	522	522	1493	99.7761	HSK7-9
1393	詹	521	521	152	99.7767	
1394	泡	521	508	281	99.7773	HSK6
1395	绿	519	519	425	99.7779	HSK2
1396	谬	518	518	47	99.7784	HSK7-9
1397	纯	518	518	239	99.7790	HSK4
1398	扫	517	517	206	99.7796	HSK4
1399	硂	516	516	1	99.7801	
1400	誉	516	516	70	99.7807	HSK6
1401	饮	513	513	240	99.7813	HSK5
1402	砍	508	508	63	99.7818	HSK7-9
1403	劳	507	507	722	99.7824	HSK5
1404	汉	507	507	1009	99.7829	HSK1
1405	尖	506	506	235	99.7835	HSK6
1406	染	503	503	237	99.7840	HSK5
1407	辱	503	503	73	99.7846	HSK7-9
1408	臂	502	502	120	99.7851	HSK7-9
1409	擅	502	502	36	99.7857	HSK7-9
1410	村	502	502	575	99.7862	HSK3
1411	滩	501	501	88	99.7868	HSK7-9
1412	河	499	499	773	99.7873	HSK2
1413	徒	498	498	180	99.7879	HSK6
1414	厂	495	495	320	99.7884	HSK3
1415	撑	495	495	133	99.7890	HSK6
1416	忠	494	494	277	99.7895	HSK6
1417	批	490	490	207	99.7901	HSK3
1418	杉	489	489	181	99.7906	
1419	瞎	489	489	117	99.7911	HSK7-9
1420	予	489	489	121	99.7917	HSK6
1421	缺	489	489	230	99.7922	HSK3
1422	陛	488	488	5	99.7927	
1423	亨	488	488	196	99.7933	
1424	矶	487	487	26	99.7938	
1425	帐	487	487	131	99.7944	HSK7-9
1426	鲁	485	485	1711	99.7949	HSK7-9
1427	盛	482	482	245	99.7954	HSK6
1428	沉	477	475	308	99.7959	HSK4
1429	委	476	476	295	99.7965	HSK5
1430	贺	473	473	383	99.7970	HSK5
1431	返	467	467	176	99.7975	HSK5
1432	敲	464	462	128	99.7980	HSK5
1433	爹	463	462	147	99.7985	HSK7-9
1434	佛	463	463	1051	99.7990	HSK6
1435	诅	461	461	14	99.7995	
1436	插	461	461	174	99.8000	HSK5
1437	塞	460	460	1030	99.8005	HSK6
1438	擎	459	459	49	99.8010	HSK7-9
1439	余	458	458	305	99.8016	HSK4
1440	摩	457	457	568	99.8021	HSK5
1441	圈	456	454	339	99.8026	HSK4
1442	墨	454	454	327	99.8031	HSK6
1443	霉	451	451	137	99.8036	HSK7-9
1444	述	451	451	101	99.8040	HSK4
1445	寂	450	450	41	99.8045	HSK7-9
1446	曲	449	449	393	99.8050	HSK5
1447	捉	448	448	130	99.8055	HSK6
1448	豪	448	448	316	99.8060	HSK5
1449	肮	447	447	22	99.8065	
1450	阴	447	447	289	99.8070	HSK2
1451	壁	446	446	194	99.8075	HSK5
1452	祖	446	446	441	99.8080	HSK6
1453	浴	445	445	153	99.8085	HSK7-9
1454	描	444	444	88	99.8090	HSK4
1455	纳	444	444	2318	99.8094	HSK6
1456	盒	443	443	206	99.8099	HSK5
1457	乘	441	441	204	99.8104	HSK5
1458	捡	439	439	25	99.8109	HSK6
1459	伍	438	438	365	99.8114	HSK6
1460	夺	438	438	223	99.8119	HSK6
1461	燃	437	437	125	99.8123	HSK4
1462	奴	436	436	260	99.8128	HSK7-9
1463	敏	436	436	370	99.8133	HSK5
1464	章	436	436	292	99.8138	HSK3
1465	献	436	436	176	99.8143	HSK5
1466	默	436	425	445	99.8147	HSK4
1467	艘	435	435	79	99.8152	HSK7-9
1468	咯	431	426	130	99.8157	
1469	蜜	430	430	322	99.8162	HSK7-9
1470	碍	430	427	112	99.8166	HSK5
1471	评	430	430	173	99.8171	HSK3
1472	妒	429	429	38	99.8176	HSK7-9
1473	仪	428	428	246	99.8181	HSK6
1474	雪	428	428	962	99.8185	HSK2
1475	玻	427	427	117	99.8190	HSK5
1476	寞	425	425	17	99.8195	HSK7-9
1477	牧	425	425	117	99.8199	HSK7-9
1478	骨	425	425	503	99.8204	HSK4
1479	抬	424	424	104	99.8209	HSK5
1480	渐	423	295	99	99.8213	HSK4
1481	钻	422	422	170	99.8218	HSK6
1482	璃	421	421	87	99.8222	HSK5
1483	征	421	421	183	99.8227	HSK4
1484	卧	419	419	106	99.8232	HSK5
1485	嫌	419	419	132	99.8236	HSK6
1486	析	418	418	72	99.8241	HSK5
1487	载	417	417	386	99.8246	HSK4
1488	隶	416	416	23	99.8250	HSK7-9
1489	夸	415	414	92	99.8255	HSK7-9
1490	洋	414	414	369	99.8259	HSK6
1491	壮	412	412	190	99.8264	HSK6
1492	盾	412	412	515	99.8268	HSK5
1493	膀	412	412	79	99.8273	HSK7-9
1494	绳	411	411	216	99.8277	HSK7-9
1495	佳	409	409	431	99.8282	HSK6
1496	卷	409	409	364	99.8286	HSK4
1497	惑	409	409	52	99.8291	HSK7-9
1498	诗	408	408	307	99.8295	HSK4
1499	胸	407	407	253	99.8300	HSK4
1500	侵	403	403	84	99.8304	HSK6
1501	航	403	403	297	99.8309	HSK4
1502	编	403	403	265	99.8313	HSK4
1503	赖	401	401	380	99.8317	HSK6
1504	拼	399	399	147	99.8322	HSK5
1505	菲	399	398	940	99.8326	
1506	针	398	398	361	99.8331	HSK4
1507	嫉	397	397	24	99.8335	HSK7-9
1508	筑	397	397	116	99.8339	HSK5
1509	尴	395	395	9	99.8344	HSK7-9
1510	尬	395	395	38	99.8348	HSK7-9
1511	猎	393	393	193	99.8352	HSK7-9
1512	企	392	392	107	99.8357	HSK4
1513	齿	391	391	161	99.8361	HSK7-9
1514	廉	390	390	119	99.8365	HSK7-9
1515	裙	389	389	90	99.8369	HSK3
1516	液	389	389	198	99.8374	HSK6
1517	狠	387	253	149	99.8378	HSK6
1518	辞	386	386	144	99.8382	HSK5
1519	频	386	386	120	99.8386	HSK5
1520	赋	385	385	56	99.8391	HSK7-9
1521	奏	383	383	155	99.8395	HSK6
1522	央	380	380	109	99.8399	HSK5
1523	陆	379	379	320	99.8403	HSK4
1524	青	379	379	595	99.8407	HSK2
1525	爵	376	376	168	99.8412	HSK7-9
1526	艰	373	373	40	99.8416	HSK5
1527	春	371	371	658	99.8420	HSK2
1528	零	370	365	301	99.8424	HSK1
1529	忌	367	367	98	99.8428	HSK7-9
1530	妞	367	367	156	99.8432	
1531	构	366	366	142	99.8436	HSK4
1532	魅	365	365	30	99.8440	HSK7-9
1533	仗	365	365	86	99.8444	HSK7-9
1534	欲	365	364	223	99.8448	HSK6
1535	恼	363	363	35	99.8452	HSK7-9
1536	烤	361	361	150	99.8456	HSK5
1537	耀	361	361	104	99.8460	HSK6
1538	慧	360	360	219	99.8464	HSK6
1539	饶	360	360	137	99.8468	HSK7-9
1540	济	357	357	229	99.8472	HSK3
1541	贴	357	357	201	99.8476	HSK4
1542	泰	357	357	1099	99.8480	HSK7-9
1543	订	357	357	274	99.8483	HSK3
1544	猴	356	356	195	99.8487	HSK5
1545	摇	355	351	253	99.8491	HSK4
1546	草	354	353	604	99.8495	HSK2
1547	丧	352	352	179	99.8499	HSK6
1548	震	352	352	232	99.8503	HSK5
1549	瞄	351	351	47	99.8507	HSK7-9
1550	慰	350	350	136	99.8511	HSK5
1551	媒	349	349	71	99.8514	HSK3
1552	灾	349	349	135	99.8518	HSK5
1553	曼	348	348	1558	99.8522	
1554	症	346	346	264	99.8526	HSK6
1555	款	346	346	296	99.8530	HSK5
1556	督	345	345	129	99.8533	HSK6
1557	舌	344	344	187	99.8537	HSK6
1558	列	344	344	641	99.8541	HSK4
1559	铁	343	343	682	99.8545	HSK2
1560	萨	343	343	1571	99.8549	HSK7-9
1561	崩	342	342	144	99.8552	HSK7-9
1562	障	340	340	129	99.8556	HSK6
1563	恕	339	339	28	99.8560	HSK7-9
1564	廊	337	337	41	99.8564	HSK7-9
1565	龙	337	337	1265	99.8567	HSK3
1566	软	337	336	325	99.8571	HSK5
1567	额	336	336	183	99.8575	HSK6
1568	剑	334	334	388	99.8578	HSK6
1569	逐	334	334	122	99.8582	HSK4
1570	虫	333	332	411	99.8586	HSK4
1571	库	333	333	681	99.8589	HSK5
1572	璶	330	330	5	99.8593	
1573	幽	329	329	90	99.8597	HSK5
1574	槟	328	328	11	99.8600	
1575	胎	328	328	167	99.8604	HSK7-9
1576	摔	327	327	61	99.8607	HSK5
1577	溃	326	326	58	99.8611	HSK7-9
1578	阁	322	322	117	99.8614	HSK7-9
1579	埃	322	322	752	99.8618	
1580	唐	320	320	477	99.8622	
1581	娃	320	178	256	99.8625	HSK6
1582	池	320	320	261	99.8629	HSK5
1583	倦	318	318	53	99.8632	HSK7-9
1584	蛇	318	318	328	99.8636	HSK5
1585	桥	318	318	484	99.8639	HSK3
1586	仿	318	318	67	99.8643	HSK5
1587	策	316	316	175	99.8646	HSK6
1588	扶	315	315	114	99.8649	HSK5
1589	嘲	313	313	29	99.8653	HSK7-9
1590	狼	313	313	325	99.8656	HSK7-9
1591	漠	311	311	39	99.8660	HSK5
1592	固	311	311	146	99.8663	HSK4
1593	减	311	311	222	99.8667	HSK4
1594	粉	311	311	395	99.8670	HSK6
1595	纹	310	310	177	99.8673	HSK7-9
1596	闯	309	309	107	99.8677	HSK5
1597	鼓	307	307	252	99.8680	HSK5
1598	挣	307	307	59	99.8684	HSK5
1599	朗	306	306	693	99.8687	HSK5
1600	滑	306	306	314	99.8690	HSK5
1601	熊	304	302	378	99.8694	HSK5
1602	唤	304	304	64	99.8697	HSK7-9
1603	凡	303	303	395	99.8700	HSK6
1604	扎	301	301	413	99.8704	HSK6
1605	衬	297	297	72	99.8707	HSK3
1606	虚	296	296	219	99.8710	HSK5
1607	奸	295	295	138	99.8713	HSK7-9
1608	施	295	295	571	99.8717	HSK4
1609	跪	294	294	38	99.8720	HSK6
1610	宰	293	293	122	99.8723	HSK7-9
1611	脾	293	293	35	99.8726	HSK5
1612	尾	293	293	504	99.8729	HSK4
1613	殿	292	292	127	99.8733	HSK7-9
1614	侦	292	292	63	99.8736	HSK7-9
1615	木	291	291	946	99.8739	HSK3
1616	侮	289	289	27	99.8742	HSK7-9
1617	痕	288	288	137	99.8745	HSK7-9
1618	泪	288	288	175	99.8749	HSK4
1619	励	288	288	38	99.8752	HSK5
1620	召	288	288	158	99.8755	HSK4
1621	阱	287	287	13	99.8758	HSK7-9
1622	盟	287	287	114	99.8761	HSK6
1623	阶	287	287	159	99.8764	HSK4
1624	贼	286	286	191	99.8768	HSK7-9
1625	衫	285	285	124	99.8771	HSK3
1626	卑	284	284	75	99.8774	HSK7-9
1627	偿	284	284	108	99.8777	HSK5
1628	耻	284	284	107	99.8780	HSK7-9
1629	剪	283	283	146	99.8783	HSK5
1630	雅	283	283	949	99.8786	HSK7-9
1631	磅	282	282	76	99.8789	HSK7-9
1632	宽	281	281	163	99.8792	HSK4
1633	诱	279	279	87	99.8796	HSK7-9
1634	冬	278	278	255	99.8799	HSK2
1635	炒	278	278	95	99.8802	HSK6
1636	穦	274	274	5	99.8805	
1637	鄙	274	274	36	99.8808	HSK7-9
1638	邮	274	274	145	99.8811	HSK3
1639	洁	274	274	349	99.8814	HSK6
1640	尚	274	274	390	99.8817	HSK4
1641	鲍	273	273	279	99.8820	
1642	墓	273	273	104	99.8823	HSK6
1643	谍	272	272	50	99.8826	HSK7-9
1644	兔	270	270	131	99.8829	HSK5
1645	劝	268	262	67	99.8832	HSK5
1646	省	268	238	310	99.8835	HSK2
1647	喉	267	267	103	99.8837	HSK7-9
1648	肩	267	266	159	99.8840	HSK5
1649	购	267	267	135	99.8843	HSK4
1650	伸	266	266	140	99.8846	HSK5
1651	孙	265	265	332	99.8849	HSK4
1652	亏	265	265	82	99.8852	HSK5
1653	符	264	264	204	99.8855	HSK4
1654	绕	264	264	188	99.8858	HSK5
1655	咙	262	262	12	99.8861	HSK7-9
1656	噩	262	262	30	99.8864	
1657	苹	261	261	43	99.8867	HSK3
1658	绩	259	259	66	99.8869	HSK2
1659	芝	259	259	178	99.8872	HSK7-9
1660	刑	259	259	193	99.8875	HSK7-9
1661	绅	258	258	32	99.8878	HSK7-9
1662	宗	258	258	322	99.8881	HSK6
1663	层	258	257	329	99.8884	HSK2
1664	薪	257	257	90	99.8886	HSK6
1665	腔	257	257	464	99.8889	HSK7-9
1666	囚	256	256	75	99.8892	HSK7-9
1667	销	256	256	210	99.8895	HSK4
1668	蒙	256	256	1012	99.8898	HSK6
1669	详	255	255	56	99.8900	HSK5
1670	径	255	255	85	99.8903	HSK6
1671	潜	255	255	134	99.8906	HSK6
1672	拳	254	254	337	99.8909	HSK7-9
1673	晕	253	253	145	99.8912	HSK6
1674	拆	252	252	130	99.8914	HSK5
1675	略	252	252	215	99.8917	HSK6
1676	疾	251	251	125	99.8920	HSK6
1677	胳	250	250	15	99.8923	HSK7-9
1678	膊	250	250	28	99.8925	HSK7-9
1679	版	250	250	318	99.8928	HSK5
1680	碞	248	248	1	99.8931	
1681	扂	248	248	1	99.8934	
1682	泣	248	248	53	99.8936	HSK7-9
1683	凌	248	248	191	99.8939	HSK7-9
1684	氛	247	247	21	99.8942	HSK6
1685	慈	245	245	113	99.8944	HSK7-9
1686	胞	244	244	97	99.8947	HSK6
1687	京	243	243	341	99.8950	HSK1
1688	肃	242	242	62	99.8952	HSK5
1689	夹	242	242	174	99.8955	HSK5
1690	粹	241	241	24	99.8958	HSK7-9
1691	缘	241	241	145	99.8960	HSK6
1692	袖	240	240	78	99.8963	HSK6
1693	糊	240	238	197	99.8966	HSK5
1694	瞬	237	237	65	99.8968	HSK7-9
1695	湿	237	236	226	99.8971	HSK4
1696	忽	237	237	72	99.8974	HSK2
1697	慌	236	236	85	99.8976	HSK5
1698	妨	234	234	24	99.8979	HSK7-9
1699	盗	234	234	157	99.8981	HSK6
1700	倍	234	234	125	99.8984	HSK4
1701	偏	233	174	186	99.8986	HSK6
1702	竞	231	231	98	99.8989	HSK5
1703	伪	231	231	176	99.8991	HSK7-9
1704	祸	229	229	137	99.8994	HSK7-9
1705	骚	227	227	139	99.8997	HSK7-9
1706	遥	226	226	90	99.8999	HSK7-9
1707	宫	226	226	501	99.9001	HSK6
1708	崇	225	225	77	99.9004	HSK6
1709	琴	224	224	368	99.9006	HSK5
1710	钮	224	224	134	99.9009	
1711	勃	223	222	342	99.9011	HSK7-9
1712	涂	222	222	250	99.9014	HSK7-9
1713	亦	221	221	86	99.9016	HSK7-9
1714	巾	221	221	61	99.9019	HSK4
1715	瑟	221	221	721	99.9021	
1716	咦	220	220	1	99.9023	
1717	革	219	219	174	99.9026	HSK5
1718	缠	219	219	120	99.9028	HSK7-9
1719	懦	218	218	13	99.9031	
1720	荐	216	216	52	99.9033	HSK7-9
1721	益	216	216	183	99.9035	HSK4
1722	傅	215	215	115	99.9038	HSK5
1723	售	215	215	164	99.9040	HSK4
1724	涉	214	214	98	99.9042	HSK6
1725	迅	213	213	39	99.9045	HSK4
1726	端	213	212	316	99.9047	HSK6
1727	喽	211	211	11	99.9049	
1728	珠	211	211	353	99.9052	HSK5
1729	党	211	211	379	99.9054	HSK6
1730	舰	210	210	196	99.9056	HSK6
1731	沮	209	209	26	99.9059	HSK7-9
1732	宴	209	209	90	99.9061	HSK6
1733	讽	209	209	168	99.9063	HSK7-9
1734	赐	208	208	81	99.9066	HSK7-9
1735	愈	208	184	195	99.9068	HSK7-9
1736	琳	208	208	551	99.9070	
1737	沿	207	207	107	99.9072	HSK6
1738	齐	207	207	624	99.9075	HSK3
1739	羊	207	207	385	99.9077	HSK3
1740	肥	207	207	391	99.9079	HSK4
1741	宾	206	206	473	99.9082	HSK5
1742	蹈	205	205	56	99.9084	HSK6
1743	昏	205	205	134	99.9086	HSK6
1744	钢	204	204	290	99.9088	HSK5
1745	逗	203	203	82	99.9091	HSK7-9
1746	胃	203	203	152	99.9093	HSK5
1747	恒	202	202	114	99.9095	HSK7-9
1748	翅	200	200	80	99.9097	HSK7-9
1749	岸	200	200	169	99.9099	HSK5
1750	帕	200	200	1204	99.9102	HSK7-9
1751	膝	198	198	72	99.9104	HSK7-9
1752	赔	198	198	128	99.9106	HSK5
1753	饰	198	198	191	99.9108	HSK5
1754	弧	196	196	193	99.9110	HSK7-9
1755	瘦	196	196	138	99.9112	HSK5
1756	丰	196	196	193	99.9115	HSK3
1757	幅	196	196	117	99.9117	HSK5
1758	番	195	195	162	99.9119	HSK6
1759	粗	195	195	172	99.9121	HSK4
1760	振	193	193	223	99.9123	HSK5
1761	穷	193	193	216	99.9125	HSK4
1762	灰	193	193	348	99.9127	HSK5
1763	戚	192	192	68	99.9129	HSK7-9
1764	荡	192	188	168	99.9132	HSK7-9
1765	咐	191	191	21	99.9134	HSK7-9
1766	巫	191	191	74	99.9136	HSK7-9
1767	辑	191	191	54	99.9138	HSK5
1768	延	191	191	209	99.9140	HSK4
1769	玫	190	190	36	99.9142	HSK7-9
1770	瑰	190	190	21	99.9144	HSK7-9
1771	舔	189	189	5	99.9146	HSK7-9
1772	吩	189	189	8	99.9148	HSK7-9
1773	沟	189	189	132	99.9150	HSK5
1774	肌	188	188	104	99.9152	HSK5
1775	薄	187	187	276	99.9155	HSK4
1776	辩	186	186	116	99.9157	HSK4
1777	乏	184	184	48	99.9159	HSK5
1778	植	184	184	308	99.9161	HSK4
1779	屠	184	184	71	99.9163	HSK7-9
1780	柜	184	184	157	99.9165	HSK5
1781	蹲	183	183	37	99.9167	HSK6
1782	栋	183	183	138	99.9169	HSK7-9
1783	姿	182	182	121	99.9171	HSK7-9
1784	患	182	182	133	99.9173	HSK6
1785	拦	182	182	98	99.9175	HSK7-9
1786	陈	181	181	547	99.9177	HSK7-9
1787	扁	180	180	108	99.9179	HSK6
1788	亿	180	180	265	99.9181	HSK2
1789	甲	180	180	342	99.9183	HSK5
1790	倾	179	179	139	99.9185	HSK6
1791	奉	179	179	188	99.9187	HSK6
1792	虎	177	174	430	99.9188	HSK5
1793	宠	177	177	83	99.9190	HSK6
1794	扇	177	177	114	99.9192	HSK5
1795	账	177	177	131	99.9194	HSK6
1796	笵	175	175	4	99.9196	
1797	娱	175	175	46	99.9198	HSK6
1798	钉	175	175	176	99.9200	HSK7-9
1799	旋	175	175	141	99.9202	HSK6
1800	俊	174	174	501	99.9204	HSK7-9
1801	仁	174	174	416	99.9206	HSK7-9
1802	韩	174	174	340	99.9208	
1803	眠	173	173	98	99.9210	HSK5
1804	谷	173	173	467	99.9212	HSK6
1805	勉	172	172	53	99.9213	HSK7-9
1806	烫	172	172	62	99.9215	HSK7-9
1807	泄	172	172	81	99.9217	HSK7-9
1808	素	172	172	497	99.9219	HSK6
1809	仓	171	171	238	99.9221	HSK6
1810	腊	170	170	160	99.9223	HSK7-9
1811	砰	169	164	5	99.9225	
1812	钓	169	169	101	99.9227	HSK7-9
1813	谊	168	168	37	99.9228	HSK5
1814	衡	168	168	139	99.9230	HSK6
1815	坟	167	167	41	99.9232	HSK7-9
1816	仆	167	167	77	99.9234	HSK7-9
1817	融	167	167	138	99.9236	HSK6
1818	隧	166	166	18	99.9238	HSK7-9
1819	坞	166	166	20	99.9239	
1820	淹	166	166	39	99.9241	HSK7-9
1821	潮	166	166	237	99.9243	HSK4
1822	寸	166	166	164	99.9245	HSK4
1823	瓦	165	165	1346	99.9247	HSK7-9
1824	淋	164	161	126	99.9249	HSK7-9
1825	挤	164	164	151	99.9250	HSK5
1826	割	164	164	189	99.9252	HSK7-9
1827	逻	164	164	42	99.9254	HSK5
1828	妥	164	164	107	99.9256	HSK7-9
1829	率	164	164	288	99.9258	HSK4
1830	唇	163	163	113	99.9259	HSK7-9
1831	酪	163	163	32	99.9261	
1832	渣	163	163	106	99.9263	HSK7-9
1833	兹	163	163	1347	99.9265	HSK7-9
1834	郎	163	163	407	99.9266	HSK4
1835	癌	162	162	97	99.9268	HSK7-9
1836	庄	162	162	250	99.9270	HSK6
1837	裂	162	162	194	99.9272	HSK6
1838	柏	161	161	904	99.9274	HSK7-9
1839	挨	161	160	88	99.9275	HSK6
1840	奔	161	161	171	99.9277	HSK6
1841	滋	160	160	126	99.9279	HSK7-9
1842	箭	160	160	199	99.9281	HSK6
1843	裁	160	160	155	99.9282	HSK5
1844	眔	159	159	1	99.9284	
1845	署	159	159	131	99.9286	HSK7-9
1846	舍	159	159	298	99.9288	HSK5
1847	皆	158	158	54	99.9289	HSK7-9
1848	慕	158	158	209	99.9291	HSK7-9
1849	毙	158	158	145	99.9293	HSK7-9
1850	梅	158	158	1267	99.9295	HSK6
1851	坠	158	158	88	99.9296	HSK7-9
1852	刮	157	157	132	99.9298	HSK6
1853	抖	156	156	107	99.9300	HSK7-9
1854	抚	156	156	75	99.9301	HSK7-9
1855	械	155	155	75	99.9303	HSK6
1856	佩	155	155	638	99.9305	HSK7-9
1857	辣	155	154	250	99.9307	HSK4
1858	斓	154	154	110	99.9308	
1859	蜡	154	154	113	99.9310	HSK7-9
1860	裹	154	154	74	99.9312	HSK4
1861	钩	154	154	123	99.9313	HSK7-9
1862	季	154	154	282	99.9315	HSK4
1863	诶	153	153	1	99.9317	
1864	烛	153	153	75	99.9318	HSK7-9
1865	堵	153	153	112	99.9320	HSK4
1866	筁	152	152	11	99.9322	
1867	贾	152	152	434	99.9323	HSK7-9
1868	核	151	151	305	99.9325	HSK5
1869	抹	150	150	85	99.9327	HSK7-9
1870	扣	150	150	249	99.9328	HSK6
1871	轨	149	149	92	99.9330	HSK6
1872	癸	148	148	73	99.9332	
1873	咋	148	148	20	99.9333	
1874	畜	148	148	59	99.9335	HSK7-9
1875	浑	148	148	63	99.9337	HSK7-9
1876	君	148	148	767	99.9338	HSK7-9
1877	侣	147	147	40	99.9340	HSK7-9
1878	匹	147	147	242	99.9341	HSK5
1879	湖	147	147	509	99.9343	HSK2
1880	递	147	147	97	99.9345	HSK4
1881	溜	146	144	131	99.9346	HSK7-9
1882	唬	145	145	24	99.9348	HSK7-9
1883	拘	145	145	45	99.9349	HSK7-9
1884	逊	145	145	377	99.9351	HSK7-9
1885	巡	143	143	119	99.9353	HSK7-9
1886	毯	143	143	53	99.9354	HSK7-9
1887	睁	143	115	18	99.9356	HSK7-9
1888	弥	142	142	152	99.9357	HSK7-9
1889	污	142	142	149	99.9359	HSK5
1890	扭	142	141	130	99.9360	HSK6
1891	桶	142	142	139	99.9362	HSK7-9
1892	逛	142	108	45	99.9364	HSK4
1893	积	141	141	258	99.9365	HSK3
1894	豆	141	138	302	99.9367	HSK4
1895	闲	141	141	243	99.9368	HSK5
1896	贷	140	140	92	99.9370	HSK5
1897	肠	140	140	218	99.9371	HSK5
1898	忧	140	140	119	99.9373	HSK6
1899	哀	139	139	112	99.9374	HSK7-9
1900	蜂	139	139	145	99.9376	HSK7-9
1901	炮	139	139	348	99.9377	HSK6
1902	厦	138	138	29	99.9379	HSK7-9
1903	堕	138	138	47	99.9380	HSK7-9
1904	押	138	138	138	99.9382	HSK5
1905	宿	138	138	149	99.9383	HSK5
1906	琼	137	137	200	99.9385	
1907	酱	137	137	238	99.9386	HSK6
1908	腐	137	137	126	99.9388	HSK4
1909	舱	136	136	173	99.9389	HSK7-9
1910	豫	135	135	24	99.9391	HSK5
1911	幼	135	135	162	99.9392	HSK4
1912	喘	134	134	65	99.9394	HSK7-9
1913	弯	134	134	164	99.9395	HSK4
1914	页	133	133	138	99.9397	HSK1
1915	链	133	133	143	99.9398	HSK7-9
1916	伏	133	133	214	99.9400	HSK7-9
1917	羡	132	132	26	99.9401	HSK7-9
1918	纵	132	132	118	99.9403	HSK6
1919	咧	131	131	42	99.9404	HSK7-9
1920	谣	131	131	29	99.9406	HSK7-9
1921	谨	131	131	70	99.9407	HSK7-9
1922	御	131	131	251	99.9408	HSK7-9
1923	诡	131	131	59	99.9410	
1924	愧	131	131	45	99.9411	HSK7-9
1925	吞	131	128	144	99.9413	HSK6
1926	含	131	131	194	99.9414	HSK4
1927	淇	130	130	29	99.9416	
1928	耽	130	130	19	99.9417	HSK7-9
1929	妆	130	130	125	99.9418	HSK7-9
1930	喷	130	130	237	99.9420	HSK5
1931	勾	129	129	104	99.9421	HSK7-9
1932	漏	129	129	195	99.9423	HSK5
1933	呦	128	128	1	99.9424	
1934	蝇	128	128	148	99.9426	HSK7-9
1935	罩	128	128	91	99.9427	HSK7-9
1936	窃	127	125	97	99.9428	HSK7-9
1937	冻	127	127	200	99.9430	HSK5
1938	轴	126	126	119	99.9431	HSK7-9
1939	狮	126	126	179	99.9433	HSK7-9
1940	篇	126	126	144	99.9434	HSK2
1941	碗	126	126	122	99.9435	HSK2
1942	慎	125	125	66	99.9437	HSK7-9
1943	裸	125	121	103	99.9438	HSK7-9
1944	铃	125	125	229	99.9439	HSK5
1945	牵	125	125	123	99.9441	HSK6
1946	呗	124	124	2	99.9442	
1947	哩	124	124	260	99.9443	
1948	堪	124	124	130	99.9445	HSK7-9
1949	棍	124	124	150	99.9446	HSK7-9
1950	役	124	124	72	99.9448	HSK7-9
1951	痷	123	123	1	99.9449	
1952	葡	123	123	56	99.9450	HSK5
1953	萄	123	123	41	99.9452	HSK5
1954	芭	123	82	137	99.9453	HSK7-9
1955	矮	122	122	139	99.9454	HSK4
1956	蕾	122	122	383	99.9456	HSK7-9
1957	饱	122	122	102	99.9457	HSK2
1958	焰	121	121	81	99.9458	HSK7-9
1959	酬	121	121	55	99.9460	HSK7-9
1960	猛	121	121	231	99.9461	HSK6
1961	秨	120	120	1	99.9462	
1962	秩	119	119	18	99.9464	HSK7-9
1963	贡	119	119	139	99.9465	HSK6
1964	沾	119	119	79	99.9466	HSK7-9
1965	询	119	119	97	99.9468	HSK5
1966	培	119	119	278	99.9469	HSK4
1967	吊	119	119	231	99.9470	HSK6
1968	踏	119	119	147	99.9471	HSK6
1969	础	118	118	31	99.9473	HSK3
1970	氓	118	118	16	99.9474	HSK7-9
1971	珊	118	118	222	99.9475	
1972	妖	118	118	132	99.9477	HSK7-9
1973	轰	118	116	107	99.9478	HSK7-9
1974	沃	118	118	973	99.9479	HSK7-9
1975	焦	118	118	120	99.9481	HSK6
1976	疚	117	117	17	99.9482	
1977	汇	117	117	161	99.9483	HSK4
1978	瘾	117	117	51	99.9484	HSK7-9
1979	删	116	116	33	99.9486	HSK7-9
1980	丛	116	116	80	99.9487	HSK7-9
1981	搅	116	116	80	99.9488	HSK7-9
1982	诊	116	116	91	99.9490	HSK5
1983	霍	116	116	597	99.9491	HSK7-9
1984	翴	115	115	2	99.9492	
1985	荷	115	115	363	99.9493	HSK7-9
1986	氧	114	114	147	99.9495	HSK6
1987	贪	114	114	98	99.9496	HSK7-9
1988	跌	114	114	148	99.9497	HSK6
1989	佣	114	114	39	99.9498	HSK7-9
1990	岆	113	113	1	99.9500	
1991	吼	113	112	53	99.9501	HSK7-9
1992	芬	113	113	461	99.9502	HSK7-9
1993	陋	112	112	27	99.9503	HSK7-9
1994	挽	111	111	50	99.9504	HSK7-9
1995	笼	111	111	179	99.9506	HSK7-9
1996	凉	111	111	242	99.9507	HSK2
1997	乳	110	110	211	99.9508	HSK6
1998	卢	109	109	573	99.9509	
1999	债	109	109	171	99.9511	HSK6
2000	歇	109	106	138	99.9512	HSK5
2001	蛤	108	108	184	99.9513	
2002	薇	108	107	230	99.9514	
2003	侄	108	108	28	99.9515	
2004	岩	107	107	227	99.9516	HSK7-9
2005	龟	107	107	199	99.9518	HSK7-9
2006	圆	107	106	321	99.9519	HSK4
2007	汀	107	107	174	99.9520	
2008	艇	107	107	106	99.9521	HSK7-9
2009	乌	107	107	474	99.9522	HSK6
2010	棺	106	106	47	99.9524	HSK7-9
2011	蛛	106	106	34	99.9525	
2012	僵	106	106	36	99.9526	HSK7-9
2013	币	106	106	128	99.9527	HSK3
2014	镑	106	106	47	99.9528	HSK7-9
2015	填	106	106	144	99.9529	HSK4
2016	缩	106	106	200	99.9531	HSK4
2017	汗	106	106	168	99.9532	HSK5
2018	泥	106	106	242	99.9533	HSK6
2019	虐	105	105	74	99.9534	HSK7-9
2020	昂	105	105	250	99.9535	HSK7-9
2021	揭	105	105	76	99.9536	HSK6
2022	慨	104	104	34	99.9537	HSK7-9
2023	阅	104	104	69	99.9539	HSK4
2024	袜	104	104	73	99.9540	HSK4
2025	懒	104	104	89	99.9541	HSK6
2026	慷	103	103	15	99.9542	HSK7-9
2027	饥	103	103	54	99.9543	HSK7-9
2028	苍	103	103	68	99.9544	HSK7-9
2029	谱	103	103	105	99.9545	HSK7-9
2030	撕	103	103	62	99.9547	HSK7-9
2031	蜘	102	102	25	99.9548	
2032	缝	102	102	174	99.9549	HSK7-9
2033	册	102	102	145	99.9550	HSK5
2034	恰	102	85	130	99.9551	HSK6
2035	熬	102	102	43	99.9552	HSK7-9
2036	瞷	101	101	1	99.9553	
2037	驱	101	101	121	99.9554	HSK7-9
2038	纠	101	101	57	99.9555	HSK6
2039	舅	101	52	48	99.9557	HSK7-9
2040	扩	101	101	72	99.9558	HSK4
2041	朱	101	101	441	99.9559	HSK7-9
2042	拔	101	101	300	99.9560	HSK5
2043	芙	100	100	193	99.9561	
2044	狡	100	100	24	99.9562	HSK7-9
2045	铐	100	100	28	99.9563	
2046	刷	100	100	151	99.9564	HSK4
2047	叶	100	100	551	99.9565	HSK4
2048	稚	99	99	29	99.9566	HSK7-9
2049	呜	99	96	53	99.9568	HSK7-9
2050	杜	99	99	908	99.9569	HSK7-9
2051	贩	99	99	88	99.9570	HSK7-9
2052	悄	99	51	34	99.9571	HSK5
2053	云	98	98	785	99.9572	HSK2
2054	催	98	98	110	99.9573	HSK7-9
2055	悦	98	98	88	99.9574	HSK7-9
2056	董	98	98	86	99.9575	HSK7-9
2057	戳	97	97	16	99.9576	HSK7-9
2058	捅	97	97	10	99.9577	HSK7-9
2059	癣	97	97	119	99.9578	
2060	靴	97	97	63	99.9579	HSK7-9
2061	汁	97	97	156	99.9580	HSK3
2062	捣	96	96	62	99.9582	HSK7-9
2063	拨	96	96	177	99.9583	HSK6
2064	缉	96	96	28	99.9584	HSK7-9
2065	憎	95	95	45	99.9585	
2066	剂	95	95	315	99.9586	HSK7-9
2067	辨	94	94	143	99.9587	HSK7-9
2068	脉	94	94	160	99.9588	HSK7-9
2069	郁	93	93	124	99.9589	HSK7-9
2070	腰	93	93	172	99.9590	HSK4
2071	嗑	92	92	5	99.9591	
2072	猾	92	92	23	99.9592	HSK7-9
2073	芒	92	92	80	99.9593	HSK7-9
2074	披	92	92	90	99.9594	HSK5
2075	措	92	92	64	99.9595	HSK4
2076	渡	92	92	188	99.9596	HSK6
2077	闷	92	87	133	99.9597	HSK7-9
2078	鲨	91	91	31	99.9598	HSK7-9
2079	稽	91	91	26	99.9599	HSK7-9
2080	淡	91	90	181	99.9600	HSK4
2081	抑	91	91	45	99.9601	HSK7-9
2082	妄	90	90	60	99.9602	HSK7-9
2083	秋	90	90	491	99.9603	HSK2
2084	赎	90	90	37	99.9604	HSK7-9
2085	滴	90	89	223	99.9605	HSK6
2086	琵	89	89	75	99.9606	
2087	泽	89	89	855	99.9607	HSK7-9
2088	玉	88	88	582	99.9608	HSK4
2089	茄	88	88	94	99.9609	HSK6
2090	罐	88	88	193	99.9610	HSK7-9
2091	携	87	87	68	99.9611	HSK7-9
2092	岂	87	87	27	99.9612	HSK7-9
2093	均	87	87	102	99.9613	HSK4
2094	蕉	86	86	44	99.9614	HSK3
2095	晰	85	85	29	99.9614	HSK7-9
2096	忏	85	85	10	99.9615	
2097	鸽	85	85	75	99.9616	HSK7-9
2098	钞	85	85	35	99.9617	HSK7-9
2099	勋	85	85	183	99.9618	HSK7-9
2100	盔	85	85	22	99.9619	
2101	窝	85	85	154	99.9620	HSK7-9
2102	兜	85	78	78	99.9621	HSK7-9
2103	叭	84	84	41	99.9622	HSK7-9
2104	柯	84	84	672	99.9623	
2105	湾	84	84	250	99.9624	HSK6
2106	戮	83	83	25	99.9625	
2107	覆	83	83	105	99.9626	HSK7-9
2108	疏	83	83	61	99.9627	HSK7-9
2109	枕	82	82	82	99.9627	HSK7-9
2110	賸	81	81	2	99.9628	
2111	墅	81	81	11	99.9629	HSK7-9
2112	噪	81	81	36	99.9630	HSK7-9
2113	蝴	81	81	47	99.9631	
2114	葛	81	81	950	99.9632	
2115	穴	81	81	112	99.9633	HSK7-9
2116	尘	81	80	195	99.9634	HSK7-9
2117	孔	81	81	280	99.9635	
2118	枚	80	80	51	99.9635	HSK7-9
2119	睹	80	80	71	99.9636	HSK7-9
2120	惠	80	80	407	99.9637	HSK5
2121	摘	80	80	104	99.9638	HSK5
2122	兼	79	79	87	99.9639	HSK7-9
2123	涯	79	79	31	99.9640	HSK7-9
2124	罕	79	79	106	99.9641	HSK7-9
2125	丫	79	79	144	99.9642	HSK7-9
2126	婪	78	78	7	99.9642	HSK7-9
2127	诸	78	78	119	99.9643	HSK6
2128	添	78	78	202	99.9644	HSK6
2129	寒	77	77	198	99.9645	HSK4
2130	聋	77	77	66	99.9646	HSK7-9
2131	杆	77	77	293	99.9647	HSK6
2132	贫	77	77	118	99.9648	HSK6
2133	截	77	77	128	99.9648	HSK6
2134	疲	77	77	50	99.9649	HSK7-9
2135	蝶	76	76	121	99.9650	
2136	雕	76	76	111	99.9651	HSK7-9
2137	辉	76	76	222	99.9652	HSK6
2138	桑	76	76	653	99.9653	HSK7-9
2139	猩	76	38	21	99.9653	HSK7-9
2140	屌	75	75	2	99.9654	
2141	棘	75	75	23	99.9655	HSK7-9
2142	劣	75	75	75	99.9656	HSK7-9
2143	晒	75	75	115	99.9657	HSK4
2144	剥	75	75	76	99.9657	HSK7-9
2145	腥	74	74	39	99.9658	HSK7-9
2146	厚	74	72	213	99.9659	HSK4
2147	煎	74	74	32	99.9660	HSK7-9
2148	繁	74	74	82	99.9661	HSK5
2149	鸭	73	73	133	99.9662	HSK5
2150	诀	73	73	108	99.9662	HSK7-9
2151	姊	73	53	30	99.9663	
2152	唷	72	72	1	99.9664	
2153	喇	72	72	63	99.9665	HSK7-9
2154	屈	72	72	215	99.9666	HSK7-9
2155	逝	72	72	73	99.9666	HSK7-9
2156	礛	71	71	2	99.9667	
2157	矛	71	71	102	99.9668	HSK5
2158	篷	71	71	36	99.9669	HSK7-9
2159	缸	71	71	59	99.9669	HSK7-9
2160	悬	71	71	104	99.9670	HSK6
2161	薯	71	71	111	99.9671	HSK6
2162	畏	71	71	100	99.9672	HSK7-9
2163	夷	70	70	53	99.9673	HSK7-9
2164	庞	70	70	143	99.9673	HSK7-9
2165	丸	70	70	154	99.9674	HSK7-9
2166	悯	69	69	11	99.9675	
2167	颇	69	69	59	99.9676	HSK7-9
2168	盐	69	69	199	99.9676	HSK4
2169	哄	69	68	48	99.9677	HSK7-9
2170	敞	69	69	25	99.9678	HSK7-9
2171	乃	69	69	226	99.9679	HSK7-9
2172	祇	68	68	2	99.9679	
2173	屉	68	68	8	99.9680	HSK7-9
2174	弊	68	68	65	99.9681	HSK7-9
2175	铺	68	68	146	99.9682	HSK6
2176	伞	68	68	113	99.9682	HSK4
2177	郡	67	67	131	99.9683	
2178	刹	67	67	67	99.9684	HSK7-9
2179	暑	67	67	37	99.9685	HSK4
2180	镖	67	67	39	99.9685	
2181	杠	67	67	122	99.9686	HSK7-9
2182	祥	67	67	415	99.9687	HSK6
2183	缓	67	62	124	99.9688	HSK4
2184	塑	67	67	90	99.9688	HSK4
2185	抄	66	66	104	99.9689	HSK4
2186	厢	66	66	62	99.9690	HSK7-9
2187	驴	66	66	86	99.9690	
2188	戈	66	66	703	99.9691	HSK7-9
2189	雾	66	66	198	99.9692	HSK7-9
2190	田	66	66	847	99.9693	HSK6
2191	腕	65	65	134	99.9693	HSK7-9
2192	莓	65	65	67	99.9694	
2193	崔	65	65	399	99.9695	
2194	搏	65	65	68	99.9695	HSK7-9
2195	虾	65	65	111	99.9696	HSK7-9
2196	仙	65	65	426	99.9697	HSK7-9
2197	炼	64	64	145	99.9698	HSK4
2198	呕	64	64	39	99.9698	HSK7-9
2199	盲	64	64	191	99.9699	HSK6
2200	循	64	64	64	99.9700	HSK6
2201	叉	64	64	144	99.9700	HSK5
2202	侧	64	64	208	99.9701	HSK6
2203	翔	63	63	91	99.9702	HSK7-9
2204	掘	63	63	66	99.9703	HSK7-9
2205	疫	63	63	52	99.9703	HSK7-9
2206	肖	63	63	224	99.9704	HSK7-9
2207	捐	63	63	93	99.9705	HSK6
2208	肺	62	62	95	99.9705	HSK6
2209	洒	61	61	114	99.9706	HSK5
2210	炫	61	61	99	99.9707	HSK7-9
2211	鹰	61	61	175	99.9707	HSK7-9
2212	棵	61	61	55	99.9708	HSK4
2213	酗	60	60	40	99.9709	HSK7-9
2214	斤	60	59	145	99.9709	HSK2
2215	俘	60	60	19	99.9710	HSK7-9
2216	咳	60	59	43	99.9711	HSK5
2217	顽	60	60	36	99.9711	HSK6
2218	呈	60	60	56	99.9712	HSK7-9
2219	歹	60	60	43	99.9713	HSK7-9
2220	遣	60	60	107	99.9713	HSK7-9
2221	跨	60	60	90	99.9714	HSK6
2222	旗	60	60	219	99.9715	HSK6
2223	颤	59	59	59	99.9715	HSK7-9
2224	馅	59	59	35	99.9716	HSK7-9
2225	哲	59	59	338	99.9716	HSK6
2226	垫	59	59	120	99.9717	HSK7-9
2227	盼	59	59	77	99.9718	HSK6
2228	筋	59	59	89	99.9718	HSK7-9
2229	俗	59	59	158	99.9719	HSK4
2230	狦	58	58	2	99.9720	
2231	玡	58	58	1	99.9720	
2232	捏	58	58	40	99.9721	HSK7-9
2233	韦	58	58	432	99.9722	
2234	澳	58	58	70	99.9722	
2235	栏	58	58	150	99.9723	HSK6
2236	竒	57	57	2	99.9724	
2237	狩	57	57	25	99.9724	
2238	粘	57	57	115	99.9725	HSK7-9
2239	鸦	57	57	53	99.9725	HSK7-9
2240	跃	57	57	77	99.9726	HSK6
2241	侍	57	57	85	99.9727	HSK7-9
2242	浮	57	57	203	99.9727	HSK6
2243	胶	57	57	218	99.9728	HSK5
2244	稲	56	56	78	99.9729	
2245	锻	56	56	21	99.9729	HSK4
2246	趾	56	56	34	99.9730	
2247	狸	56	56	62	99.9730	
2248	嫂	56	56	81	99.9731	HSK7-9
2249	漆	56	55	160	99.9732	HSK7-9
2250	蛙	55	55	61	99.9732	HSK7-9
2251	旨	55	55	71	99.9733	HSK7-9
2252	狐	55	55	153	99.9733	
2253	拟	55	55	87	99.9734	HSK7-9
2254	饵	55	55	21	99.9735	HSK7-9
2255	橄	55	55	15	99.9735	
2256	榄	55	55	28	99.9736	
2257	映	55	55	129	99.9736	HSK4
2258	臀	55	55	42	99.9737	
2259	乞	55	55	38	99.9738	HSK7-9
2260	谜	55	55	39	99.9738	HSK7-9
2261	疤	55	55	43	99.9739	
2262	扑	55	55	92	99.9739	HSK6
2263	虏	54	54	32	99.9740	HSK7-9
2264	帘	53	53	57	99.9741	HSK5
2265	寡	53	53	63	99.9741	HSK7-9
2266	棕	53	53	71	99.9742	
2267	狙	53	53	16	99.9742	
2268	赣	53	53	152	99.9743	
2269	搁	53	53	45	99.9744	HSK7-9
2270	匆	53	43	27	99.9744	HSK7-9
2271	臣	53	53	203	99.9745	HSK7-9
2272	腾	53	52	176	99.9745	HSK7-9
2273	淘	53	53	54	99.9746	HSK7-9
2274	篮	53	53	116	99.9746	HSK2
2275	贿	52	52	35	99.9747	HSK7-9
2276	笆	52	52	59	99.9748	
2277	柴	52	52	192	99.9748	HSK5
2278	晃	52	48	112	99.9749	HSK7-9
2279	耗	52	52	131	99.9749	HSK6
2280	厄	52	52	174	99.9750	HSK7-9
2281	储	52	52	145	99.9750	HSK6
2282	楷	51	51	60	99.9751	HSK7-9
2283	嘱	51	51	17	99.9752	HSK7-9
2284	禽	51	51	64	99.9752	HSK7-9
2285	娩	51	51	37	99.9753	
2286	润	51	51	140	99.9753	HSK5
2287	嗦	51	51	24	99.9754	HSK7-9
2288	逞	51	51	30	99.9754	HSK7-9
2289	勿	51	51	51	99.9755	HSK7-9
2290	杨	50	50	343	99.9756	HSK7-9
2291	狟	50	50	1	99.9756	
2292	牠	50	50	1	99.9757	
2293	蔬	50	50	63	99.9757	HSK5
2294	窒	50	50	43	99.9758	HSK7-9
2295	鲸	50	50	79	99.9758	
2296	坑	50	50	136	99.9759	HSK7-9
2297	筹	50	50	105	99.9759	HSK7-9
2298	塌	50	50	87	99.9760	HSK7-9
2299	宅	50	50	178	99.9760	HSK6
2300	炉	50	50	152	99.9761	HSK6
2301	赂	49	49	11	99.9762	HSK7-9
2302	猭	49	49	2	99.9762	
2303	缚	49	49	24	99.9763	HSK7-9
2304	扳	49	49	41	99.9763	HSK7-9
2305	徽	49	49	76	99.9764	HSK7-9
2306	痒	49	44	70	99.9764	HSK7-9
2307	鉴	49	49	78	99.9765	HSK6
2308	淫	49	49	173	99.9765	
2309	赫	49	49	704	99.9766	HSK7-9
2310	涴	48	48	1	99.9766	
2311	砆	48	48	1	99.9767	
2312	疭	48	48	1	99.9767	
2313	瞪	48	48	46	99.9768	HSK7-9
2314	歪	48	44	89	99.9768	HSK7-9
2315	岗	48	48	101	99.9769	HSK6
2316	摊	48	48	117	99.9770	HSK7-9
2317	醋	48	48	59	99.9770	HSK6
2318	屏	48	48	89	99.9771	HSK6
2319	磁	48	48	137	99.9771	HSK7-9
2320	凑	48	48	84	99.9772	HSK7-9
2321	腹	48	48	218	99.9772	HSK7-9
2322	熄	48	48	31	99.9773	HSK7-9
2323	婶	48	33	43	99.9773	
2324	甘	48	48	373	99.9774	HSK7-9
2325	诈	48	48	77	99.9774	HSK7-9
2326	奈	48	48	699	99.9775	HSK5
2327	扬	48	47	240	99.9775	HSK4
2328	煌	47	47	34	99.9776	HSK7-9
2329	崖	47	47	53	99.9776	HSK7-9
2330	吾	47	47	167	99.9777	
2331	茎	47	47	28	99.9777	HSK7-9
2332	瓣	47	47	128	99.9778	HSK7-9
2333	捧	47	47	41	99.9778	HSK7-9
2334	喻	47	47	39	99.9779	HSK7-9
2335	契	47	47	248	99.9779	HSK7-9
2336	兆	47	47	123	99.9780	HSK7-9
2337	娅	47	47	258	99.9781	
2338	殖	47	47	55	99.9781	HSK6
2339	眖	46	46	2	99.9782	
2340	榴	46	46	31	99.9782	
2341	柠	46	46	48	99.9783	
2342	檬	46	46	23	99.9783	
2343	粮	46	46	127	99.9784	HSK4
2344	昧	46	46	67	99.9784	HSK7-9
2345	枝	46	46	243	99.9785	HSK6
2346	崽	46	46	46	99.9785	
2347	菌	46	46	143	99.9786	HSK6
2348	孽	46	46	72	99.9786	
2349	窥	46	46	104	99.9787	HSK7-9
2350	叹	46	46	74	99.9787	HSK6
2351	锋	46	46	139	99.9788	HSK6
2352	籼	45	45	35	99.9788	
2353	珨	45	45	4	99.9789	
2354	獭	45	45	40	99.9789	
2355	绰	45	44	39	99.9790	HSK7-9
2356	履	45	45	77	99.9790	HSK7-9
2357	紫	45	45	200	99.9791	HSK5
2358	挚	45	45	19	99.9791	HSK7-9
2359	寿	45	45	219	99.9792	HSK5
2360	黛	45	45	497	99.9792	
2361	泉	45	45	200	99.9793	HSK4
2362	虹	44	44	41	99.9793	HSK7-9
2363	冤	44	44	83	99.9794	HSK7-9
2364	叨	44	42	41	99.9794	HSK7-9
2365	恳	44	44	25	99.9794	HSK7-9
2366	览	44	44	56	99.9795	HSK5
2367	垒	44	44	87	99.9795	HSK7-9
2368	税	44	44	200	99.9796	HSK6
2369	捷	44	44	162	99.9796	HSK7-9
2370	萝	44	44	547	99.9797	HSK7-9
2371	枉	43	43	30	99.9797	HSK7-9
2372	皂	43	43	37	99.9798	HSK7-9
2373	江	43	43	446	99.9798	HSK4
2374	矿	43	43	201	99.9799	HSK4
2375	岿	42	42	40	99.9799	
2376	搂	42	42	13	99.9800	HSK7-9
2377	葱	42	42	67	99.9800	HSK7-9
2378	刘	42	42	321	99.9801	
2379	蚁	42	42	122	99.9801	
2380	郊	42	42	41	99.9802	HSK5
2381	嘉	42	42	742	99.9802	HSK6
2382	绘	42	42	129	99.9802	HSK6
2383	挪	42	42	82	99.9803	HSK7-9
2384	壳	42	42	135	99.9803	HSK7-9
2385	匪	42	42	69	99.9804	HSK7-9
2386	禗	41	41	1	99.9804	
2387	虔	41	41	15	99.9805	HSK7-9
2388	髦	41	41	11	99.9805	HSK7-9
2389	瀑	41	41	24	99.9806	HSK7-9
2390	婓	41	41	3	99.9806	
2391	爪	41	41	103	99.9807	HSK7-9
2392	歧	41	41	27	99.9807	HSK7-9
2393	舧	40	40	3	99.9807	
2394	稰	40	40	1	99.9808	
2395	礚	40	40	2	99.9808	
2396	唠	40	39	15	99.9809	HSK7-9
2397	羽	40	40	162	99.9809	HSK5
2398	哑	40	40	85	99.9810	HSK7-9
2399	届	40	40	92	99.9810	HSK5
2400	躁	40	40	51	99.9811	HSK7-9
2401	鹅	40	40	167	99.9811	HSK7-9
2402	桃	40	40	255	99.9811	HSK5
2403	穆	40	40	288	99.9812	HSK7-9
2404	灌	40	40	108	99.9812	HSK7-9
2405	隆	40	39	556	99.9813	HSK7-9
2406	筿	39	39	2	99.9813	
2407	菇	39	39	54	99.9814	HSK7-9
2408	沼	39	39	59	99.9814	HSK7-9
2409	赴	39	39	39	99.9814	HSK7-9
2410	祭	39	39	91	99.9815	HSK7-9
2411	曝	38	38	13	99.9815	HSK7-9
2412	狥	38	38	1	99.9816	
2413	嗽	38	38	10	99.9816	HSK7-9
2414	谐	38	38	30	99.9817	HSK6
2415	蝙	38	38	7	99.9817	
2416	蝠	38	38	27	99.9817	
2417	宋	38	38	219	99.9818	
2418	蔽	38	38	34	99.9818	HSK7-9
2419	槽	38	38	78	99.9819	HSK7-9
2420	碟	38	38	89	99.9819	HSK7-9
2421	拐	38	38	76	99.9819	HSK6
2422	粄	37	37	1	99.9820	
2423	噬	37	37	35	99.9820	
2424	衄	37	37	1	99.9821	
2425	筒	37	37	133	99.9821	HSK7-9
2426	晶	37	34	174	99.9821	HSK7-9
2427	眨	37	37	11	99.9822	HSK7-9
2428	铲	37	37	48	99.9822	HSK7-9
2429	竭	37	37	147	99.9823	HSK7-9
2430	辅	37	37	126	99.9823	HSK5
2431	勤	37	37	270	99.9824	HSK5
2432	翼	37	32	210	99.9824	HSK7-9
2433	崭	36	36	6	99.9824	HSK7-9
2434	痊	36	36	5	99.9825	
2435	炳	36	36	176	99.9825	
2436	拽	36	36	5	99.9826	HSK7-9
2437	瘟	36	36	20	99.9826	HSK7-9
2438	吟	36	36	45	99.9826	
2439	嚼	36	36	48	99.9827	HSK7-9
2440	蔓	36	36	88	99.9827	HSK7-9
2441	洱	36	31	87	99.9827	
2442	遮	36	35	126	99.9828	HSK7-9
2443	宵	36	36	41	99.9828	HSK7-9
2444	橱	36	36	21	99.9829	HSK7-9
2445	衷	36	36	41	99.9829	HSK7-9
2446	盿	35	35	1	99.9829	
2447	瘫	35	35	34	99.9830	HSK7-9
2448	痪	35	35	10	99.9830	HSK7-9
2449	蘑	35	35	16	99.9831	HSK7-9
2450	稦	35	35	1	99.9831	
2451	呻	35	35	7	99.9831	
2452	榜	35	35	62	99.9832	HSK6
2453	蔼	35	35	68	99.9832	HSK7-9
2454	哮	35	35	14	99.9833	
2455	鱿	35	35	7	99.9833	
2456	膛	35	35	33	99.9833	HSK7-9
2457	犬	35	35	196	99.9834	HSK7-9
2458	骤	34	34	32	99.9834	HSK7-9
2459	聆	34	34	5	99.9834	
2460	嗷	34	34	9	99.9835	
2461	螂	34	34	15	99.9835	
2462	惫	34	34	15	99.9836	HSK7-9
2463	淑	34	34	123	99.9836	
2464	鳄	34	34	13	99.9836	HSK7-9
2465	莽	34	34	30	99.9837	HSK7-9
2466	捞	34	34	98	99.9837	HSK7-9
2467	跤	34	34	45	99.9837	HSK7-9
2468	悼	34	34	36	99.9838	HSK7-9
2469	谦	34	34	69	99.9838	HSK6
2470	酸	34	34	330	99.9839	HSK4
2471	匿	34	34	41	99.9839	HSK7-9
2472	庇	34	34	50	99.9839	
2473	翁	34	34	146	99.9840	HSK7-9
2474	桩	34	34	54	99.9840	HSK7-9
2475	肝	34	34	115	99.9840	HSK6
2476	蟑	33	33	7	99.9841	
2477	瞆	33	33	1	99.9841	
2478	哗	33	33	33	99.9842	HSK7-9
2479	撼	33	33	30	99.9842	HSK7-9
2480	剔	33	33	36	99.9842	HSK7-9
2481	棉	33	33	138	99.9843	HSK6
2482	闽	33	33	69	99.9843	
2483	翘	33	29	63	99.9843	HSK7-9
2484	鹿	33	33	232	99.9844	HSK7-9
2485	悟	33	33	80	99.9844	HSK6
2486	串	33	33	124	99.9844	HSK6
2487	稀	33	33	96	99.9845	HSK7-9
2488	颠	33	33	91	99.9845	HSK7-9
2489	衰	33	33	187	99.9846	HSK7-9
2490	抉	32	32	12	99.9846	
2491	俺	32	32	18	99.9846	
2492	宪	32	32	72	99.9847	HSK7-9
2493	谴	32	32	17	99.9847	HSK7-9
2494	峡	32	32	48	99.9847	HSK7-9
2495	逢	32	32	93	99.9848	HSK7-9
2496	斥	32	32	49	99.9848	HSK7-9
2497	棋	32	32	167	99.9848	HSK7-9
2498	促	32	32	58	99.9849	HSK4
2499	皑	31	31	140	99.9849	
2500	丐	31	31	4	99.9849	HSK7-9
2501	碌	31	31	39	99.9850	HSK7-9
2502	蚂	31	31	21	99.9850	
2503	咆	31	31	10	99.9850	
2504	幢	31	31	34	99.9851	HSK7-9
2505	秃	31	31	40	99.9851	HSK7-9
2506	赤	31	31	213	99.9851	HSK7-9
2507	驳	31	31	56	99.9852	HSK7-9
2508	浓	31	31	113	99.9852	HSK4
2509	坡	31	31	128	99.9852	HSK6
2510	讼	30	30	27	99.9853	HSK7-9
2511	徘	30	30	8	99.9853	HSK7-9
2512	徊	30	30	11	99.9853	HSK7-9
2513	焊	30	30	129	99.9854	HSK7-9
2514	坪	30	30	38	99.9854	HSK7-9
2515	籍	30	30	99	99.9854	HSK5
2516	聘	30	30	85	99.9855	HSK6
2517	剃	30	30	31	99.9855	HSK7-9
2518	掏	30	30	46	99.9855	HSK6
2519	削	30	30	108	99.9856	HSK7-9
2520	橡	30	30	98	99.9856	HSK7-9
2521	拷	30	30	34	99.9856	
2522	穝	29	29	2	99.9857	
2523	咨	29	29	23	99.9857	HSK6
2524	墟	29	29	15	99.9857	HSK7-9
2525	汰	29	29	40	99.9858	HSK7-9
2526	辐	29	29	34	99.9858	HSK7-9
2527	捍	29	29	11	99.9858	HSK7-9
2528	渊	29	29	63	99.9859	HSK7-9
2529	婿	29	29	27	99.9859	HSK7-9
2530	酋	29	29	10	99.9859	
2531	玂	29	29	2	99.9860	
2532	卦	29	29	31	99.9860	HSK7-9
2533	殴	29	29	18	99.9860	HSK7-9
2534	钝	29	29	35	99.9861	
2535	贸	29	29	75	99.9861	HSK5
2536	伺	29	29	25	99.9861	HSK7-9
2537	扒	29	29	28	99.9861	HSK7-9
2538	铅	29	29	58	99.9862	HSK6
2539	劈	29	29	56	99.9862	HSK7-9
2540	绷	29	29	21	99.9862	HSK7-9
2541	吁	29	27	14	99.9863	HSK7-9
2542	兑	29	29	54	99.9863	HSK7-9
2543	灿	29	29	139	99.9863	HSK7-9
2544	斩	29	29	91	99.9864	HSK7-9
2545	粒	29	29	132	99.9864	HSK7-9
2546	蟹	29	29	88	99.9864	
2547	泊	29	29	192	99.9865	HSK7-9
2548	蹭	29	27	16	99.9865	HSK7-9
2549	绞	29	29	88	99.9865	HSK7-9
2550	蓄	29	29	81	99.9866	HSK7-9
2551	嚷	29	17	37	99.9866	HSK7-9
2552	横	29	29	241	99.9866	HSK6
2553	糗	28	28	1	99.9867	
2554	砛	28	28	1	99.9867	
2555	澄	28	28	59	99.9867	HSK7-9
2556	揪	28	28	10	99.9867	HSK7-9
2557	厩	28	28	70	99.9868	
2558	惕	28	28	15	99.9868	HSK7-9
2559	赠	28	28	93	99.9868	HSK5
2560	躯	28	28	50	99.9869	HSK7-9
2561	涨	28	28	164	99.9869	HSK5
2562	践	28	28	27	99.9869	HSK6
2563	肆	28	28	45	99.9870	HSK7-9
2564	眉	28	28	151	99.9870	HSK7-9
2565	肿	28	28	116	99.9870	HSK6
2566	奢	28	28	26	99.9871	HSK7-9
2567	垮	28	28	39	99.9871	HSK7-9
2568	钡	27	27	18	99.9871	
2569	喵	27	27	1	99.9871	
2570	纨	27	27	10	99.9872	
2571	募	27	27	37	99.9872	HSK7-9
2572	赦	27	27	29	99.9872	
2573	椒	27	27	37	99.9873	HSK7-9
2574	飘	27	23	152	99.9873	HSK7-9
2575	肾	27	27	64	99.9873	HSK7-9
2576	驻	27	27	90	99.9874	HSK6
2577	佐	27	26	489	99.9874	HSK7-9
2578	盽	26	26	1	99.9874	
2579	肈	26	26	1	99.9874	
2580	馨	26	26	40	99.9875	HSK7-9
2581	屿	26	26	12	99.9875	HSK7-9
2582	疠	26	26	41	99.9875	
2583	驼	26	26	52	99.9876	
2584	潘	26	26	323	99.9876	
2585	朽	26	26	26	99.9876	HSK7-9
2586	锤	26	26	78	99.9876	HSK7-9
2587	牡	26	26	67	99.9877	HSK7-9
2588	骸	26	26	66	99.9877	
2589	锐	26	26	81	99.9877	HSK7-9
2590	纱	26	26	127	99.9878	HSK7-9
2591	嗅	26	26	27	99.9878	HSK7-9
2592	颈	26	26	108	99.9878	HSK7-9
2593	卜	26	26	254	99.9878	HSK7-9
2594	鞭	26	26	81	99.9879	HSK7-9
2595	夕	26	26	115	99.9879	HSK5
2596	稿	26	26	114	99.9879	HSK6
2597	纷	26	18	62	99.9880	HSK4
2598	哨	26	26	79	99.9880	HSK7-9
2599	豚	25	25	22	99.9880	
2600	飓	25	25	5	99.9880	
2601	坻	25	25	142	99.9881	
2602	骆	25	25	53	99.9881	
2603	烹	25	25	22	99.9881	HSK7-9
2604	嚣	25	25	21	99.9881	
2605	昆	25	25	205	99.9882	HSK7-9
2606	脂	25	25	105	99.9882	HSK7-9
2607	综	25	25	40	99.9882	HSK4
2608	浸	25	25	81	99.9883	HSK7-9
2609	渺	25	25	27	99.9883	HSK7-9
2610	掷	25	25	27	99.9883	
2611	苗	25	25	96	99.9883	HSK7-9
2612	憋	25	25	13	99.9884	HSK7-9
2613	茫	25	23	52	99.9884	HSK7-9
2614	泼	25	25	118	99.9884	HSK5
2615	橙	25	25	67	99.9885	HSK7-9
2616	秆	24	24	41	99.9885	
2617	瑸	24	24	1	99.9885	
2618	衅	24	24	8	99.9885	HSK7-9
2619	侏	24	24	7	99.9886	
2620	窖	24	24	16	99.9886	
2621	亵	24	24	18	99.9886	
2622	挫	24	24	53	99.9886	HSK7-9
2623	甸	24	24	39	99.9887	HSK7-9
2624	嗜	24	24	47	99.9887	HSK7-9
2625	掰	24	22	17	99.9887	HSK7-9
2626	逍	24	24	11	99.9887	
2627	洪	24	24	331	99.9888	HSK6
2628	井	24	23	408	99.9888	HSK6
2629	滥	24	24	70	99.9888	HSK7-9
2630	逆	24	24	130	99.9888	HSK7-9
2631	伐	24	24	110	99.9889	HSK7-9
2632	柄	24	24	48	99.9889	HSK7-9
2633	祟	24	13	16	99.9889	
2634	浅	24	24	140	99.9890	HSK4
2635	茱	24	24	180	99.9890	
2636	锅	24	24	205	99.9890	HSK5
2637	梳	24	24	88	99.9890	HSK7-9
2638	峰	24	24	260	99.9891	HSK6
2639	瓳	23	23	1	99.9891	
2640	儒	23	23	67	99.9891	HSK7-9
2641	饪	23	23	4	99.9891	
2642	樱	23	23	123	99.9892	
2643	莲	23	23	399	99.9892	HSK7-9
2644	寺	23	23	164	99.9892	HSK6
2645	掐	23	23	23	99.9892	HSK7-9
2646	巷	23	23	100	99.9893	HSK7-9
2647	粪	23	23	77	99.9893	HSK7-9
2648	丘	23	23	258	99.9893	HSK7-9
2649	颁	23	23	30	99.9893	HSK7-9
2650	沦	23	23	21	99.9894	
2651	兮	23	12	28	99.9894	
2652	盢	22	22	2	99.9894	
2653	跺	22	22	32	99.9894	
2654	呸	22	22	1	99.9895	
2655	惭	22	22	9	99.9895	HSK7-9
2656	氨	22	22	51	99.9895	
2657	颊	22	22	21	99.9895	HSK7-9
2658	浩	22	22	403	99.9896	HSK7-9
2659	铭	22	22	65	99.9896	HSK7-9
2660	巢	22	22	88	99.9896	HSK7-9
2661	狄	22	22	483	99.9896	
2662	瘤	22	22	51	99.9897	HSK7-9
2663	邓	22	22	149	99.9897	
2664	柱	22	22	188	99.9897	HSK6
2665	杖	22	22	43	99.9897	HSK7-9
2666	蒜	22	22	32	99.9897	HSK7-9
2667	廷	22	22	153	99.9898	HSK7-9
2668	侠	22	22	120	99.9898	HSK7-9
2669	悠	22	22	89	99.9898	HSK7-9
2670	甡	21	21	1	99.9898	
2671	肪	21	21	14	99.9899	HSK7-9
2672	傍	21	21	33	99.9899	HSK6
2673	矪	21	21	1	99.9899	
2674	琩	21	21	1	99.9899	
2675	烁	21	21	12	99.9900	HSK7-9
2676	菊	21	21	122	99.9900	HSK7-9
2677	衔	21	21	36	99.9900	HSK7-9
2678	媳	21	21	35	99.9900	HSK7-9
2679	掀	21	21	46	99.9901	HSK7-9
2680	珀	21	21	145	99.9901	
2681	拇	21	21	17	99.9901	
2682	蚀	21	21	54	99.9901	HSK7-9
2683	雀	21	21	143	99.9901	HSK7-9
2684	姬	21	21	374	99.9902	
2685	煤	21	21	129	99.9902	HSK5
2686	畅	21	21	63	99.9902	HSK6
2687	庙	21	21	101	99.9902	HSK7-9
2688	斑	21	21	134	99.9903	HSK7-9
2689	绊	21	21	48	99.9903	
2690	愁	21	21	104	99.9903	HSK5
2691	垂	21	21	163	99.9903	HSK7-9
2692	嘞	20	20	1	99.9904	
2693	蚊	20	20	63	99.9904	HSK7-9
2694	渎	20	20	19	99.9904	
2695	矗	20	20	28	99.9904	
2696	靡	20	20	71	99.9904	
2697	斧	20	20	42	99.9905	HSK7-9
2698	嗓	20	20	27	99.9905	HSK7-9
2699	弓	20	20	132	99.9905	HSK7-9
2700	氏	20	20	339	99.9905	HSK7-9
2701	曹	20	20	157	99.9905	
2702	阔	20	20	96	99.9906	HSK6
2703	卸	20	20	80	99.9906	HSK7-9
2704	陶	20	20	235	99.9906	HSK7-9
2705	肢	20	20	59	99.9906	HSK7-9
2706	凝	20	20	86	99.9907	HSK7-9
2707	琪	20	18	376	99.9907	
2708	浆	20	20	106	99.9907	HSK7-9
2709	硄	19	19	1	99.9907	
2710	獶	19	19	1	99.9907	
2711	矹	19	19	1	99.9908	
2712	螟	19	19	44	99.9908	
2713	砀	19	19	28	99.9908	
2714	驹	19	19	94	99.9908	
2715	县	19	19	228	99.9908	HSK4
2716	躬	19	19	39	99.9909	HSK7-9
2717	拚	19	19	18	99.9909	
2718	剖	19	19	41	99.9909	HSK7-9
2719	朴	19	19	422	99.9909	HSK7-9
2720	绽	19	19	18	99.9910	HSK7-9
2721	痉	19	19	20	99.9910	
2722	盏	19	19	37	99.9910	HSK7-9
2723	轿	19	19	31	99.9910	HSK7-9
2724	仑	19	19	48	99.9910	
2725	侈	19	19	13	99.9911	HSK7-9
2726	裕	19	19	93	99.9911	HSK7-9
2727	胀	19	19	66	99.9911	HSK7-9
2728	刊	19	19	100	99.9911	HSK6
2729	辰	19	19	84	99.9911	HSK7-9
2730	裔	19	19	50	99.9912	HSK7-9
2731	脊	19	19	65	99.9912	HSK7-9
2732	溺	19	19	35	99.9912	
2733	匠	19	19	95	99.9912	HSK7-9
2734	绵	19	18	95	99.9912	HSK7-9
2735	茨	19	19	312	99.9913	
2736	坛	19	19	106	99.9913	HSK7-9
2737	券	19	19	81	99.9913	HSK6
2738	蒸	19	19	87	99.9913	HSK7-9
2739	茜	19	19	398	99.9913	
2740	絋	18	18	1	99.9914	
2741	肋	18	18	30	99.9914	
2742	睲	18	18	1	99.9914	
2743	朕	18	18	1	99.9914	
2744	啃	18	18	21	99.9914	HSK7-9
2745	咩	18	18	2	99.9915	
2746	柑	18	18	63	99.9915	
2747	沫	18	18	56	99.9915	HSK7-9
2748	弦	18	18	98	99.9915	HSK7-9
2749	扛	18	18	19	99.9915	HSK7-9
2750	碧	18	18	328	99.9916	HSK7-9
2751	坨	18	18	10	99.9916	
2752	渗	18	18	46	99.9916	HSK7-9
2753	掠	18	18	54	99.9916	HSK7-9
2754	芥	18	18	42	99.9916	
2755	渔	18	18	62	99.9917	HSK7-9
2756	晋	18	18	56	99.9917	HSK7-9
2757	呛	18	18	9	99.9917	HSK7-9
2758	囊	18	18	102	99.9917	HSK7-9
2759	窍	18	18	62	99.9917	HSK7-9
2760	膏	18	18	88	99.9918	HSK7-9
2761	吴	17	17	290	99.9918	
2762	糑	17	17	1	99.9918	
2763	冯	17	17	133	99.9918	
2764	赵	17	17	232	99.9918	
2765	狝	17	17	1	99.9919	
2766	寐	17	17	18	99.9919	
2767	螃	17	17	5	99.9919	
2768	鞠	17	17	22	99.9919	HSK7-9
2769	烊	17	17	1	99.9919	
2770	帜	17	17	7	99.9920	HSK7-9
2771	栅	17	17	39	99.9920	
2772	镉	17	17	9	99.9920	
2773	歼	17	17	22	99.9920	HSK7-9
2774	悍	17	17	46	99.9920	
2775	烬	17	17	8	99.9920	
2776	梭	17	17	82	99.9921	
2777	吨	17	17	77	99.9921	HSK5
2778	啪	17	15	21	99.9921	
2779	僚	17	17	22	99.9921	HSK7-9
2780	豹	17	17	104	99.9921	HSK7-9
2781	梁	17	17	249	99.9922	HSK6
2782	叮	17	16	68	99.9922	HSK7-9
2783	碑	17	17	48	99.9922	HSK7-9
2784	斜	17	17	95	99.9922	HSK5
2785	螺	17	17	70	99.9922	HSK7-9
2786	炎	17	17	164	99.9923	HSK6
2787	霸	17	17	207	99.9923	HSK7-9
2788	悚	16	16	10	99.9923	
2789	罴	16	16	1	99.9923	
2790	酚	16	16	81	99.9923	
2791	踹	16	16	2	99.9923	HSK7-9
2792	蹋	16	16	12	99.9924	
2793	羘	16	16	2	99.9924	
2794	踝	16	16	9	99.9924	
2795	琍	16	16	1	99.9924	
2796	凤	16	16	279	99.9924	HSK7-9
2797	厘	16	16	60	99.9924	HSK4
2798	拧	16	16	15	99.9925	HSK7-9
2799	哔	16	16	19	99.9925	
2800	褐	16	16	82	99.9925	
2801	岳	16	16	59	99.9925	HSK7-9
2802	簿	16	16	48	99.9925	
2803	郑	16	16	228	99.9926	HSK7-9
2804	贯	16	16	83	99.9926	HSK6
2805	喋	16	8	7	99.9926	
2806	捆	16	16	53	99.9926	HSK7-9
2807	沸	16	15	49	99.9926	HSK7-9
2808	壶	16	16	89	99.9926	HSK6
2809	枯	16	16	73	99.9927	HSK7-9
2810	癫	16	13	84	99.9927	
2811	袍	16	16	72	99.9927	HSK7-9
2812	咕	16	12	90	99.9927	
2813	傀	15	15	8	99.9927	
2814	儡	15	15	98	99.9927	
2815	箦	15	15	1	99.9928	
2816	铬	15	15	24	99.9928	
2817	癳	15	15	1	99.9928	
2818	镯	15	15	12	99.9928	
2819	揉	15	15	17	99.9928	HSK7-9
2820	睾	15	15	21	99.9928	
2821	瞅	15	15	9	99.9929	HSK7-9
2822	讪	15	15	4	99.9929	
2823	禲	15	15	1	99.9929	
2824	沐	15	15	34	99.9929	HSK7-9
2825	颅	15	15	35	99.9929	
2826	咸	15	15	158	99.9929	HSK4
2827	孬	15	15	8	99.9930	
2828	塘	15	15	54	99.9930	HSK7-9
2829	窟	15	15	53	99.9930	HSK7-9
2830	姜	15	15	200	99.9930	HSK7-9
2831	驰	15	15	78	99.9930	HSK7-9
2832	辖	15	15	23	99.9930	HSK7-9
2833	淌	15	15	16	99.9931	HSK7-9
2834	驯	15	15	53	99.9931	HSK7-9
2835	卓	15	15	450	99.9931	HSK7-9
2836	蹦	15	14	39	99.9931	HSK7-9
2837	竖	15	15	42	99.9931	HSK7-9
2838	熏	15	15	69	99.9931	HSK7-9
2839	奎	15	15	311	99.9932	
2840	昔	15	15	34	99.9932	HSK7-9
2841	坎	15	15	267	99.9932	
2842	帆	15	15	150	99.9932	HSK7-9
2843	铜	15	15	156	99.9932	HSK6
2844	狭	15	15	62	99.9932	HSK7-9
2845	鸣	15	15	218	99.9933	HSK7-9
2846	凰	14	14	16	99.9933	HSK7-9
2847	笲	14	14	2	99.9933	
2848	蜥	14	14	12	99.9933	
2849	蜴	14	14	6	99.9933	
2850	祂	14	14	1	99.9933	
2851	粥	14	14	28	99.9933	HSK6
2852	醚	14	14	15	99.9934	
2853	哒	14	14	11	99.9934	
2854	芯	14	14	44	99.9934	HSK7-9
2855	妦	14	14	1	99.9934	
2856	溅	14	14	34	99.9934	HSK7-9
2857	簆	14	14	1	99.9934	
2858	茉	14	14	41	99.9935	
2859	匈	14	14	16	99.9935	
2860	秽	14	14	32	99.9935	HSK7-9
2861	飙	14	14	63	99.9935	HSK7-9
2862	亥	14	14	68	99.9935	
2863	叙	14	13	55	99.9935	HSK7-9
2864	癖	14	14	31	99.9935	
2865	逸	14	14	72	99.9936	HSK7-9
2866	浇	14	14	61	99.9936	HSK7-9
2867	庸	14	14	46	99.9936	HSK7-9
2868	藤	14	14	400	99.9936	HSK7-9
2869	糙	13	13	19	99.9936	HSK7-9
2870	欸	13	13	1	99.9936	
2871	淆	13	13	6	99.9936	HSK7-9
2872	猁	13	13	59	99.9937	
2873	垛	13	13	11	99.9937	
2874	拎	13	13	3	99.9937	HSK7-9
2875	笷	13	13	2	99.9937	
2876	膻	13	13	23	99.9937	
2877	伎	13	13	24	99.9937	
2878	膨	13	13	20	99.9937	HSK7-9
2879	苛	13	13	24	99.9938	HSK7-9
2880	潇	13	13	19	99.9938	HSK7-9
2881	甥	13	13	9	99.9938	
2882	嫩	13	13	87	99.9938	HSK7-9
2883	燥	13	13	49	99.9938	HSK7-9
2884	凳	13	13	35	99.9938	HSK7-9
2885	涡	13	13	37	99.9938	HSK7-9
2886	锯	13	13	75	99.9939	HSK7-9
2887	伽	13	13	111	99.9939	
2888	酵	13	11	64	99.9939	HSK7-9
2889	犀	13	13	19	99.9939	
2890	津	13	13	192	99.9939	HSK7-9
2891	挠	13	13	58	99.9939	HSK7-9
2892	川	13	13	537	99.9939	HSK7-9
2893	魁	13	13	102	99.9940	HSK7-9
2894	涌	13	13	89	99.9940	HSK7-9
2895	迁	13	13	96	99.9940	HSK6
2896	窾	12	12	1	99.9940	
2897	囱	12	12	4	99.9940	HSK7-9
2898	吋	12	12	1	99.9940	
2899	扉	12	12	8	99.9940	
2900	珂	12	12	18	99.9941	
2901	眎	12	12	2	99.9941	
2902	玷	12	12	3	99.9941	
2903	阑	12	12	55	99.9941	
2904	瓁	12	12	1	99.9941	
2905	缲	12	12	1	99.9941	
2906	瞴	12	12	1	99.9941	
2907	眷	12	12	34	99.9942	
2908	拙	12	12	48	99.9942	HSK7-9
2909	煽	12	12	19	99.9942	HSK7-9
2910	矣	12	12	17	99.9942	HSK7-9
2911	拭	12	12	18	99.9942	
2912	恙	12	12	14	99.9942	
2913	僻	12	12	38	99.9942	HSK7-9
2914	氮	12	12	53	99.9942	
2915	羔	12	12	15	99.9943	
2916	锈	12	12	89	99.9943	HSK7-9
2917	缆	12	12	40	99.9943	HSK7-9
2918	黏	12	12	68	99.9943	HSK7-9
2919	卒	12	12	23	99.9943	HSK7-9
2920	琐	12	12	19	99.9943	
2921	藉	12	12	25	99.9943	
2922	锚	12	12	63	99.9943	
2923	拌	12	12	38	99.9944	HSK7-9
2924	衍	12	12	24	99.9944	HSK7-9
2925	撇	12	12	36	99.9944	HSK7-9
2926	嘟	12	9	75	99.9944	
2927	艳	12	12	154	99.9944	HSK5
2928	侯	12	12	176	99.9944	
2929	晴	12	12	90	99.9944	HSK2
2930	芳	12	12	225	99.9945	HSK7-9
2931	皊	11	11	1	99.9945	
2932	痹	11	11	13	99.9945	HSK7-9
2933	惰	11	11	16	99.9945	HSK7-9
2934	烩	11	11	11	99.9945	
2935	臔	11	11	1	99.9945	
2936	筷	11	11	14	99.9945	HSK2
2937	膥	11	11	1	99.9945	
2938	椰	11	11	40	99.9946	HSK7-9
2939	剁	11	11	4	99.9946	
2940	锦	11	11	136	99.9946	HSK7-9
2941	骰	11	11	16	99.9946	
2942	橇	11	11	27	99.9946	
2943	泛	11	11	91	99.9946	HSK5
2944	挟	11	11	18	99.9946	HSK7-9
2945	蔚	11	11	151	99.9946	
2946	纤	11	11	72	99.9946	HSK7-9
2947	橘	11	11	60	99.9947	HSK7-9
2948	炖	11	11	52	99.9947	HSK7-9
2949	勺	11	11	71	99.9947	HSK6
2950	溪	11	11	127	99.9947	HSK7-9
2951	栽	11	11	60	99.9947	HSK7-9
2952	嚎	11	11	48	99.9947	
2953	觅	11	11	26	99.9947	HSK7-9
2954	攀	11	11	97	99.9947	HSK7-9
2955	萧	11	11	140	99.9948	HSK7-9
2956	跋	11	11	49	99.9948	
2957	嬷	11	8	41	99.9948	
2958	阀	11	11	61	99.9948	HSK7-9
2959	旺	11	11	216	99.9948	HSK6
2960	殃	10	10	16	99.9948	HSK7-9
2961	匕	10	10	26	99.9948	
2962	睼	10	10	1	99.9948	
2963	椎	10	10	46	99.9948	
2964	胊	10	10	2	99.9949	
2965	贰	10	10	6	99.9949	
2966	愣	10	10	12	99.9949	HSK7-9
2967	袱	10	10	5	99.9949	HSK7-9
2968	絬	10	10	1	99.9949	
2969	踞	10	10	30	99.9949	
2970	腀	10	10	1	99.9949	
2971	繦	10	10	1	99.9949	
2972	玑	10	10	27	99.9949	
2973	佽	10	10	1	99.9950	
2974	鹦	10	10	9	99.9950	
2975	鹉	10	10	5	99.9950	
2976	瑈	10	10	2	99.9950	
2977	锣	10	10	76	99.9950	
2978	邋	10	10	6	99.9950	
2979	遢	10	10	7	99.9950	
2980	陨	10	10	11	99.9950	HSK7-9
2981	壤	10	10	27	99.9950	HSK7-9
2982	钦	10	10	99	99.9951	HSK7-9
2983	晾	10	10	15	99.9951	
2984	腺	10	10	56	99.9951	HSK7-9
2985	肛	10	10	34	99.9951	
2986	蔑	10	10	13	99.9951	HSK7-9
2987	宏	10	10	155	99.9951	HSK6
2988	匡	10	10	68	99.9951	
2989	甭	10	10	16	99.9951	
2990	皱	10	10	51	99.9951	HSK7-9
2991	舷	10	10	33	99.9952	
2992	矫	10	10	46	99.9952	HSK7-9
2993	萎	10	10	59	99.9952	HSK7-9
2994	辙	10	10	19	99.9952	HSK7-9
2995	孟	10	10	151	99.9952	
2996	茸	10	5	12	99.9952	
2997	奄	10	5	7	99.9952	
2998	焚	10	10	50	99.9952	HSK7-9
2999	窄	10	10	62	99.9952	HSK7-9
3000	坝	10	10	59	99.9953	HSK7-9
3001	砖	10	10	98	99.9953	HSK7-9
3002	缅	10	10	32	99.9953	HSK7-9
3003	冈	10	10	282	99.9953	HSK7-9
3004	笛	10	10	84	99.9953	HSK7-9
3005	嬉	10	10	19	99.9953	HSK7-9
3006	贞	10	10	163	99.9953	HSK7-9
3007	叠	10	10	104	99.9953	HSK7-9
3008	耿	10	5	52	99.9953	HSK7-9
3009	奻	9	9	1	99.9954	
3010	眏	9	9	1	99.9954	
3011	琢	9	9	19	99.9954	HSK7-9
3012	盉	9	9	1	99.9954	
3013	漩	9	9	3	99.9954	
3014	糒	9	9	1	99.9954	
3015	猵	9	9	1	99.9954	
3016	畍	9	9	1	99.9954	
3017	獽	9	9	1	99.9954	
3018	曙	9	9	3	99.9954	HSK7-9
3019	绸	9	9	30	99.9955	HSK7-9
3020	殆	9	9	7	99.9955	
3021	噗	9	9	15	99.9955	
3022	鲑	9	9	4	99.9955	
3023	繧	9	9	4	99.9955	
3024	蜗	9	9	26	99.9955	
3025	粜	9	9	1	99.9955	
3026	獹	9	9	1	99.9955	
3027	䉤	9	9	1	99.9955	
3028	秖	9	9	1	99.9955	
3029	禣	9	9	2	99.9956	
3030	纡	9	9	9	99.9956	
3031	筽	9	9	1	99.9956	
3032	菩	9	9	20	99.9956	HSK7-9
3033	魏	9	9	210	99.9956	
3034	畉	9	9	1	99.9956	
3035	硈	9	9	1	99.9956	
3036	瑜	9	9	24	99.9956	
3037	焉	9	9	42	99.9956	
3038	譬	9	9	6	99.9956	HSK7-9
3039	涕	9	9	17	99.9957	HSK7-9
3040	虱	9	9	21	99.9957	
3041	骷	9	9	7	99.9957	
3042	髅	9	9	6	99.9957	
3043	辽	9	9	58	99.9957	HSK7-9
3044	疙	9	9	11	99.9957	
3045	瘩	9	9	13	99.9957	
3046	凄	9	9	32	99.9957	HSK7-9
3047	瘸	9	9	10	99.9957	
3048	舟	9	9	99	99.9957	HSK7-9
3049	焕	9	9	61	99.9957	HSK7-9
3050	棚	9	9	91	99.9958	HSK7-9
3051	舵	9	9	50	99.9958	HSK7-9
3052	咽	9	9	66	99.9958	HSK7-9
3053	腻	9	9	64	99.9958	HSK7-9
3054	芽	9	9	78	99.9958	HSK7-9
3055	盆	9	9	149	99.9958	HSK5
3056	綼	8	8	1	99.9958	
3057	驭	8	8	8	99.9958	HSK7-9
3058	忒	8	8	21	99.9958	
3059	楣	8	8	11	99.9958	
3060	喱	8	8	14	99.9959	
3061	猔	8	8	1	99.9959	
3062	蹊	8	8	10	99.9959	
3063	跷	8	8	26	99.9959	
3064	罺	8	8	1	99.9959	
3065	霹	8	8	20	99.9959	
3066	雳	8	8	14	99.9959	
3067	玒	8	8	16	99.9959	
3068	咁	8	8	1	99.9959	
3069	峈	8	8	1	99.9959	
3070	篊	8	8	1	99.9959	
3071	玱	8	8	1	99.9959	
3072	嗒	8	8	16	99.9960	
3073	揽	8	8	53	99.9960	HSK7-9
3074	荧	8	8	13	99.9960	HSK7-9
3075	邂	8	8	5	99.9960	
3076	逅	8	8	2	99.9960	
3077	函	8	8	64	99.9960	HSK7-9
3078	珇	8	8	1	99.9960	
3079	箫	8	8	14	99.9960	
3080	娥	8	8	56	99.9960	HSK7-9
3081	痜	8	8	1	99.9960	
3082	硑	8	8	1	99.9960	
3083	眤	8	8	1	99.9961	
3084	昵	8	8	28	99.9961	
3085	蚤	8	8	20	99.9961	
3086	侥	8	8	17	99.9961	
3087	洽	8	8	28	99.9961	HSK7-9
3088	谤	8	8	27	99.9961	HSK7-9
3089	阉	8	8	19	99.9961	
3090	篓	8	8	71	99.9961	
3091	磕	8	8	42	99.9961	HSK7-9
3092	辫	8	8	27	99.9961	HSK7-9
3093	瑕	8	8	12	99.9961	
3094	瘪	8	8	23	99.9962	
3095	敷	8	8	55	99.9962	HSK7-9
3096	韵	8	8	72	99.9962	HSK7-9
3097	掺	8	8	28	99.9962	HSK7-9
3098	陀	8	8	99	99.9962	
3099	澈	8	8	24	99.9962	
3100	饲	8	8	25	99.9962	HSK7-9
3101	撬	8	8	33	99.9962	HSK7-9
3102	睿	8	8	45	99.9962	
3103	醺	8	4	5	99.9962	
3104	噜	8	8	38	99.9962	
3105	闸	8	8	50	99.9962	HSK7-9
3106	咚	8	6	31	99.9963	
3107	碳	8	8	74	99.9963	HSK7-9
3108	竹	8	8	196	99.9963	HSK5
3109	颂	8	8	91	99.9963	HSK7-9
3110	啼	8	4	52	99.9963	
3111	俯	8	8	43	99.9963	HSK7-9
3112	懈	8	8	18	99.9963	HSK7-9
3113	瘆	7	7	1	99.9963	
3114	腞	7	7	3	99.9963	
3115	憧	7	7	5	99.9963	
3116	憬	7	7	5	99.9963	
3117	汜	7	7	41	99.9963	
3118	眶	7	7	29	99.9964	
3119	淮	7	7	71	99.9964	
3120	痞	7	7	29	99.9964	
3121	憩	7	7	122	99.9964	
3122	痁	7	7	1	99.9964	
3123	町	7	7	44	99.9964	
3124	篱	7	7	37	99.9964	
3125	扼	7	7	23	99.9964	
3126	癶	7	7	1	99.9964	
3127	腌	7	7	23	99.9964	
3128	奀	7	7	1	99.9964	
3129	珿	7	7	1	99.9964	
3130	砑	7	7	1	99.9964	
3131	簘	7	7	2	99.9965	
3132	谛	7	7	18	99.9965	
3133	祘	7	7	1	99.9965	
3134	诽	7	7	14	99.9965	HSK7-9
3135	藐	7	7	7	99.9965	
3136	捎	7	7	9	99.9965	HSK7-9
3137	莅	7	7	3	99.9965	
3138	砃	7	7	1	99.9965	
3139	禬	7	7	4	99.9965	
3140	倘	7	7	20	99.9965	HSK7-9
3141	夔	7	7	7	99.9965	
3142	彭	7	7	130	99.9965	
3143	発	7	7	1	99.9965	
3144	鸥	7	7	20	99.9966	
3145	殡	7	7	14	99.9966	
3146	羛	7	7	1	99.9966	
3147	硉	7	7	1	99.9966	
3148	叼	7	7	1	99.9966	HSK7-9
3149	睇	7	7	11	99.9966	
3150	筝	7	7	4	99.9966	HSK7-9
3151	肘	7	7	52	99.9966	
3152	毅	7	7	56	99.9966	HSK7-9
3153	耙	7	7	11	99.9966	
3154	疵	7	7	7	99.9966	
3155	迄	7	7	5	99.9966	HSK7-9
3156	拴	7	7	13	99.9966	HSK7-9
3157	亭	7	7	95	99.9967	HSK7-9
3158	框	7	7	106	99.9967	HSK7-9
3159	菠	7	7	34	99.9967	
3160	妃	7	7	74	99.9967	
3161	盈	7	7	59	99.9967	HSK7-9
3162	啸	7	7	33	99.9967	HSK7-9
3163	豁	7	7	24	99.9967	HSK7-9
3164	刁	7	7	56	99.9967	HSK7-9
3165	孝	7	7	168	99.9967	HSK7-9
3166	咻	7	7	30	99.9967	
3167	赃	7	7	65	99.9967	HSK7-9
3168	厮	7	7	18	99.9967	
3169	媚	7	7	107	99.9967	HSK7-9
3170	靓	7	7	114	99.9968	
3171	嗝	7	7	18	99.9968	
3172	钳	7	7	80	99.9968	HSK7-9
3173	唆	7	7	15	99.9968	
3174	稻	7	7	63	99.9968	HSK7-9
3175	屑	7	7	53	99.9968	HSK7-9
3176	膜	7	7	85	99.9968	HSK6
3177	隙	7	7	59	99.9968	HSK7-9
3178	溢	7	7	52	99.9968	HSK7-9
3179	髓	7	7	26	99.9968	HSK7-9
3180	醇	7	7	84	99.9968	HSK7-9
3181	魄	7	7	53	99.9968	HSK7-9
3182	秤	6	6	36	99.9968	HSK7-9
3183	礹	6	6	1	99.9969	
3184	獀	6	6	1	99.9969	
3185	帚	6	6	7	99.9969	
3186	赽	6	6	1	99.9969	
3187	碉	6	6	5	99.9969	
3188	嘣	6	6	2	99.9969	
3189	蹩	6	6	5	99.9969	
3190	拣	6	6	21	99.9969	HSK7-9
3191	骡	6	6	15	99.9969	
3192	羪	6	6	1	99.9969	
3193	纥	6	6	23	99.9969	
3194	穨	6	6	1	99.9969	
3195	痫	6	6	7	99.9969	
3196	龌	6	6	4	99.9969	
3197	龊	6	6	5	99.9969	
3198	汝	6	6	168	99.9970	
3199	甧	6	6	1	99.9970	
3200	刽	6	6	2	99.9970	
3201	浣	6	6	2	99.9970	
3202	珃	6	6	1	99.9970	
3203	禫	6	6	1	99.9970	
3204	皘	6	6	1	99.9970	
3205	沧	6	6	55	99.9970	HSK7-9
3206	瓆	6	6	2	99.9970	
3207	枷	6	6	6	99.9970	
3208	耞	6	6	2	99.9970	
3209	梗	6	6	84	99.9970	
3210	狈	6	6	17	99.9970	HSK7-9
3211	臮	6	6	1	99.9970	
3212	搓	6	6	17	99.9970	HSK7-9
3213	骼	6	6	10	99.9971	
3214	钵	6	6	34	99.9971	
3215	簸	6	6	6	99.9971	
3216	滤	6	6	46	99.9971	HSK7-9
3217	搐	6	6	16	99.9971	
3218	贬	6	6	43	99.9971	HSK7-9
3219	啄	6	6	17	99.9971	
3220	烙	6	6	28	99.9971	
3221	萤	6	6	31	99.9971	
3222	壕	6	6	15	99.9971	
3223	瑚	6	6	16	99.9971	
3224	昼	6	6	46	99.9971	HSK7-9
3225	涅	6	6	187	99.9971	
3226	勘	6	6	65	99.9971	HSK7-9
3227	锡	6	6	271	99.9971	HSK7-9
3228	怯	6	6	46	99.9972	HSK7-9
3229	霜	6	6	115	99.9972	HSK7-9
3230	昭	6	6	92	99.9972	
3231	靶	6	6	36	99.9972	HSK7-9
3232	拓	6	6	92	99.9972	HSK7-9
3233	涵	6	6	28	99.9972	HSK7-9
3234	攒	6	6	35	99.9972	HSK7-9
3235	猥	6	6	13	99.9972	
3236	汪	6	5	75	99.9972	HSK7-9
3237	瓷	6	6	87	99.9972	HSK7-9
3238	斐	6	6	107	99.9972	
3239	褪	6	6	18	99.9972	
3240	睦	6	6	36	99.9972	HSK7-9
3241	嘻	6	5	38	99.9972	
3242	桨	6	6	59	99.9972	HSK7-9
3243	惦	6	6	11	99.9972	HSK7-9
3244	酿	6	6	78	99.9973	HSK7-9
3245	溶	6	6	74	99.9973	HSK7-9
3246	嘎	6	5	82	99.9973	
3247	鼎	6	3	59	99.9973	HSK7-9
3248	耕	6	6	102	99.9973	HSK7-9
3249	梨	6	6	116	99.9973	HSK5
3250	唾	6	6	17	99.9973	HSK7-9
3251	燕	6	6	171	99.9973	HSK7-9
3252	岔	6	6	33	99.9973	HSK7-9
3253	嗡	6	3	13	99.9973	
3254	烘	6	5	31	99.9973	HSK7-9
3255	碿	5	5	1	99.9973	
3256	狶	5	5	1	99.9973	
3257	趋	5	5	49	99.9973	HSK4
3258	憔	5	5	3	99.9973	
3259	悴	5	5	6	99.9973	
3260	簈	5	5	1	99.9974	
3261	弘	5	5	119	99.9974	HSK7-9
3262	畸	5	5	18	99.9974	HSK7-9
3263	甮	5	5	1	99.9974	
3264	砫	5	5	1	99.9974	
3265	毞	5	5	1	99.9974	
3266	柿	5	5	13	99.9974	HSK5
3267	岈	5	5	1	99.9974	
3268	斌	5	5	57	99.9974	
3269	堤	5	5	170	99.9974	HSK7-9
3270	禜	5	5	1	99.9974	
3271	沌	5	5	5	99.9974	
3272	豌	5	5	24	99.9974	
3273	癚	5	5	1	99.9974	
3274	繺	5	5	1	99.9974	
3275	嗬	5	5	1	99.9974	
3276	呎	5	5	1	99.9974	
3277	箉	5	5	1	99.9974	
3278	翱	5	5	3	99.9975	
3279	廓	5	5	20	99.9975	HSK7-9
3280	僊	5	5	1	99.9975	
3281	窱	5	5	1	99.9975	
3282	镍	5	5	8	99.9975	
3283	馋	5	5	17	99.9975	HSK7-9
3284	栈	5	5	25	99.9975	
3285	癠	5	5	1	99.9975	
3286	缇	5	5	4	99.9975	
3287	猳	5	5	1	99.9975	
3288	艶	5	5	1	99.9975	
3289	蛎	5	5	7	99.9975	
3290	芠	5	5	1	99.9975	
3291	浏	5	5	8	99.9975	HSK7-9
3292	峻	5	5	28	99.9975	HSK7-9
3293	冇	5	5	1	99.9975	
3294	滇	5	5	12	99.9975	
3295	筐	5	5	24	99.9975	HSK7-9
3296	蹂	5	5	5	99.9976	
3297	躏	5	5	2	99.9976	
3298	砞	5	5	2	99.9976	
3299	籐	5	5	1	99.9976	
3300	続	5	5	6	99.9976	
3301	瞦	5	5	1	99.9976	
3302	谚	5	5	8	99.9976	
3303	崛	5	5	13	99.9976	HSK7-9
3304	秸	5	5	36	99.9976	
3305	杏	5	5	89	99.9976	
3306	瑿	5	5	1	99.9976	
3307	眕	5	5	2	99.9976	
3308	乙	5	5	102	99.9976	HSK5
3309	泵	5	5	85	99.9976	
3310	吝	5	5	16	99.9976	
3311	啬	5	5	5	99.9976	
3312	滨	5	5	83	99.9976	HSK7-9
3313	栓	5	5	90	99.9976	HSK7-9
3314	缴	5	5	75	99.9977	HSK7-9
3315	绣	5	5	48	99.9977	HSK7-9
3316	挛	5	5	24	99.9977	
3317	缕	5	5	29	99.9977	HSK7-9
3318	寇	5	5	229	99.9977	
3319	侬	5	5	43	99.9977	
3320	娼	5	5	31	99.9977	
3321	稼	5	5	18	99.9977	HSK7-9
3322	僧	5	5	93	99.9977	HSK7-9
3323	鞍	5	5	40	99.9977	
3324	榨	5	5	46	99.9977	HSK7-9
3325	湮	5	5	59	99.9977	
3326	裘	5	5	85	99.9977	
3327	撂	5	5	7	99.9977	
3328	闺	5	5	40	99.9977	HSK7-9
3329	坊	5	5	61	99.9977	
3330	浦	5	5	240	99.9977	
3331	诵	5	5	40	99.9977	HSK7-9
3332	渠	5	5	40	99.9978	HSK6
3333	嚏	5	5	10	99.9978	
3334	倔	5	5	16	99.9978	HSK7-9
3335	吮	5	5	11	99.9978	
3336	柬	5	5	15	99.9978	HSK7-9
3337	岭	5	5	119	99.9978	HSK7-9
3338	咀	5	5	27	99.9978	
3339	窜	5	5	30	99.9978	HSK7-9
3340	旷	5	5	30	99.9978	HSK7-9
3341	瞳	5	5	63	99.9978	
3342	馒	5	5	23	99.9978	HSK6
3343	帖	5	5	69	99.9978	HSK7-9
3344	碾	5	5	26	99.9978	
3345	凿	5	5	44	99.9978	HSK7-9
3346	蛊	5	5	13	99.9978	
3347	煞	5	5	69	99.9978	
3348	刃	5	5	69	99.9978	
3349	栗	5	5	57	99.9978	
3350	疹	5	5	42	99.9978	
3351	猿	5	5	54	99.9979	
3352	跛	5	5	10	99.9979	
3353	熔	5	5	54	99.9979	
3354	喧	5	5	31	99.9979	HSK7-9
3355	翠	5	5	280	99.9979	HSK7-9
3356	骇	5	5	37	99.9979	HSK7-9
3357	卵	5	5	102	99.9979	HSK7-9
3358	擒	5	5	37	99.9979	
3359	颖	5	5	50	99.9979	HSK7-9
3360	俏	5	5	44	99.9979	HSK7-9
3361	滞	5	5	38	99.9979	HSK7-9
3362	禀	5	5	25	99.9979	
3363	叽	5	3	49	99.9979	
3364	魇	4	4	9	99.9979	
3365	竜	4	4	1	99.9979	
3366	痣	4	4	16	99.9979	
3367	欴	4	4	1	99.9979	
3368	罙	4	4	2	99.9979	
3369	瞏	4	4	1	99.9979	
3370	硐	4	4	1	99.9980	
3371	惬	4	4	2	99.9980	
3372	宛	4	4	32	99.9980	
3373	唏	4	4	6	99.9980	
3374	籖	4	4	1	99.9980	
3375	裴	4	4	91	99.9980	
3376	縀	4	4	1	99.9980	
3377	徐	4	4	179	99.9980	HSK7-9
3378	簧	4	4	29	99.9980	
3379	琎	4	4	1	99.9980	
3380	粂	4	4	1	99.9980	
3381	馊	4	4	6	99.9980	
3382	幌	4	4	8	99.9980	
3383	縒	4	4	2	99.9980	
3384	癵	4	4	1	99.9980	
3385	砯	4	4	1	99.9980	
3386	枭	4	4	7	99.9980	
3387	赘	4	4	17	99.9980	
3388	篝	4	4	1	99.9980	
3389	腇	4	4	1	99.9980	
3390	佢	4	4	1	99.9980	
3391	惘	4	4	10	99.9980	
3392	氟	4	4	42	99.9980	
3393	吠	4	4	16	99.9981	
3394	阪	4	4	80	99.9981	
3395	竡	4	4	1	99.9981	
3396	毖	4	4	4	99.9981	
3397	嘭	4	4	1	99.9981	
3398	珲	4	4	18	99.9981	
3399	璚	4	4	1	99.9981	
3400	裳	4	4	14	99.9981	
3401	笴	4	4	1	99.9981	
3402	苤	4	4	4	99.9981	
3403	盎	4	4	34	99.9981	
3404	巅	4	4	15	99.9981	HSK7-9
3405	褫	4	4	23	99.9981	
3406	琏	4	4	17	99.9981	
3407	眒	4	4	1	99.9981	
3408	崋	4	4	1	99.9981	
3409	琜	4	4	1	99.9981	
3410	簎	4	4	1	99.9981	
3411	蝎	4	4	28	99.9981	
3412	铛	4	4	10	99.9981	
3413	饺	4	4	18	99.9981	HSK2
3414	裆	4	4	15	99.9981	
3415	猧	4	4	1	99.9981	
3416	絏	4	4	1	99.9982	
3417	冕	4	4	29	99.9982	
3418	礶	4	4	1	99.9982	
3419	朦	4	4	16	99.9982	HSK7-9
3420	胧	4	4	12	99.9982	HSK7-9
3421	瑀	4	4	1	99.9982	
3422	玥	4	4	8	99.9982	
3423	芜	4	4	16	99.9982	
3424	圭	4	4	208	99.9982	
3425	诠	4	4	4	99.9982	
3426	攫	4	4	26	99.9982	
3427	肞	4	4	1	99.9982	
3428	竲	4	4	1	99.9982	
3429	彗	4	4	26	99.9982	
3430	桂	4	4	155	99.9982	HSK7-9
3431	舆	4	4	37	99.9982	HSK7-9
3432	猡	4	4	7	99.9982	
3433	玺	4	4	39	99.9982	
3434	臊	4	4	9	99.9982	HSK7-9
3435	蔡	4	4	92	99.9982	
3436	笿	4	4	1	99.9982	
3437	珩	4	4	23	99.9982	
3438	搽	4	4	3	99.9983	
3439	诫	4	4	20	99.9983	HSK7-9
3440	濒	4	4	18	99.9983	
3441	葵	4	4	77	99.9983	
3442	掂	4	4	8	99.9983	
3443	怂	4	4	12	99.9983	
3444	遏	4	4	49	99.9983	HSK7-9
3445	霆	4	4	21	99.9983	
3446	晦	4	4	20	99.9983	
3447	寝	4	4	51	99.9983	HSK7-9
3448	硕	4	4	81	99.9983	HSK5
3449	梵	4	4	51	99.9983	
3450	懊	4	4	10	99.9983	
3451	笋	4	4	59	99.9983	
3452	溯	4	4	21	99.9983	HSK7-9
3453	熨	4	4	27	99.9983	
3454	咎	4	4	25	99.9983	
3455	亩	4	4	43	99.9983	HSK7-9
3456	揣	4	4	33	99.9983	HSK7-9
3457	冥	4	4	51	99.9983	
3458	捂	4	4	16	99.9983	HSK7-9
3459	柳	4	4	250	99.9983	HSK7-9
3460	蠕	4	4	18	99.9983	
3461	诬	4	4	16	99.9984	
3462	镳	4	4	9	99.9984	
3463	卿	4	4	111	99.9984	
3464	芦	4	4	50	99.9984	HSK7-9
3465	萦	4	4	18	99.9984	
3466	缀	4	4	28	99.9984	HSK7-9
3467	寨	4	4	37	99.9984	HSK7-9
3468	夭	4	2	27	99.9984	
3469	姥	4	2	9	99.9984	HSK7-9
3470	瘀	4	4	10	99.9984	
3471	殉	4	4	25	99.9984	
3472	彷	4	4	13	99.9984	
3473	邸	4	4	17	99.9984	
3474	羁	4	4	17	99.9984	
3475	岌	4	2	15	99.9984	
3476	榈	4	4	9	99.9984	
3477	栖	4	4	69	99.9984	HSK7-9
3478	遛	4	4	9	99.9984	HSK7-9
3479	缪	4	4	92	99.9984	
3480	嫖	4	4	24	99.9984	
3481	睫	4	4	40	99.9984	
3482	拢	4	4	44	99.9984	HSK7-9
3483	绒	4	4	78	99.9984	HSK5
3484	啧	4	3	18	99.9985	
3485	阐	4	4	26	99.9985	HSK7-9
3486	馈	4	4	19	99.9985	HSK7-9
3487	乒	4	4	19	99.9985	HSK7-9
3488	乓	4	4	20	99.9985	HSK7-9
3489	唧	4	2	20	99.9985	
3490	吱	4	3	27	99.9985	
3491	玲	4	3	233	99.9985	
3492	荆	3	3	30	99.9985	HSK7-9
3493	祀	3	3	13	99.9985	HSK7-9
3494	胔	3	3	1	99.9985	
3495	祅	3	3	1	99.9985	
3496	釜	3	3	7	99.9985	
3497	阎	3	3	20	99.9985	HSK7-9
3498	籇	3	3	1	99.9985	
3499	舦	3	3	1	99.9985	
3500	缄	3	3	8	99.9985	
3501	孵	3	3	23	99.9985	HSK7-9
3502	纞	3	3	1	99.9985	
3503	瑍	3	3	1	99.9985	
3504	馁	3	3	4	99.9985	HSK7-9
3505	甅	3	3	1	99.9985	
3506	艹	3	3	1	99.9985	
3507	尹	3	3	146	99.9985	
3508	炬	3	3	13	99.9985	HSK7-9
3509	喏	3	3	4	99.9985	
3510	坴	3	3	1	99.9985	
3511	硓	3	3	1	99.9985	
3512	脯	3	3	23	99.9986	
3513	蟋	3	3	6	99.9986	
3514	蟀	3	3	13	99.9986	
3515	筛	3	3	22	99.9986	HSK7-9
3516	恿	3	3	8	99.9986	
3517	砲	3	3	1	99.9986	
3518	竧	3	3	1	99.9986	
3519	赡	3	3	7	99.9986	HSK7-9
3520	锢	3	3	3	99.9986	
3521	琘	3	3	1	99.9986	
3522	瞌	3	3	9	99.9986	
3523	潢	3	3	4	99.9986	
3524	颓	3	3	63	99.9986	HSK7-9
3525	擂	3	3	27	99.9986	
3526	睬	3	3	16	99.9986	HSK7-9
3527	砌	3	3	16	99.9986	HSK7-9
3528	甉	3	3	1	99.9986	
3529	砏	3	3	1	99.9986	
3530	羲	3	3	52	99.9986	
3531	羚	3	3	33	99.9986	
3532	炊	3	3	48	99.9986	HSK7-9
3533	耋	3	3	82	99.9986	
3534	敛	3	3	14	99.9986	HSK7-9
3535	撸	3	3	1	99.9986	
3536	罖	3	3	1	99.9986	
3537	佰	3	3	80	99.9986	
3538	酕	3	3	1	99.9986	
3539	苌	3	3	35	99.9986	
3540	泌	3	3	40	99.9986	HSK7-9
3541	畒	3	3	1	99.9986	
3542	辍	3	3	8	99.9987	
3543	粇	3	3	1	99.9987	
3544	沛	3	3	58	99.9987	HSK7-9
3545	哋	3	3	1	99.9987	
3546	敖	3	3	44	99.9987	
3547	檐	3	3	18	99.9987	
3548	曰	3	3	7	99.9987	HSK7-9
3549	吕	3	3	162	99.9987	
3550	毋	3	3	19	99.9987	
3551	玙	3	3	6	99.9987	
3552	嘅	3	3	1	99.9987	
3553	珋	3	3	1	99.9987	
3554	酝	3	3	6	99.9987	HSK7-9
3555	眭	3	3	70	99.9987	
3556	玭	3	3	15	99.9987	
3557	絤	3	3	1	99.9987	
3558	凹	3	3	37	99.9987	HSK7-9
3559	峙	3	3	7	99.9987	HSK7-9
3560	诋	3	3	3	99.9987	
3561	滓	3	3	3	99.9987	
3562	呣	3	3	1	99.9987	
3563	镶	3	3	45	99.9987	HSK7-9
3564	粿	3	3	1	99.9987	
3565	锭	3	3	28	99.9987	
3566	覂	3	3	1	99.9987	
3567	绎	3	3	9	99.9987	HSK7-9
3568	甶	3	3	1	99.9987	
3569	驮	3	3	10	99.9987	HSK7-9
3570	脄	3	3	1	99.9987	
3571	腨	3	3	1	99.9987	
3572	诲	3	3	9	99.9988	
3573	铸	3	3	52	99.9988	HSK7-9
3574	犁	3	3	56	99.9988	
3575	暧	3	3	19	99.9988	
3576	圳	3	3	9	99.9988	
3577	葫	3	3	15	99.9988	
3578	嘢	3	3	4	99.9988	
3579	巩	3	3	18	99.9988	HSK6
3580	紊	3	3	8	99.9988	HSK7-9
3581	砋	3	3	1	99.9988	
3582	摁	3	3	1	99.9988	
3583	羭	3	3	1	99.9988	
3584	郭	3	3	137	99.9988	
3585	涸	3	3	3	99.9988	
3586	绲	3	3	1	99.9988	
3587	匣	3	3	26	99.9988	
3588	暇	3	3	19	99.9988	
3589	札	3	3	81	99.9988	
3590	谭	3	3	103	99.9988	
3591	旱	3	3	72	99.9988	HSK7-9
3592	撰	3	3	25	99.9988	HSK7-9
3593	雌	3	3	73	99.9988	
3594	鸿	3	3	72	99.9988	
3595	蛆	3	3	9	99.9988	
3596	掳	3	3	14	99.9988	
3597	肇	3	3	23	99.9988	HSK7-9
3598	疮	3	3	44	99.9988	
3599	脐	3	3	16	99.9988	
3600	彰	3	3	35	99.9988	HSK7-9
3601	骋	3	3	15	99.9988	
3602	鹤	3	3	150	99.9988	HSK7-9
3603	屡	3	3	42	99.9989	HSK7-9
3604	绯	3	3	18	99.9989	HSK7-9
3605	篡	3	3	12	99.9989	
3606	炙	3	3	14	99.9989	
3607	嘀	3	3	18	99.9989	
3608	薰	3	3	20	99.9989	
3609	攸	3	3	12	99.9989	
3610	撮	3	3	10	99.9989	
3611	嗣	3	3	71	99.9989	
3612	硫	3	3	46	99.9989	
3613	哆	3	3	10	99.9989	HSK7-9
3614	獗	3	3	23	99.9989	
3615	迭	3	3	53	99.9989	HSK7-9
3616	苔	3	3	38	99.9989	
3617	诧	3	3	38	99.9989	HSK7-9
3618	炭	3	3	82	99.9989	HSK7-9
3619	灼	3	3	31	99.9989	HSK7-9
3620	渍	3	3	40	99.9989	
3621	霄	3	3	22	99.9989	
3622	萌	3	3	122	99.9989	HSK7-9
3623	纬	3	3	99	99.9989	HSK7-9
3624	茬	3	3	15	99.9989	
3625	碴	3	3	10	99.9989	
3626	娇	3	3	146	99.9989	HSK7-9
3627	泻	3	3	54	99.9989	HSK7-9
3628	畔	3	3	23	99.9989	HSK7-9
3629	惶	3	2	26	99.9989	
3630	礁	3	3	44	99.9989	HSK7-9
3631	翩	3	2	44	99.9989	
3632	眈	3	2	20	99.9989	
3633	呱	3	2	19	99.9990	
3634	喳	3	2	30	99.9990	
3635	缔	3	3	30	99.9990	HSK7-9
3636	胚	3	3	17	99.9990	HSK7-9
3637	痘	3	2	15	99.9990	
3638	峨	2	2	46	99.9990	
3639	遂	2	2	18	99.9990	HSK7-9
3640	屹	2	2	11	99.9990	HSK7-9
3641	氪	2	2	1	99.9990	
3642	捶	2	2	14	99.9990	HSK7-9
3643	睐	2	2	7	99.9990	
3644	臩	2	2	1	99.9990	
3645	惋	2	2	5	99.9990	HSK7-9
3646	鸳	2	2	20	99.9990	
3647	鸯	2	2	18	99.9990	
3648	汹	2	2	14	99.9990	HSK7-9
3649	蕃	2	2	15	99.9990	
3650	弛	2	2	18	99.9990	HSK7-9
3651	鳗	2	2	19	99.9990	
3652	沽	2	2	47	99.9990	HSK7-9
3653	赝	2	2	6	99.9990	
3654	眃	2	2	1	99.9990	
3655	禥	2	2	4	99.9990	
3656	掸	2	2	16	99.9990	
3657	妾	2	2	25	99.9990	
3658	萸	2	2	40	99.9990	
3659	孞	2	2	1	99.9990	
3660	缃	2	2	1	99.9990	
3661	筂	2	2	1	99.9990	
3662	疱	2	2	10	99.9990	
3663	纒	2	2	1	99.9990	
3664	篈	2	2	1	99.9990	
3665	砩	2	2	1	99.9990	
3666	甫	2	2	65	99.9990	
3667	徙	2	2	15	99.9990	
3668	绉	2	2	14	99.9990	
3669	蒋	2	2	58	99.9990	
3670	剐	2	2	6	99.9990	
3671	絚	2	2	1	99.9990	
3672	磷	2	2	37	99.9990	
3673	搔	2	2	12	99.9990	
3674	睪	2	2	1	99.9990	
3675	耑	2	2	1	99.9990	
3676	扪	2	2	8	99.9991	
3677	薛	2	2	123	99.9991	
3678	叁	2	2	64	99.9991	
3679	狾	2	2	1	99.9991	
3680	衙	2	2	24	99.9991	
3681	皗	2	2	1	99.9991	
3682	蜻	2	2	8	99.9991	
3683	蜓	2	2	8	99.9991	
3684	揩	2	2	7	99.9991	
3685	倪	2	2	53	99.9991	
3686	缙	2	2	34	99.9991	
3687	痔	2	2	8	99.9991	
3688	杭	2	2	66	99.9991	
3689	碝	2	2	1	99.9991	
3690	咔	2	2	25	99.9991	
3691	煲	2	2	36	99.9991	HSK7-9
3692	抨	2	2	3	99.9991	HSK7-9
3693	粽	2	2	7	99.9991	HSK7-9
3694	踌	2	2	10	99.9991	
3695	赻	2	2	1	99.9991	
3696	垀	2	2	1	99.9991	
3697	埔	2	2	18	99.9991	
3698	蘸	2	2	2	99.9991	HSK7-9
3699	矢	2	2	96	99.9991	HSK7-9
3700	俐	2	2	22	99.9991	
3701	嚯	2	2	1	99.9991	
3702	婉	2	2	75	99.9991	HSK7-9
3703	憨	2	2	21	99.9991	
3704	讬	2	2	1	99.9991	
3705	翡	2	2	12	99.9991	
3706	皌	2	2	1	99.9991	
3707	篴	2	2	1	99.9991	
3708	哉	2	2	55	99.9991	
3709	垢	2	2	24	99.9991	
3710	泞	2	2	9	99.9991	
3711	冢	2	2	58	99.9991	
3712	笢	2	2	1	99.9991	
3713	茧	2	2	31	99.9991	
3714	纫	2	2	6	99.9991	
3715	羬	2	2	1	99.9991	
3716	啵	2	2	1	99.9991	
3717	绮	2	2	43	99.9991	
3718	瞰	2	2	5	99.9991	
3719	夯	2	2	30	99.9991	
3720	咫	2	2	9	99.9991	
3721	蜚	2	2	9	99.9991	
3722	簙	2	2	1	99.9992	
3723	臫	2	2	1	99.9992	
3724	磺	2	2	18	99.9992	
3725	蓟	2	2	25	99.9992	
3726	湛	2	2	42	99.9992	
3727	籹	2	2	1	99.9992	
3728	盋	2	2	1	99.9992	
3729	辟	2	2	43	99.9992	HSK7-9
3730	瞩	2	2	29	99.9992	HSK7-9
3731	坍	2	2	10	99.9992	
3732	甊	2	2	1	99.9992	
3733	犸	2	2	56	99.9992	
3734	淏	2	2	1	99.9992	
3735	韧	2	2	44	99.9992	HSK7-9
3736	噶	2	2	53	99.9992	
3737	掣	2	2	14	99.9992	
3738	萃	2	2	23	99.9992	
3739	倡	2	2	16	99.9992	HSK5
3740	眺	2	2	8	99.9992	
3741	杵	2	2	9	99.9992	
3742	鳟	2	2	9	99.9992	
3743	抠	2	2	13	99.9992	HSK7-9
3744	箨	2	2	1	99.9992	
3745	隘	2	2	10	99.9992	HSK7-9
3746	飚	2	2	6	99.9992	
3747	坷	2	2	11	99.9992	
3748	绫	2	2	42	99.9992	
3749	赁	2	2	7	99.9992	HSK7-9
3750	玦	2	2	1	99.9992	
3751	痲	2	2	2	99.9992	
3752	瞭	2	2	10	99.9992	
3753	羙	2	2	1	99.9992	
3754	秏	2	2	1	99.9992	
3755	撩	2	2	28	99.9992	
3756	筏	2	2	33	99.9992	
3757	鳕	2	2	7	99.9992	
3758	橾	2	2	1	99.9992	
3759	蚬	2	2	5	99.9992	
3760	哺	2	2	16	99.9992	HSK7-9
3761	铝	2	2	56	99.9992	HSK7-9
3762	鼾	2	2	11	99.9992	
3763	亢	2	2	26	99.9992	
3764	咗	2	2	1	99.9992	
3765	汐	2	2	33	99.9992	
3766	孀	2	2	5	99.9992	
3767	侚	2	2	1	99.9993	
3768	気	2	2	1	99.9993	
3769	嬴	2	2	22	99.9993	
3770	斋	2	2	91	99.9993	
3771	祏	2	2	1	99.9993	
3772	竤	2	2	2	99.9993	
3773	鼹	2	2	10	99.9993	
3774	瞓	2	2	2	99.9993	
3775	玄	2	2	144	99.9993	HSK7-9
3776	麋	2	2	4	99.9993	
3777	恍	2	2	26	99.9993	HSK7-9
3778	惚	2	2	8	99.9993	
3779	褓	2	2	53	99.9993	
3780	徨	2	2	21	99.9993	
3781	蔷	2	2	13	99.9993	
3782	楞	2	2	12	99.9993	
3783	臸	2	2	1	99.9993	
3784	稬	2	2	1	99.9993	
3785	陑	2	2	3	99.9993	
3786	囧	2	2	1	99.9993	
3787	蹬	2	2	13	99.9993	HSK7-9
3788	掴	2	2	2	99.9993	
3789	汲	2	2	12	99.9993	
3790	胱	2	2	5	99.9993	
3791	莺	2	2	36	99.9993	
3792	鲱	2	2	2	99.9993	
3793	猠	2	2	1	99.9993	
3794	乜	2	2	25	99.9993	
3795	臼	2	2	11	99.9993	
3796	蹿	2	2	8	99.9993	
3797	匀	2	2	36	99.9993	HSK7-9
3798	偎	2	2	9	99.9993	
3799	隅	2	2	33	99.9993	
3800	绬	2	2	1	99.9993	
3801	礟	2	2	1	99.9993	
3802	炽	2	2	21	99.9993	
3803	觊	2	2	8	99.9993	
3804	觎	2	2	3	99.9993	
3805	灸	2	2	14	99.9993	HSK7-9
3806	妲	2	2	89	99.9993	
3807	垄	2	2	21	99.9993	HSK7-9
3808	蚝	2	2	4	99.9993	
3809	屄	2	2	4	99.9993	
3810	碱	2	2	45	99.9993	
3811	仨	2	2	7	99.9993	
3812	暮	2	2	59	99.9993	HSK7-9
3813	芔	2	2	1	99.9994	
3814	蚚	2	2	1	99.9994	
3815	胰	2	2	9	99.9994	
3816	剽	2	2	5	99.9994	
3817	秅	2	2	1	99.9994	
3818	泭	2	2	1	99.9994	
3819	盥	2	2	4	99.9994	
3820	璀	2	2	5	99.9994	
3821	璨	2	2	9	99.9994	
3822	畴	2	2	14	99.9994	HSK7-9
3823	穖	2	2	1	99.9994	
3824	抡	2	2	1	99.9994	HSK7-9
3825	郅	2	2	5	99.9994	
3826	嘈	2	2	25	99.9994	
3827	惺	2	1	12	99.9994	
3828	酥	2	2	27	99.9994	HSK7-9
3829	凋	2	2	14	99.9994	
3830	滔	2	1	55	99.9994	HSK7-9
3831	蛾	2	2	22	99.9994	
3832	吭	2	2	20	99.9994	HSK7-9
3833	喀	2	2	94	99.9994	
3834	藩	2	2	68	99.9994	
3835	癞	2	2	25	99.9994	
3836	蝗	2	2	31	99.9994	
3837	狒	2	1	2	99.9994	
3838	奠	2	2	30	99.9994	HSK7-9
3839	蛀	2	2	11	99.9994	
3840	眸	2	2	25	99.9994	
3841	迢	2	1	6	99.9994	
3842	枢	2	2	26	99.9994	HSK7-9
3843	渝	2	2	16	99.9994	
3844	痰	2	2	20	99.9994	HSK7-9
3845	盹	2	2	6	99.9994	HSK7-9
3846	眩	2	2	27	99.9994	
3847	坤	2	2	75	99.9994	
3848	崎	2	2	189	99.9994	
3849	拱	2	2	43	99.9994	HSK7-9
3850	袒	2	2	14	99.9994	
3851	镀	2	2	25	99.9994	
3852	婷	2	1	110	99.9994	
3853	梢	2	2	29	99.9994	HSK7-9
3854	鲤	2	2	15	99.9994	
3855	笃	2	2	22	99.9994	
3856	脓	2	2	33	99.9994	
3857	羹	2	2	26	99.9994	
3858	峭	2	2	25	99.9995	
3859	苟	2	2	38	99.9995	
3860	漱	2	2	30	99.9995	
3861	茂	2	2	130	99.9995	HSK7-9
3862	咄	2	1	5	99.9995	
3863	怠	2	2	35	99.9995	HSK7-9
3864	喃	2	1	19	99.9995	
3865	邱	2	2	47	99.9995	
3866	蟆	2	2	8	99.9995	
3867	蹄	2	2	86	99.9995	
3868	晤	2	2	22	99.9995	HSK7-9
3869	彬	2	1	67	99.9995	HSK7-9
3870	竿	2	2	38	99.9995	HSK7-9
3871	撵	2	2	7	99.9995	
3872	佼	2	1	11	99.9995	
3873	硝	2	2	30	99.9995	
3874	疡	2	2	17	99.9995	
3875	睽	2	1	6	99.9995	
3876	栩	2	1	5	99.9995	
3877	肴	2	2	14	99.9995	
3878	倩	2	2	55	99.9995	
3879	茅	2	2	89	99.9995	HSK7-9
3880	伶	2	1	32	99.9995	
3881	枫	2	2	50	99.9995	
3882	辘	2	1	13	99.9995	
3883	琥	1	1	6	99.9995	
3884	畐	1	1	1	99.9995	
3885	噎	1	1	18	99.9995	
3886	俴	1	1	1	99.9995	
3887	胺	1	1	43	99.9995	
3888	哝	1	1	16	99.9995	
3889	镰	1	1	19	99.9995	
3890	虳	1	1	1	99.9995	
3891	藻	1	1	33	99.9995	HSK7-9
3892	菈	1	1	1	99.9995	
3893	霾	1	1	7	99.9995	
3894	緅	1	1	1	99.9995	
3895	啲	1	1	1	99.9995	
3896	馀	1	1	5	99.9995	
3897	穞	1	1	1	99.9995	
3898	穛	1	1	1	99.9995	
3899	郴	1	1	14	99.9995	
3900	蛭	1	1	6	99.9995	
3901	窰	1	1	1	99.9995	
3902	渭	1	1	100	99.9995	
3903	焙	1	1	16	99.9995	
3904	獴	1	1	1	99.9995	
3905	糯	1	1	8	99.9995	
3906	悸	1	1	7	99.9995	
3907	郔	1	1	1	99.9995	
3908	墩	1	1	35	99.9995	
3909	琂	1	1	1	99.9995	
3910	阂	1	1	9	99.9995	HSK7-9
3911	蟒	1	1	15	99.9995	
3912	邃	1	1	6	99.9995	
3913	箧	1	1	2	99.9995	
3914	磝	1	1	1	99.9995	
3915	吔	1	1	1	99.9995	
3916	碔	1	1	1	99.9995	
3917	磀	1	1	1	99.9995	
3918	耴	1	1	1	99.9995	
3919	渤	1	1	18	99.9995	
3920	穓	1	1	1	99.9995	
3921	婬	1	1	1	99.9995	
3922	葩	1	1	16	99.9995	
3923	杻	1	1	1	99.9995	
3924	皈	1	1	3	99.9995	
3925	摒	1	1	15	99.9996	
3926	揾	1	1	3	99.9996	
3927	鼬	1	1	7	99.9996	
3928	槌	1	1	23	99.9996	
3929	迂	1	1	9	99.9996	
3930	玪	1	1	1	99.9996	
3931	涤	1	1	24	99.9996	HSK7-9
3932	耚	1	1	1	99.9996	
3933	硌	1	1	1	99.9996	
3934	镕	1	1	6	99.9996	
3935	瑆	1	1	1	99.9996	
3936	芲	1	1	1	99.9996	
3937	綤	1	1	1	99.9996	
3938	撅	1	1	1	99.9996	
3939	嘶	1	1	22	99.9996	
3940	踬	1	1	1	99.9996	
3941	馏	1	1	15	99.9996	
3942	璓	1	1	1	99.9996	
3943	睝	1	1	2	99.9996	
3944	祔	1	1	1	99.9996	
3945	偕	1	1	9	99.9996	
3946	纐	1	1	1	99.9996	
3947	哞	1	1	1	99.9996	
3948	嚟	1	1	1	99.9996	
3949	肕	1	1	1	99.9996	
3950	讧	1	1	2	99.9996	
3951	趸	1	1	3	99.9996	
3952	桔	1	1	29	99.9996	
3953	刨	1	1	26	99.9996	HSK7-9
3954	蜕	1	1	15	99.9996	
3955	嗳	1	1	4	99.9996	
3956	绔	1	1	3	99.9996	
3957	窽	1	1	1	99.9996	
3958	㑩	1	1	1	99.9996	
3959	磖	1	1	1	99.9996	
3960	辊	1	1	11	99.9996	
3961	紁	1	1	1	99.9996	
3962	穐	1	1	1	99.9996	
3963	矜	1	1	12	99.9996	
3964	窑	1	1	44	99.9996	HSK7-9
3965	瞥	1	1	15	99.9996	
3966	穘	1	1	2	99.9996	
3967	曦	1	1	17	99.9996	
3968	溉	1	1	14	99.9996	HSK7-9
3969	幂	1	1	17	99.9996	
3970	祉	1	1	4	99.9996	
3971	惮	1	1	20	99.9996	
3972	珈	1	1	8	99.9996	
3973	怮	1	1	2	99.9996	
3974	疨	1	1	1	99.9996	
3975	雏	1	1	56	99.9996	
3976	粆	1	1	7	99.9996	
3977	涩	1	1	38	99.9996	
3978	蚯	1	1	2	99.9996	
3979	蚓	1	1	3	99.9996	
3980	篏	1	1	1	99.9996	
3981	噱	1	1	5	99.9996	
3982	竕	1	1	1	99.9996	
3983	呒	1	1	1	99.9996	
3984	迺	1	1	3	99.9996	
3985	豢	1	1	4	99.9996	
3986	捌	1	1	2	99.9996	
3987	舶	1	1	13	99.9996	HSK7-9
3988	畓	1	1	1	99.9996	
3989	缢	1	1	17	99.9996	
3990	牒	1	1	7	99.9996	
3991	傣	1	1	18	99.9996	
3992	俾	1	1	23	99.9996	
3993	鳍	1	1	30	99.9996	
3994	铠	1	1	7	99.9996	
3995	霰	1	1	7	99.9996	
3996	槛	1	1	5	99.9996	HSK7-9
3997	変	1	1	1	99.9996	
3998	铆	1	1	10	99.9996	
3999	糷	1	1	2	99.9996	
4000	沈	1	1	125	99.9996	
4001	秪	1	1	2	99.9996	
4002	柚	1	1	29	99.9996	
4003	昹	1	1	1	99.9996	
4004	孖	1	1	1	99.9996	
4005	畑	1	1	29	99.9996	
4006	咂	1	1	10	99.9996	
4007	籁	1	1	13	99.9996	
4008	祑	1	1	1	99.9996	
4009	鲔	1	1	1	99.9996	
4010	拂	1	1	36	99.9996	
4011	獠	1	1	4	99.9996	
4012	珆	1	1	1	99.9996	
4013	陵	1	1	68	99.9996	HSK7-9
4014	祢	1	1	13	99.9996	
4015	躇	1	1	22	99.9996	
4016	砉	1	1	17	99.9997	
4017	痿	1	1	6	99.9997	
4018	陡	1	1	17	99.9997	HSK7-9
4019	豺	1	1	7	99.9997	
4020	绢	1	1	18	99.9997	
4021	岖	1	1	5	99.9997	
4022	儆	1	1	7	99.9997	
4023	丞	1	1	18	99.9997	
4024	铀	1	1	10	99.9997	
4025	酩	1	1	3	99.9997	
4026	酊	1	1	12	99.9997	
4027	孺	1	1	20	99.9997	
4028	忱	1	1	12	99.9997	
4029	琠	1	1	1	99.9997	
4030	芛	1	1	1	99.9997	
4031	跆	1	1	5	99.9997	
4032	镬	1	1	1	99.9997	
4033	眳	1	1	1	99.9997	
4034	孪	1	1	9	99.9997	HSK7-9
4035	俚	1	1	3	99.9997	
4036	秦	1	1	119	99.9997	
4037	屙	1	1	1	99.9997	
4038	衾	1	1	2	99.9997	
4039	盚	1	1	1	99.9997	
4040	苯	1	1	61	99.9997	
4041	涛	1	1	71	99.9997	HSK7-9
4042	跩	1	1	1	99.9997	
4043	窿	1	1	20	99.9997	HSK7-9
4044	侗	1	1	14	99.9997	
4045	陬	1	1	1	99.9997	
4046	舖	1	1	1	99.9997	
4047	琁	1	1	1	99.9997	
4048	啜	1	1	13	99.9997	
4049	禅	1	1	67	99.9997	HSK7-9
4050	礩	1	1	1	99.9997	
4051	讣	1	1	4	99.9997	
4052	陇	1	1	25	99.9997	
4053	剌	1	1	15	99.9997	
4054	坳	1	1	33	99.9997	
4055	鸵	1	1	11	99.9997	
4056	瑅	1	1	1	99.9997	
4057	蜷	1	1	13	99.9997	
4058	鲶	1	1	7	99.9997	
4059	麾	1	1	4	99.9997	
4060	钧	1	1	27	99.9997	HSK7-9
4061	暍	1	1	1	99.9997	
4062	曳	1	1	18	99.9997	
4063	疟	1	1	7	99.9997	
4064	氢	1	1	56	99.9997	
4065	祍	1	1	1	99.9997	
4066	暹	1	1	6	99.9997	
4067	砐	1	1	1	99.9997	
4068	岱	1	1	24	99.9997	
4069	雹	1	1	9	99.9997	
4070	榔	1	1	6	99.9997	
4071	窦	1	1	28	99.9997	
4072	瀚	1	1	14	99.9997	
4073	窘	1	1	17	99.9997	HSK7-9
4074	磋	1	1	9	99.9997	HSK7-9
4075	猬	1	1	2	99.9997	
4076	莴	1	1	6	99.9997	
4077	苣	1	1	5	99.9997	
4078	熙	1	1	213	99.9997	HSK7-9
4079	畕	1	1	2	99.9997	
4080	臆	1	1	18	99.9997	
4081	啾	1	1	6	99.9997	
4082	翧	1	1	1	99.9997	
4083	阰	1	1	1	99.9997	
4084	畄	1	1	1	99.9997	
4085	戛	1	1	8	99.9997	
4086	蕴	1	1	31	99.9997	HSK7-9
4087	疶	1	1	1	99.9997	
4088	眯	1	1	20	99.9997	
4089	毡	1	1	30	99.9997	
4090	硚	1	1	6	99.9997	
4091	鹌	1	1	4	99.9997	
4092	鹑	1	1	8	99.9997	
4093	冀	1	1	37	99.9997	
4094	恺	1	1	6	99.9997	
4095	釬	1	1	40	99.9997	
4096	甃	1	1	1	99.9997	
4097	辄	1	1	11	99.9997	
4098	筳	1	1	1	99.9997	
4099	锺	1	1	7	99.9997	
4100	缁	1	1	1	99.9997	
4101	箍	1	1	28	99.9997	
4102	钛	1	1	4	99.9997	
4103	吖	1	1	1	99.9997	
4104	骏	1	1	25	99.9997	HSK7-9
4105	笹	1	1	19	99.9997	
4106	潭	1	1	29	99.9997	HSK7-9
4107	笾	1	1	1	99.9998	
4108	鎗	1	1	11	99.9998	
4109	璍	1	1	1	99.9998	
4110	黯	1	1	19	99.9998	
4111	沥	1	1	14	99.9998	
4112	菏	1	1	23	99.9998	
4113	缰	1	1	13	99.9998	
4114	瘠	1	1	5	99.9998	
4115	澎	1	1	16	99.9998	
4116	湃	1	1	9	99.9998	
4117	瞯	1	1	1	99.9998	
4118	焗	1	1	3	99.9998	
4119	咭	1	1	1	99.9998	
4120	蛹	1	1	7	99.9998	
4121	谕	1	1	25	99.9998	
4122	穕	1	1	1	99.9998	
4123	衱	1	1	2	99.9998	
4124	镁	1	1	18	99.9998	
4125	钾	1	1	26	99.9998	
4126	繵	1	1	1	99.9998	
4127	呯	1	1	1	99.9998	
4128	衭	1	1	1	99.9998	
4129	镭	1	1	3	99.9998	
4130	扞	1	1	2	99.9998	
4131	玜	1	1	1	99.9998	
4132	桅	1	1	30	99.9998	
4133	籈	1	1	1	99.9998	
4134	瑌	1	1	1	99.9998	
4135	恀	1	1	1	99.9998	
4136	恁	1	1	10	99.9998	
4137	拸	1	1	1	99.9998	
4138	蚱	1	1	3	99.9998	
4139	蜢	1	1	5	99.9998	
4140	谧	1	1	5	99.9998	
4141	咡	1	1	1	99.9998	
4142	稴	1	1	1	99.9998	
4143	掖	1	1	4	99.9998	
4144	伧	1	1	9	99.9998	
4145	秂	1	1	1	99.9998	
4146	恪	1	1	8	99.9998	
4147	酦	1	1	1	99.9998	
4148	蜈	1	1	1	99.9998	
4149	蚣	1	1	3	99.9998	
4150	貂	1	1	18	99.9998	
4151	玶	1	1	1	99.9998	
4152	縤	1	1	1	99.9998	
4153	篗	1	1	1	99.9998	
4154	惟	1	1	33	99.9998	
4155	趼	1	1	2	99.9998	
4156	妗	1	1	2	99.9998	
4157	硼	1	1	14	99.9998	
4158	懵	1	1	19	99.9998	
4159	瓢	1	1	23	99.9998	
4160	锹	1	1	5	99.9998	
4161	淤	1	1	18	99.9998	
4162	蜇	1	1	10	99.9998	
4163	疣	1	1	6	99.9998	
4164	梑	1	1	1	99.9998	
4165	叩	1	1	24	99.9998	
4166	殓	1	1	12	99.9998	
4167	幺	1	1	26	99.9998	
4168	鲈	1	1	9	99.9998	
4169	蜿	1	1	5	99.9998	
4170	蜒	1	1	6	99.9998	
4171	堋	1	1	2	99.9998	
4172	穹	1	1	16	99.9998	
4173	璹	1	1	1	99.9998	
4174	笭	1	1	1	99.9998	
4175	殷	1	1	33	99.9998	HSK7-9
4176	吏	1	1	52	99.9998	HSK7-9
4177	獾	1	1	6	99.9998	
4178	猀	1	1	1	99.9998	
4179	藕	1	1	10	99.9998	
4180	牟	1	1	24	99.9998	
4181	痖	1	1	1	99.9998	
4182	褂	1	1	15	99.9998	
4183	榭	1	1	32	99.9998	
4184	陓	1	1	3	99.9998	
4185	咿	1	1	10	99.9998	
4186	玵	1	1	1	99.9998	
4187	渥	1	1	50	99.9998	
4188	蛰	1	1	23	99.9998	
4189	盠	1	1	1	99.9998	
4190	恤	1	1	14	99.9998	HSK7-9
4191	椿	1	1	44	99.9998	
4192	麒	1	1	9	99.9998	
4193	麟	1	1	35	99.9998	
4194	疆	1	1	44	99.9998	HSK7-9
4195	钠	1	1	41	99.9998	
4196	眀	1	1	1	99.9998	
4197	讳	1	1	19	99.9998	HSK7-9
4198	涎	1	1	21	99.9999	
4199	猖	1	1	6	99.9999	HSK7-9
4200	畊	1	1	2	99.9999	
4201	螳	1	1	8	99.9999	
4202	氰	1	1	16	99.9999	
4203	粑	1	1	7	99.9999	
4204	祠	1	1	15	99.9999	
4205	禾	1	1	59	99.9999	HSK7-9
4206	伫	1	1	6	99.9999	
4207	螫	1	1	4	99.9999	
4208	腋	1	1	12	99.9999	
4209	鳞	1	1	22	99.9999	
4210	暨	1	1	5	99.9999	
4211	瞺	1	1	1	99.9999	
4212	砂	1	1	97	99.9999	HSK7-9
4213	胭	1	1	7	99.9999	
4214	襟	1	1	27	99.9999	
4215	谘	1	1	3	99.9999	
4216	苺	1	1	1	99.9999	
4217	禧	1	1	26	99.9999	
4218	痢	1	1	15	99.9999	
4219	聂	1	1	47	99.9999	
4220	瑼	1	1	1	99.9999	
4221	蓉	1	1	72	99.9999	
4222	硁	1	1	1	99.9999	
4223	锏	1	1	2	99.9999	
4224	蔗	1	1	33	99.9999	
4225	玸	1	1	1	99.9999	
4226	徜	1	1	26	99.9999	
4227	徉	1	1	5	99.9999	
4228	缎	1	1	28	99.9999	
4229	颚	1	1	15	99.9999	
4230	冗	1	1	13	99.9999	HSK7-9
4231	蓬	1	1	92	99.9999	HSK7-9
4232	擤	1	1	1	99.9999	
4233	簗	1	1	1	99.9999	
4234	炰	1	1	1	99.9999	
4235	蟾	1	1	10	99.9999	
4236	蜍	1	1	2	99.9999	
4237	蛂	1	1	1	99.9999	
4238	烷	1	1	23	99.9999	
4239	琭	1	1	1	99.9999	
4240	玨	1	1	1	99.9999	
4241	玐	1	1	1	99.9999	
4242	蔻	1	1	22	99.9999	
4243	镊	1	1	2	99.9999	
4244	瞑	1	1	10	99.9999	
4245	甁	1	1	1	99.9999	
4246	廿	1	1	53	99.9999	
4247	蚌	1	1	16	99.9999	
4248	镣	1	1	9	99.9999	
4249	樽	1	1	8	99.9999	
4250	茴	1	1	11	99.9999	
4251	霓	1	1	12	99.9999	
4252	鳏	1	1	4	99.9999	
4253	禯	1	1	1	99.9999	
4254	彦	1	1	98	99.9999	
4255	脋	1	1	1	99.9999	
4256	瓀	1	1	1	99.9999	
4257	眻	1	1	1	99.9999	
4258	捚	1	1	1	99.9999	
4259	乍	1	1	28	99.9999	
4260	酶	1	1	21	99.9999	
4261	阙	1	1	37	99.9999	
4262	缮	1	1	10	99.9999	
4263	浃	1	1	1	99.9999	
4264	拮	1	1	9	99.9999	
4265	袁	1	1	47	99.9999	
4266	膘	1	1	6	99.9999	
4267	甀	1	1	1	99.9999	
4268	庵	1	1	17	99.9999	
4269	绦	1	1	6	99.9999	
4270	眦	1	1	4	99.9999	
4271	佻	1	1	4	99.9999	
4272	锄	1	1	18	99.9999	
4273	罹	1	1	7	99.9999	
4274	枑	1	1	1	99.9999	
4275	逾	1	1	22	99.9999	HSK7-9
4276	挼	1	1	1	99.9999	
4277	辗	1	1	20	99.9999	
4278	箴	1	1	4	99.9999	
4279	菁	1	1	31	99.9999	
4280	稭	1	1	1	99.9999	
4281	榆	1	1	14	99.9999	
4282	囔	1	1	7	99.9999	
4283	叻	1	1	6	99.9999	
4284	梧	1	1	21	99.9999	
4285	铤	1	1	1	99.9999	
4286	砾	1	1	15	99.9999	
4287	磐	1	1	24	99.9999	
4288	诩	1	1	2	99.9999	
4289	乾	1	1	15	100.0000	
4290	妍	1	1	98	100.0000	
4291	荫	1	1	41	100.0000	HSK7-9
4292	艮	1	1	41	100.0000	
4293	覚	1	1	1	100.0000	
4294	箂	1	1	1	100.0000	
4295	琕	1	1	1	100.0000	
4296	鹫	1	1	16	100.0000	
4297	纉	1	1	1	100.0000	
4298	蜃	1	1	6	100.0000	
4299	慑	1	1	16	100.0000	HSK7-9
4300	湍	1	1	21	100.0000	
4301	锉	1	1	11	100.0000	
4302	衵	1	1	1	100.0000	
4303	甤	1	1	1	100.0000	
4304	遐	1	1	14	100.0000	
4305	碪	1	1	1	100.0000	
4306	麓	1	1	7	100.0000	
4307	涟	1	1	8	100.0000	
4308	漪	1	1	4	100.0000	
4309	胯	1	1	5	100.0000	
4310	膍	1	1	1	100.0000	
4311	漾	1	1	12	100.0000	HSK7-9
4312	媲	1	1	29	100.0000	HSK7-9
4313	垠	1	1	8	100.0000	
4314	讥	1	1	15	100.0000	HSK7-9
4315	巳	1	1	14	100.0000	
4316	矰	1	1	1	100.0000	
4317	瞨	1	1	1	100.0000	
4318	怡	1	1	107	100.0000	HSK7-9
4319	笻	1	1	1	100.0000	
4320	蕊	1	1	47	100.0000	
4321	遨	1	1	6	100.0000	
4322	琉	1	1	27	100.0000	
4323	钚	1	1	1	100.0000	
4324	鳖	1	1	9	100.0000	
4325	搪	1	1	10	100.0000	
4326	腼	1	1	4	100.0000	
4327	腆	1	1	2	100.0000	
4328	盌	1	1	1	100.0000	
4329	荤	1	1	10	100.0000	
4330	旯	1	1	16	100.0000	
4331	兢	1	1	15	100.0000	HSK7-9
4332	垦	1	1	34	100.0000	HSK7-9
4333	渲	1	1	3	100.0000	
4334	糵	1	1	1	100.0000	
4335	笰	0	0	1	100.0000	
4336	涮	0	0	13	100.0000	HSK7-9
4337	蜊	0	0	14	100.0000	
4338	呇	0	0	1	100.0000	
4339	礢	0	0	1	100.0000	
4340	翌	0	0	15	100.0000	
4341	佴	0	0	57	100.0000	
4342	怅	0	0	25	100.0000	
4343	杞	0	0	6	100.0000	
4344	株	0	0	49	100.0000	HSK7-9
4345	蹒	0	0	4	100.0000	
4346	跚	0	0	5	100.0000	
4347	肓	0	0	11	100.0000	
4348	缭	0	0	23	100.0000	
4349	埼	0	0	1	100.0000	
4350	寮	0	0	4	100.0000	
4351	俭	0	0	18	100.0000	HSK7-9
4352	酮	0	0	23	100.0000	
4353	忳	0	0	1	100.0000	
4354	砒	0	0	13	100.0000	
4355	仲	0	0	195	100.0000	HSK7-9
4356	筵	0	0	11	100.0000	
4357	氯	0	0	50	100.0000	
4358	噌	0	0	1	100.0000	
4359	瘁	0	0	14	100.0000	
4360	潸	0	0	7	100.0000	
4361	沏	0	0	7	100.0000	HSK7-9
4362	蚕	0	0	52	100.0000	
4363	糦	0	0	1	100.0000	
4364	陔	0	0	1	100.0000	
4365	篶	0	0	1	100.0000	
4366	淝	0	0	6	100.0000	
4367	跶	0	0	1	100.0000	
4368	麝	0	0	7	100.0000	
4369	枙	0	0	1	100.0000	
4370	寥	0	0	36	100.0000	HSK7-9
4371	縩	0	0	2	100.0000	
4372	纺	0	0	58	100.0000	HSK7-9
4373	隼	0	0	6	100.0000	
4374	蹶	0	0	4	100.0000	
4375	芞	0	0	1	100.0000	
4376	噫	0	0	1	100.0000	
4377	犊	0	0	13	100.0000	
4378	嗤	0	0	5	100.0000	
4379	琄	0	0	2	100.0000	
4380	婌	0	0	1	100.0000	
4381	吽	0	0	1	100.0000	
4382	嚓	0	0	10	100.0000	
4383	玆	0	0	1	100.0000	
4384	瞡	0	0	1	100.0000	
4385	妊	0	0	20	100.0000	
4386	娠	0	0	2	100.0000	
4387	驿	0	0	35	100.0000	
4388	蒲	0	0	64	100.0000	
4389	侨	0	0	62	100.0000	HSK7-9
4390	酌	0	0	25	100.0000	HSK7-9
4391	玼	0	0	1	100.0000	
4392	缤	0	0	9	100.0000	HSK7-9
4393	诌	0	0	9	100.0000	
4394	袤	0	0	4	100.0000	
4395	煦	0	0	25	100.0000	
4396	凛	0	0	29	100.0000	
4397	懧	0	0	1	100.0000	
4398	淀	0	0	26	100.0000	HSK7-9
4399	迦	0	0	99	100.0000	
4400	珺	0	0	2	100.0000	
4401	婢	0	0	8	100.0000	
4402	敝	0	0	17	100.0000	
4403	翋	0	0	1	100.0000	
4404	茼	0	0	12	100.0000	
4405	赊	0	0	19	100.0000	
4406	黝	0	0	6	100.0000	
4407	潦	0	0	21	100.0000	HSK7-9
4408	楝	0	0	4	100.0000	
4409	阨	0	0	1	100.0000	
4410	榻	0	0	9	100.0000	
4411	禄	0	0	82	100.0000	
4412	苞	0	0	15	100.0000	
4413	茁	0	0	6	100.0000	
4414	萍	0	0	98	100.0000	HSK7-9
4415	拄	0	0	3	100.0000	HSK7-9
4416	俀	0	0	1	100.0000	
4417	牦	0	0	3	100.0000	
4418	琛	0	0	16	100.0000	
4419	覜	0	0	1	100.0000	
4420	瞣	0	0	1	100.0000	
4421	琗	0	0	1	100.0000	
4422	摹	0	0	10	100.0000	
4423	腑	0	0	18	100.0000	
4424	弇	0	0	2	100.0000	
4425	琦	0	0	89	100.0000	
4426	伀	0	0	1	100.0000	
4427	芹	0	0	36	100.0000	
4428	唁	0	0	14	100.0000	
4429	俞	0	0	46	100.0000	
4430	聿	0	0	13	100.0000	
4431	皙	0	0	3	100.0000	
4432	匾	0	0	9	100.0000	
4433	俑	0	0	8	100.0000	
4434	剒	0	0	1	100.0000	
4435	迸	0	0	17	100.0000	
4436	喙	0	0	2	100.0000	
4437	肂	0	0	1	100.0000	
4438	谄	0	0	5	100.0000	
4439	倚	0	0	26	100.0000	HSK7-9
4440	俸	0	0	5	100.0000	
4441	恃	0	0	46	100.0000	
4442	皐	0	0	1	100.0000	
4443	窈	0	0	3	100.0000	
4444	窕	0	0	5	100.0000	
4445	禟	0	0	1	100.0000	
4446	帷	0	0	8	100.0000	
4447	觑	0	0	6	100.0000	
4448	衩	0	0	5	100.0000	
4449	桵	0	0	1	100.0000	
4450	帧	0	0	12	100.0000	
4451	疩	0	0	1	100.0000	
4452	朸	0	0	1	100.0000	
4453	瘴	0	0	6	100.0000	
4454	攥	0	0	1	100.0000	
4455	砱	0	0	1	100.0000	
4456	葆	0	0	33	100.0000	
4457	芅	0	0	1	100.0000	
4458	拈	0	0	12	100.0000	
4459	斟	0	0	19	100.0000	
4460	礿	0	0	1	100.0000	
4461	罂	0	0	6	100.0000	
4462	粟	0	0	36	100.0000	
4463	闩	0	0	9	100.0000	
4464	稯	0	0	1	100.0000	
4465	忡	0	0	4	100.0000	
4466	嵌	0	0	26	100.0000	HSK7-9
4467	痌	0	0	1	100.0000	
4468	庶	0	0	13	100.0000	
4469	聐	0	0	1	100.0000	
4470	茵	0	0	90	100.0000	
4471	痥	0	0	1	100.0000	
4472	秶	0	0	1	100.0000	
4473	糤	0	0	2	100.0000	
4474	珹	0	0	2	100.0000	
4475	碘	0	0	7	100.0000	
4476	缜	0	0	3	100.0000	
4477	珸	0	0	1	100.0000	
4478	篑	0	0	5	100.0000	
4479	貍	0	0	2	100.0000	
4480	痻	0	0	1	100.0000	
4481	龈	0	0	5	100.0000	
4482	岬	0	0	10	100.0000	
4483	椭	0	0	7	100.0000	
4484	氦	0	0	5	100.0000	
4485	铰	0	0	5	100.0000	
4486	踱	0	0	7	100.0000	
4487	寰	0	0	14	100.0000	
4488	褴	0	0	3	100.0000	
4489	褛	0	0	13	100.0000	
4490	粁	0	0	1	100.0000	
4491	踵	0	0	16	100.0000	
4492	痸	0	0	1	100.0000	
4493	芋	0	0	28	100.0000	
4494	禭	0	0	1	100.0000	
4495	峦	0	0	8	100.0000	
4496	蟿	0	0	1	100.0000	
4497	笞	0	0	5	100.0000	
4498	硅	0	0	29	100.0000	
4499	宎	0	0	1	100.0000	
4500	耸	0	0	30	100.0000	HSK7-9
4501	娟	0	0	44	100.0000	
4502	匮	0	0	11	100.0000	
4503	汞	0	0	7	100.0000	
4504	稧	0	0	1	100.0000	
4505	廖	0	0	40	100.0000	
4506	呷	0	0	1	100.0000	
4507	莞	0	0	16	100.0000	
4508	笱	0	0	1	100.0000	
4509	皿	0	0	10	100.0000	
4510	襁	0	0	4	100.0000	
4511	洷	0	0	1	100.0000	
4512	悝	0	0	17	100.0000	
4513	旬	0	0	20	100.0000	HSK7-9
4514	锥	0	0	53	100.0000	
4515	勀	0	0	1	100.0000	
4516	厥	0	0	28	100.0000	
4517	跸	0	0	13	100.0000	
4518	珑	0	0	14	100.0000	
4519	尪	0	0	1	100.0000	
4520	糃	0	0	1	100.0000	
4521	糛	0	0	1	100.0000	
4522	湘	0	0	51	100.0000	
4523	笈	0	0	5	100.0000	
4524	戟	0	0	16	100.0000	
4525	奚	0	0	4	100.0000	
4526	韬	0	0	18	100.0000	
4527	碆	0	0	1	100.0000	
4528	侃	0	0	35	100.0000	HSK7-9
4529	觐	0	0	6	100.0000	
4530	褒	0	0	14	100.0000	
4531	诿	0	0	13	100.0000	
4532	㖞	0	0	1	100.0000	
4533	屾	0	0	1	100.0000	
4534	鹈	0	0	3	100.0000	
4535	鹕	0	0	1	100.0000	
4536	硙	0	0	1	100.0000	
4537	舀	0	0	5	100.0000	
4538	黐	0	0	1	100.0000	
4539	坢	0	0	1	100.0000	
4540	姘	0	0	4	100.0000	
4541	糔	0	0	1	100.0000	
4542	岍	0	0	1	100.0000	
4543	祐	0	0	5	100.0000	
4544	粤	0	0	20	100.0000	
4545	咏	0	0	56	100.0000	HSK7-9
4546	挞	0	0	28	100.0000	
4547	娣	0	0	23	100.0000	
4548	镐	0	0	22	100.0000	
4549	媛	0	0	59	100.0000	
4550	凸	0	0	52	100.0000	HSK7-9
4551	劾	0	0	3	100.0000	
4552	埜	0	0	3	100.0000	
4553	蓓	0	0	73	100.0000	
4554	悖	0	0	16	100.0000	
4555	缟	0	0	4	100.0000	
4556	禔	0	0	1	100.0000	
4557	貊	0	0	1	100.0000	
4558	谂	0	0	1	100.0000	
4559	絊	0	0	1	100.0000	
4560	丶	0	0	1	100.0000	
4561	娄	0	0	43	100.0000	
4562	闵	0	0	30	100.0000	
4563	捻	0	0	10	100.0000	
4564	汒	0	0	1	100.0000	
4565	捋	0	0	3	100.0000	
4566	鸠	0	0	16	100.0000	
4567	裱	0	0	19	100.0000	
4568	荼	0	0	17	100.0000	
4569	霞	0	0	136	100.0000	HSK7-9
4570	绐	0	0	1	100.0000	
4571	俇	0	0	1	100.0000	
4572	缊	0	0	1	100.0000	
4573	劂	0	0	1	100.0000	
4574	瓮	0	0	14	100.0000	
4575	纲	0	0	78	100.0000	HSK5
4576	苇	0	0	70	100.0000	
4577	淳	0	0	45	100.0000	
4578	檀	0	0	30	100.0000	
4579	啖	0	0	1	100.0000	
4580	泯	0	0	13	100.0000	
4581	眡	0	0	1	100.0000	
4582	蝌	0	0	3	100.0000	
4583	蚪	0	0	2	100.0000	
4584	籓	0	0	1	100.0000	
4585	鲭	0	0	3	100.0000	
4586	焖	0	0	5	100.0000	
4587	啭	0	0	4	100.0000	
4588	磊	0	0	25	100.0000	HSK7-9
4589	舠	0	0	1	100.0000	
4590	盰	0	0	1	100.0000	
4591	耫	0	0	1	100.0000	
4592	蓖	0	0	4	100.0000	
4593	枱	0	0	7	100.0000	
4594	囤	0	0	9	100.0000	
4595	蝾	0	0	1	100.0000	
4596	螈	0	0	3	100.0000	
4597	甝	0	0	1	100.0000	
4598	藓	0	0	7	100.0000	
4599	醛	0	0	8	100.0000	
4600	鹃	0	0	20	100.0000	
4601	槃	0	0	2	100.0000	
4602	猟	0	0	1	100.0000	
4603	篒	0	0	1	100.0000	
4604	琅	0	0	26	100.0000	
4605	踊	0	0	7	100.0000	HSK7-9
4606	竮	0	0	1	100.0000	
4607	瞋	0	0	2	100.0000	
4608	谯	0	0	7	100.0000	
4609	昙	0	0	7	100.0000	
4610	绚	0	0	32	100.0000	
4611	漉	0	0	4	100.0000	
4612	陲	0	0	26	100.0000	
4613	卤	0	0	23	100.0000	HSK7-9
4614	璜	0	0	13	100.0000	
4615	忤	0	0	5	100.0000	
4616	膳	0	0	29	100.0000	HSK7-9
4617	砓	0	0	1	100.0000	
4618	坋	0	0	1	100.0000	
4619	孑	0	0	20	100.0000	
4620	臃	0	0	3	100.0000	
4621	篟	0	0	1	100.0000	
4622	竝	0	0	1	100.0000	
4623	壹	0	0	89	100.0000	
4624	忐	0	0	6	100.0000	
4625	忑	0	0	9	100.0000	
4626	彪	0	0	48	100.0000	
4627	遁	0	0	30	100.0000	
4628	抒	0	0	48	100.0000	HSK7-9
4629	脤	0	0	2	100.0000	
4630	惆	0	0	18	100.0000	
4631	涧	0	0	13	100.0000	
4632	畖	0	0	1	100.0000	
4633	耘	0	0	7	100.0000	
4634	谀	0	0	3	100.0000	
4635	剿	0	0	23	100.0000	
4636	皎	0	0	10	100.0000	
4637	腮	0	0	22	100.0000	
4638	骁	0	0	5	100.0000	
4639	饷	0	0	12	100.0000	
4640	絴	0	0	1	100.0000	
4641	夙	0	0	6	100.0000	
4642	帛	0	0	11	100.0000	
4643	昜	0	0	1	100.0000	
4644	榷	0	0	1	100.0000	
4645	棱	0	0	33	100.0000	HSK7-9
4646	疍	0	0	1	100.0000	
4647	锵	0	0	14	100.0000	
4648	媪	0	0	4	100.0000	
4649	笠	0	0	26	100.0000	
4650	娴	0	0	19	100.0000	
4651	盝	0	0	1	100.0000	
4652	炕	0	0	12	100.0000	
4653	蚾	0	0	1	100.0000	
4654	慵	0	0	2	100.0000	
4655	诣	0	0	3	100.0000	
4656	猘	0	0	1	100.0000	
4657	呾	0	0	1	100.0000	
4658	镒	0	0	8	100.0000	
4659	犷	0	0	2	100.0000	
4660	轧	0	0	35	100.0000	
4661	哽	0	0	15	100.0000	
4662	羇	0	0	1	100.0000	
4663	萱	0	0	18	100.0000	
4664	褥	0	0	17	100.0000	
4665	絮	0	0	22	100.0000	HSK7-9
4666	陎	0	0	1	100.0000	
4667	硋	0	0	1	100.0000	
4668	沢	0	0	3	100.0000	
4669	胫	0	0	4	100.0000	
4670	琶	0	0	13	100.0000	
4671	莪	0	0	11	100.0000	
4672	狰	0	0	4	100.0000	
4673	狞	0	0	17	100.0000	
4674	秞	0	0	1	100.0000	
4675	顷	0	0	24	100.0000	HSK7-9
4676	疽	0	0	15	100.0000	
4677	羟	0	0	15	100.0000	
4678	勍	0	0	5	100.0000	
4679	彶	0	0	1	100.0000	
4680	姪	0	0	1	100.0000	
4681	湎	0	0	8	100.0000	
4682	饯	0	0	12	100.0000	
4683	絘	0	0	1	100.0000	
4684	吆	0	0	6	100.0000	
4685	堈	0	0	1	100.0000	
4686	嫒	0	0	15	100.0000	
4687	鬣	0	0	3	100.0000	
4688	蟽	0	0	1	100.0000	
4689	痐	0	0	1	100.0000	
4690	锰	0	0	17	100.0000	
4691	锂	0	0	18	100.0000	
4692	竣	0	0	12	100.0000	HSK7-9
4693	卉	0	0	5	100.0000	HSK7-9
4694	咲	0	0	55	100.0000	
4695	轶	0	0	3	100.0000	
4696	砵	0	0	1	100.0000	
4697	鸢	0	0	18	100.0000	
4698	璂	0	0	1	100.0000	
4699	挝	0	0	2	100.0000	
4700	涙	0	0	1	100.0000	
4701	蠋	0	0	1	100.0000	
4702	籽	0	0	27	100.0000	
4703	蒟	0	0	1	100.0000	
4704	彸	0	0	1	100.0000	
4705	郝	0	0	66	100.0000	
4706	弩	0	0	28	100.0000	
4707	胪	0	0	1	100.0000	
4708	佷	0	0	1	100.0000	
4709	奕	0	0	29	100.0000	
4710	罽	0	0	1	100.0000	
4711	鞑	0	0	6	100.0000	
4712	诛	0	0	14	100.0000	
4713	秎	0	0	1	100.0000	
4714	舐	0	0	2	100.0000	
4715	穗	0	0	92	100.0000	
4716	啮	0	0	12	100.0000	
4717	砬	0	0	9	100.0000	
4718	冞	0	0	1	100.0000	
4719	猝	0	0	9	100.0000	
4720	睑	0	0	17	100.0000	
4721	拻	0	0	1	100.0000	
4722	恅	0	0	1	100.0000	
4723	盅	0	0	19	100.0000	
4724	黒	0	0	1	100.0000	
4725	仃	0	0	10	100.0000	
4726	鞘	0	0	35	100.0000	
4727	澜	0	0	33	100.0000	HSK7-9
4728	岚	0	0	37	100.0000	
4729	芸	0	0	25	100.0000	
4730	缛	0	0	4	100.0000	
4731	谙	0	0	43	100.0000	
4732	啷	0	0	10	100.0000	
4733	璏	0	0	1	100.0000	
4734	篖	0	0	1	100.0000	
4735	虞	0	0	30	100.0000	
4736	俋	0	0	1	100.0000	
4737	郞	0	0	2	100.0000	
4738	磞	0	0	1	100.0000	
4739	屯	0	0	44	100.0000	HSK7-9
4740	荔	0	0	10	100.0000	
4741	贤	0	0	292	100.0000	HSK7-9
4742	颧	0	0	6	100.0000	
4743	苝	0	0	1	100.0000	
4744	伝	0	0	1	100.0000	
4745	诏	0	0	17	100.0000	
4746	嗲	0	0	7	100.0000	
4747	籵	0	0	1	100.0000	
4748	谏	0	0	33	100.0000	
4749	抿	0	0	3	100.0000	
4750	佯	0	0	10	100.0000	
4751	碜	0	0	6	100.0000	
4752	玴	0	0	1	100.0000	
4753	胐	0	0	1	100.0000	
4754	硒	0	0	2	100.0000	
4755	倭	0	0	15	100.0000	
4756	镙	0	0	2	100.0000	
4757	絫	0	0	2	100.0000	
4758	炵	0	0	1	100.0000	
4759	栳	0	0	9	100.0000	
4760	褶	0	0	20	100.0000	
4761	肏	0	0	1	100.0000	
4762	苜	0	0	8	100.0000	
4763	蓿	0	0	4	100.0000	
4764	瞻	0	0	24	100.0000	HSK7-9
4765	尕	0	0	8	100.0000	
4766	鳃	0	0	5	100.0000	
4767	軞	0	0	1	100.0000	
4768	疦	0	0	1	100.0000	
4769	沅	0	0	27	100.0000	
4770	壊	0	0	1	100.0000	
4771	匍	0	0	5	100.0000	
4772	匐	0	0	10	100.0000	
4773	籥	0	0	1	100.0000	
4774	篕	0	0	1	100.0000	
4775	罠	0	0	1	100.0000	
4776	峎	0	0	1	100.0000	
4777	嗖	0	0	5	100.0000	
4778	忿	0	0	10	100.0000	
4779	䂵	0	0	1	100.0000	
4780	袈	0	0	2	100.0000	
4781	裟	0	0	5	100.0000	
4782	揺	0	0	1	100.0000	
4783	硷	0	0	4	100.0000	
4784	俙	0	0	1	100.0000	
4785	礥	0	0	1	100.0000	
4786	啱	0	0	1	100.0000	
4787	臱	0	0	1	100.0000	
4788	膙	0	0	1	100.0000	
4789	甠	0	0	1	100.0000	
4790	砦	0	0	2	100.0000	
4791	壅	0	0	3	100.0000	
4792	啫	0	0	2	100.0000	
4793	颐	0	0	23	100.0000	
4794	籴	0	0	1	100.0000	
4795	驸	0	0	3	100.0000	
4796	鹳	0	0	10	100.0000	
4797	瓃	0	0	1	100.0000	
4798	屐	0	0	5	100.0000	
4799	雁	0	0	91	100.0000	HSK7-9
4800	箩	0	0	25	100.0000	
4801	蝉	0	0	26	100.0000	
4802	荚	0	0	18	100.0000	
4803	堎	0	0	1	100.0000	
4804	羱	0	0	1	100.0000	
4805	诙	0	0	5	100.0000	
4806	癹	0	0	1	100.0000	
4807	绛	0	0	10	100.0000	
4808	抜	0	0	1	100.0000	
4809	抶	0	0	1	100.0000	
4810	蟺	0	0	1	100.0000	
4811	鹊	0	0	16	100.0000	
4812	膓	0	0	1	100.0000	
4813	禤	0	0	1	100.0000	
4814	鳅	0	0	3	100.0000	
4815	崆	0	0	19	100.0000	
4816	楠	0	0	41	100.0000	
4817	芮	0	0	123	100.0000	
4818	靛	0	0	5	100.0000	
4819	暄	0	0	5	100.0000	
4820	钙	0	0	14	100.0000	HSK7-9
4821	斛	0	0	4	100.0000	
4822	尻	0	0	6	100.0000	
4823	弑	0	0	10	100.0000	
4824	锲	0	0	5	100.0000	
4825	痨	0	0	9	100.0000	
4826	釭	0	0	1	100.0000	
4827	笺	0	0	14	100.0000	
4828	昌	0	0	264	100.0000	HSK6
4829	啐	0	0	1	100.0000	
4830	孱	0	0	5	100.0000	
4831	笕	0	0	3	100.0000	
4832	啕	0	0	4	100.0000	
4833	猋	0	0	1	100.0000	
4834	鹬	0	0	4	100.0000	
4835	荞	0	0	8	100.0000	
4836	胓	0	0	1	100.0000	
4837	耷	0	0	29	100.0000	
4838	荜	0	0	2	100.0000	
4839	贮	0	0	23	100.0000	HSK7-9
4840	陕	0	0	47	100.0000	
4841	弁	0	0	3	100.0000	
4842	荎	0	0	1	100.0000	
4843	茍	0	0	1	100.0000	
4844	姗	0	0	46	100.0000	
4845	晞	0	0	1	100.0000	
4846	稠	0	0	30	100.0000	HSK7-9
4847	缨	0	0	12	100.0000	
4848	胴	0	0	2	100.0000	
4849	郲	0	0	1	100.0000	
4850	婕	0	0	17	100.0000	
4851	桎	0	0	2	100.0000	
4852	梏	0	0	1	100.0000	
4853	跻	0	0	4	100.0000	
4854	邑	0	0	25	100.0000	
4855	冉	0	0	22	100.0000	
4856	逑	0	0	10	100.0000	
4857	邈	0	0	32	100.0000	
4858	鲷	0	0	5	100.0000	
4859	铎	0	0	48	100.0000	
4860	砪	0	0	1	100.0000	
4861	礘	0	0	1	100.0000	
4862	虷	0	0	1	100.0000	
4863	猂	0	0	1	100.0000	
4864	齁	0	0	1	100.0000	
4865	铢	0	0	7	100.0000	
4866	韭	0	0	10	100.0000	
4867	瑙	0	0	20	100.0000	
4868	梆	0	0	10	100.0000	
4869	搥	0	0	1	100.0000	
4870	喺	0	0	1	100.0000	
4871	稺	0	0	1	100.0000	
4872	鲟	0	0	5	100.0000	
4873	玊	0	0	1	100.0000	
4874	篨	0	0	1	100.0000	
4875	榎	0	0	1	100.0000	
4876	庐	0	0	25	100.0000	
4877	聒	0	0	8	100.0000	
4878	璧	0	0	21	100.0000	
4879	鬓	0	0	16	100.0000	
4880	舮	0	0	1	100.0000	
4881	恣	0	0	7	100.0000	
4882	穑	0	0	4	100.0000	
4883	衪	0	0	1	100.0000	
4884	妏	0	0	1	100.0000	
4885	弼	0	0	46	100.0000	
4886	碇	0	0	1	100.0000	
4887	竬	0	0	1	100.0000	
4888	迖	0	0	1	100.0000	
4889	缈	0	0	4	100.0000	
4890	睭	0	0	1	100.0000	
4891	馄	0	0	6	100.0000	
4892	饨	0	0	3	100.0000	
4893	溥	0	0	32	100.0000	
4894	庈	0	0	2	100.0000	
4895	疪	0	0	1	100.0000	
4896	侩	0	0	8	100.0000	
4897	紏	0	0	1	100.0000	
4898	瞈	0	0	1	100.0000	
4899	雯	0	0	78	100.0000	
4900	睤	0	0	1	100.0000	
4901	蟼	0	0	1	100.0000	
4902	噙	0	0	1	100.0000	
4903	纰	0	0	4	100.0000	
4904	卺	0	0	16	100.0000	
4905	猓	0	0	1	100.0000	
4906	碒	0	0	1	100.0000	
4907	礷	0	0	1	100.0000	
4908	稶	0	0	1	100.0000	
4909	芖	0	0	1	100.0000	
4910	轩	0	0	67	100.0000	
4911	俨	0	0	2	100.0000	
4912	俶	0	0	1	100.0000	
4913	睴	0	0	1	100.0000	
4914	髋	0	0	5	100.0000	
4915	谩	0	0	5	100.0000	
4916	籊	0	0	1	100.0000	
4917	孢	0	0	23	100.0000	
4918	蓑	0	0	12	100.0000	
4919	僭	0	0	1	100.0000	
4920	缥	0	0	8	100.0000	
4921	讹	0	0	8	100.0000	HSK7-9
4922	搀	0	0	12	100.0000	HSK7-9
4923	愕	0	0	6	100.0000	
4924	浊	0	0	19	100.0000	HSK7-9
4925	棠	0	0	27	100.0000	
4926	钴	0	0	3	100.0000	
4927	槲	0	0	1	100.0000	
4928	稷	0	0	5	100.0000	
4929	皋	0	0	8	100.0000	
4930	祩	0	0	1	100.0000	
4931	濂	0	0	3	100.0000	
4932	唛	0	0	1	100.0000	
4933	呡	0	0	1	100.0000	
4934	貉	0	0	11	100.0000	
4935	璆	0	0	1	100.0000	
4936	苂	0	0	1	100.0000	
4937	覃	0	0	23	100.0000	
4938	滕	0	0	77	100.0000	
4939	夼	0	0	1	100.0000	
4940	耂	0	0	1	100.0000	
4941	洼	0	0	46	100.0000	
4942	锌	0	0	9	100.0000	
4943	骛	0	0	6	100.0000	
4944	兀	0	0	9	100.0000	
4945	仕	0	0	73	100.0000	
4946	诨	0	0	5	100.0000	
4947	腚	0	0	1	100.0000	
4948	腓	0	0	15	100.0000	
4949	鸮	0	0	1	100.0000	
4950	胑	0	0	1	100.0000	
4951	樵	0	0	11	100.0000	
4952	斡	0	0	6	100.0000	
4953	囮	0	0	1	100.0000	
4954	歩	0	0	6	100.0000	
4955	沭	0	0	6	100.0000	
4956	纣	0	0	7	100.0000	
4957	猤	0	0	1	100.0000	
4958	苳	0	0	1	100.0000	
4959	祗	0	0	10	100.0000	
4960	疉	0	0	1	100.0000	
4961	臕	0	0	1	100.0000	
4962	跦	0	0	1	100.0000	
4963	潺	0	0	8	100.0000	
4964	戾	0	0	9	100.0000	
4965	蜀	0	0	17	100.0000	
4966	桄	0	0	3	100.0000	
4967	埻	0	0	1	100.0000	
4968	竛	0	0	1	100.0000	
4969	詻	0	0	1	100.0000	
4970	囝	0	0	1	100.0000	
4971	楹	0	0	2	100.0000	
4972	慇	0	0	3	100.0000	
4973	揶	0	0	4	100.0000	
4974	揄	0	0	18	100.0000	
4975	阖	0	0	10	100.0000	
4976	饕	0	0	4	100.0000	
4977	餮	0	0	5	100.0000	
4978	壬	0	0	10	100.0000	
4979	桴	0	0	1	100.0000	
4980	実	0	0	1	100.0000	
4981	磂	0	0	1	100.0000	
4982	刓	0	0	1	100.0000	
4983	堍	0	0	1	100.0000	
4984	笙	0	0	19	100.0000	
4985	哂	0	0	3	100.0000	
4986	猽	0	0	1	100.0000	
4987	螯	0	0	4	100.0000	
4988	阡	0	0	11	100.0000	
4989	礜	0	0	1	100.0000	
4990	圃	0	0	12	100.0000	
4991	蝼	0	0	3	100.0000	
4992	禴	0	0	1	100.0000	
4993	嬲	0	0	1	100.0000	
4994	蛔	0	0	4	100.0000	
4995	盄	0	0	1	100.0000	
4996	滦	0	0	7	100.0000	
4997	糸	0	0	1	100.0000	
4998	矼	0	0	1	100.0000	
4999	揸	0	0	1	100.0000	
5000	漓	0	0	12	100.0000	
5001	玌	0	0	1	100.0000	
5002	耎	0	0	1	100.0000	
5003	窲	0	0	1	100.0000	
5004	桲	0	0	1	100.0000	
5005	淉	0	0	1	100.0000	
5006	掇	0	0	9	100.0000	
5007	噘	0	0	2	100.0000	
5008	荌	0	0	1	100.0000	
5009	臦	0	0	1	100.0000	
5010	袧	0	0	1	100.0000	
5011	碯	0	0	1	100.0000	
5012	雫	0	0	1	100.0000	
5013	剜	0	0	1	100.0000	
5014	蹑	0	0	6	100.0000	
5015	垩	0	0	13	100.0000	
5016	瓟	0	0	1	100.0000	
5017	祫	0	0	1	100.0000	
5018	癪	0	0	2	100.0000	
5019	珮	0	0	3	100.0000	
5020	礨	0	0	1	100.0000	
5021	戆	0	0	3	100.0000	
5022	琖	0	0	1	100.0000	
5023	庚	0	0	23	100.0000	
5024	攞	0	0	1	100.0000	
5025	唵	0	0	1	100.0000	
5026	柩	0	0	7	100.0000	
5027	亘	0	0	15	100.0000	
5028	鸨	0	0	5	100.0000	
5029	遽	0	0	7	100.0000	
5030	迵	0	0	6	100.0000	
5031	罿	0	0	1	100.0000	
5032	怢	0	0	1	100.0000	
5033	舜	0	0	30	100.0000	
5034	钸	0	0	1	100.0000	
5035	檎	0	0	2	100.0000	
5036	髻	0	0	7	100.0000	
5037	膌	0	0	1	100.0000	
5038	嫔	0	0	28	100.0000	
5039	祡	0	0	1	100.0000	
5040	嫣	0	0	21	100.0000	
5041	硆	0	0	1	100.0000	
5042	冚	0	0	1	100.0000	
5043	洘	0	0	1	100.0000	
5044	埮	0	0	1	100.0000	
5045	袄	0	0	11	100.0000	
5046	楔	0	0	12	100.0000	
5047	呲	0	0	1	100.0000	
5048	闱	0	0	27	100.0000	
5049	茩	0	0	1	100.0000	
5050	卟	0	0	1	100.0000	
5051	砣	0	0	12	100.0000	
5052	囹	0	0	5	100.0000	
5053	圄	0	0	5	100.0000	
5054	弈	0	0	7	100.0000	HSK7-9
5055	矬	0	0	4	100.0000	
5056	珛	0	0	1	100.0000	
5057	蛌	0	0	1	100.0000	
5058	蚐	0	0	1	100.0000	
5059	縡	0	0	1	100.0000	
5060	蘼	0	0	2	100.0000	
5061	阮	0	0	38	100.0000	
5062	铂	0	0	7	100.0000	
5063	笚	0	0	1	100.0000	
5064	噼	0	0	9	100.0000	
5065	倜	0	0	9	100.0000	
5066	傥	0	0	2	100.0000	
5067	砈	0	0	1	100.0000	
5068	羮	0	0	1	100.0000	
5069	崴	0	0	12	100.0000	
5070	眢	0	0	1	100.0000	
5071	馥	0	0	10	100.0000	
5072	荟	0	0	8	100.0000	
5073	纭	0	0	2	100.0000	
5074	碈	0	0	1	100.0000	
5075	瓂	0	0	1	100.0000	
5076	桽	0	0	1	100.0000	
5077	谵	0	0	13	100.0000	
5078	蛞	0	0	2	100.0000	
5079	蝓	0	0	3	100.0000	
5080	哏	0	0	8	100.0000	
5081	咣	0	0	4	100.0000	
5082	酣	0	0	21	100.0000	HSK7-9
5083	瞟	0	0	3	100.0000	
5084	衒	0	0	1	100.0000	
5085	圉	0	0	3	100.0000	
5086	囡	0	0	15	100.0000	
5087	妢	0	0	1	100.0000	
5088	腢	0	0	1	100.0000	
5089	嗄	0	0	1	100.0000	
5090	楂	0	0	7	100.0000	
5091	泷	0	0	18	100.0000	
5092	痚	0	0	1	100.0000	
5093	菱	0	0	46	100.0000	
5094	淰	0	0	1	100.0000	
5095	媾	0	0	13	100.0000	
5096	紌	0	0	1	100.0000	
5097	腩	0	0	12	100.0000	
5098	畀	0	0	1	100.0000	
5099	敕	0	0	7	100.0000	
5100	昴	0	0	1	100.0000	
5101	寤	0	0	3	100.0000	
5102	锒	0	0	3	100.0000	
5103	毎	0	0	1	100.0000	
5104	璞	0	0	19	100.0000	
5105	絩	0	0	1	100.0000	
5106	蒿	0	0	7	100.0000	
5107	弅	0	0	1	100.0000	
5108	妩	0	0	5	100.0000	
5109	靼	0	0	4	100.0000	
5110	缂	0	0	1	100.0000	
5111	徇	0	0	16	100.0000	
5112	泐	0	0	5	100.0000	
5113	钨	0	0	7	100.0000	
5114	秙	0	0	1	100.0000	
5115	庣	0	0	1	100.0000	
5116	璖	0	0	1	100.0000	
5117	羖	0	0	1	100.0000	
5118	卞	0	0	6	100.0000	
5119	炷	0	0	2	100.0000	
5120	笝	0	0	1	100.0000	
5121	膺	0	0	8	100.0000	
5122	蔫	0	0	10	100.0000	
5123	钜	0	0	10	100.0000	
5124	玮	0	0	8	100.0000	
5125	堇	0	0	6	100.0000	
5126	勦	0	0	1	100.0000	
5127	烽	0	0	13	100.0000	
5128	籸	0	0	1	100.0000	
5129	龛	0	0	7	100.0000	
5130	埣	0	0	1	100.0000	
5131	瞉	0	0	1	100.0000	
5132	蠈	0	0	1	100.0000	
5133	襄	0	0	44	100.0000	
5134	佃	0	0	6	100.0000	
5135	膁	0	0	1	100.0000	
5136	劓	0	0	1	100.0000	
5137	舽	0	0	1	100.0000	
5138	侘	0	0	1	100.0000	
5139	衹	0	0	1	100.0000	
5140	偌	0	0	9	100.0000	
5141	邝	0	0	9	100.0000	
5142	宥	0	0	13	100.0000	
5143	鬃	0	0	10	100.0000	
5144	啣	0	0	1	100.0000	
5145	腶	0	0	1	100.0000	
5146	淕	0	0	1	100.0000	
5147	痓	0	0	1	100.0000	
5148	侐	0	0	1	100.0000	
5149	簔	0	0	1	100.0000	
5150	盺	0	0	1	100.0000	
5151	蕨	0	0	9	100.0000	
5152	弋	0	0	9	100.0000	
5153	掮	0	0	2	100.0000	
5154	褊	0	0	2	100.0000	
5155	込	0	0	1	100.0000	
5156	浜	0	0	4	100.0000	
5157	竘	0	0	1	100.0000	
5158	剕	0	0	1	100.0000	
5159	罔	0	0	5	100.0000	
5160	穃	0	0	1	100.0000	
5161	璛	0	0	1	100.0000	
5162	秉	0	0	63	100.0000	HSK7-9
5163	襞	0	0	5	100.0000	
5164	瞇	0	0	8	100.0000	
5165	犒	0	0	3	100.0000	
5166	嘤	0	0	1	100.0000	
5167	灶	0	0	30	100.0000	HSK7-9
5168	桉	0	0	14	100.0000	
5169	抻	0	0	1	100.0000	
5170	徂	0	0	1	100.0000	
5171	芩	0	0	9	100.0000	
5172	篅	0	0	1	100.0000	
5173	秝	0	0	1	100.0000	
5174	骝	0	0	5	100.0000	
5175	蚗	0	0	2	100.0000	
5176	鹧	0	0	15	100.0000	
5177	亟	0	0	8	100.0000	
5178	摞	0	0	7	100.0000	
5179	搡	0	0	4	100.0000	
5180	碮	0	0	1	100.0000	
5181	埕	0	0	3	100.0000	
5182	弝	0	0	1	100.0000	
5183	瑁	0	0	7	100.0000	
5184	遴	0	0	6	100.0000	
5185	驷	0	0	17	100.0000	
5186	砧	0	0	6	100.0000	
5187	姣	0	0	11	100.0000	
5188	翑	0	0	1	100.0000	
5189	栠	0	0	1	100.0000	
5190	様	0	0	1	100.0000	
5191	溴	0	0	11	100.0000	
5192	聼	0	0	1	100.0000	
5193	犟	0	0	9	100.0000	
5194	畃	0	0	1	100.0000	
5195	荃	0	0	6	100.0000	
5196	莹	0	0	34	100.0000	HSK7-9
5197	苆	0	0	1	100.0000	
5198	睰	0	0	1	100.0000	
5199	钖	0	0	1	100.0000	
5200	擘	0	0	7	100.0000	
5201	怦	0	0	12	100.0000	
5202	犄	0	0	3	100.0000	
5203	姚	0	0	34	100.0000	
5204	隠	0	0	1	100.0000	
5205	丙	0	0	67	100.0000	HSK7-9
5206	嶙	0	0	3	100.0000	
5207	峋	0	0	3	100.0000	
5208	恫	0	0	4	100.0000	
5209	溷	0	0	3	100.0000	
5210	糜	0	0	41	100.0000	
5211	伬	0	0	3	100.0000	
5212	厝	0	0	1	100.0000	
5213	緿	0	0	1	100.0000	
5214	旭	0	0	74	100.0000	HSK7-9
5215	刎	0	0	2	100.0000	
5216	蚰	0	0	4	100.0000	
5217	婖	0	0	1	100.0000	
5218	呴	0	0	1	100.0000	
5219	蚔	0	0	1	100.0000	
5220	宦	0	0	6	100.0000	
5221	挲	0	0	6	100.0000	
5222	碲	0	0	1	100.0000	
5223	卍	0	0	1	100.0000	
5224	毗	0	0	9	100.0000	
5225	邨	0	0	1	100.0000	
5226	臛	0	0	1	100.0000	
5227	靳	0	0	11	100.0000	
5228	觕	0	0	1	100.0000	
5229	孰	0	0	25	100.0000	
5230	珁	0	0	1	100.0000	
5231	痝	0	0	1	100.0000	
5232	腣	0	0	1	100.0000	
5233	窣	0	0	2	100.0000	
5234	嗌	0	0	1	100.0000	
5235	荇	0	0	2	100.0000	
5236	鲛	0	0	3	100.0000	
5237	卯	0	0	21	100.0000	
5238	箕	0	0	4	100.0000	
5239	甐	0	0	1	100.0000	
5240	煨	0	0	1	100.0000	
5241	疝	0	0	2	100.0000	
5242	霖	0	0	39	100.0000	
5243	倗	0	0	1	100.0000	
5244	莳	0	0	2	100.0000	
5245	偈	0	0	1	100.0000	
5246	嘹	0	0	7	100.0000	
5247	唰	0	0	1	100.0000	
5248	珗	0	0	1	100.0000	
5249	沁	0	0	30	100.0000	
5250	桒	0	0	1	100.0000	
5251	踡	0	0	1	100.0000	
5252	蓼	0	0	1	100.0000	
5253	枣	0	0	32	100.0000	HSK7-9
5254	讷	0	0	28	100.0000	
5255	紾	0	0	1	100.0000	
5256	鹜	0	0	5	100.0000	
5257	絯	0	0	1	100.0000	
5258	绶	0	0	10	100.0000	
5259	妎	0	0	1	100.0000	
5260	帤	0	0	1	100.0000	
5261	醴	0	0	7	100.0000	
5262	瞠	0	0	12	100.0000	
5263	棹	0	0	1	100.0000	
5264	罄	0	0	5	100.0000	
5265	芚	0	0	1	100.0000	
5266	籡	0	0	1	100.0000	
5267	厍	0	0	2	100.0000	
5268	蠹	0	0	4	100.0000	
5269	薙	0	0	1	100.0000	
5270	綛	0	0	1	100.0000	
5271	糐	0	0	1	100.0000	
5272	搾	0	0	1	100.0000	
5273	逋	0	0	2	100.0000	
5274	黍	0	0	4	100.0000	
5275	奂	0	0	5	100.0000	
5276	膒	0	0	1	100.0000	
5277	淸	0	0	1	100.0000	
5278	笥	0	0	1	100.0000	
5279	晟	0	0	17	100.0000	
5280	氖	0	0	2	100.0000	
5281	傧	0	0	10	100.0000	
5282	祜	0	0	7	100.0000	
5283	葭	0	0	1	100.0000	
5284	郫	0	0	10	100.0000	
5285	桦	0	0	15	100.0000	
5286	嗱	0	0	1	100.0000	
5287	逄	0	0	3	100.0000	
5288	埂	0	0	6	100.0000	
5289	禹	0	0	50	100.0000	
5290	璐	0	0	37	100.0000	
5291	嚒	0	0	1	100.0000	
5292	晖	0	0	19	100.0000	
5293	疸	0	0	4	100.0000	
5294	宒	0	0	1	100.0000	
5295	梓	0	0	29	100.0000	
5296	畛	0	0	5	100.0000	
5297	胛	0	0	4	100.0000	
5298	翮	0	0	4	100.0000	
5299	盂	0	0	11	100.0000	
5300	耦	0	0	3	100.0000	
5301	迥	0	0	13	100.0000	
5302	筎	0	0	1	100.0000	
5303	桡	0	0	6	100.0000	
5304	甄	0	0	17	100.0000	
5305	禸	0	0	1	100.0000	
5306	蠂	0	0	1	100.0000	
5307	恓	0	0	1	100.0000	
5308	皏	0	0	1	100.0000	
5309	嘚	0	0	1	100.0000	
5310	哿	0	0	7	100.0000	
5311	枒	0	0	1	100.0000	
5312	恵	0	0	1	100.0000	
5313	笘	0	0	1	100.0000	
5314	啋	0	0	1	100.0000	
5315	荳	0	0	1	100.0000	
5316	舢	0	0	3	100.0000	
5317	匝	0	0	10	100.0000	
5318	埏	0	0	3	100.0000	
5319	蹼	0	0	4	100.0000	
5320	洄	0	0	4	100.0000	
5321	榉	0	0	4	100.0000	
5322	硖	0	0	3	100.0000	
5323	辿	0	0	1	100.0000	
5324	枸	0	0	3	100.0000	
5325	佗	0	0	7	100.0000	
5326	喰	0	0	1	100.0000	
5327	谒	0	0	10	100.0000	
5328	舗	0	0	1	100.0000	
5329	魉	0	0	5	100.0000	
5330	崠	0	0	1	100.0000	
5331	迕	0	0	1	100.0000	
5332	胕	0	0	1	100.0000	
5333	拗	0	0	23	100.0000	
5334	茹	0	0	63	100.0000	
5335	翺	0	0	1	100.0000	
5336	飨	0	0	4	100.0000	
5337	鲫	0	0	4	100.0000	
5338	肨	0	0	1	100.0000	
5339	咛	0	0	3	100.0000	
5340	哐	0	0	3	100.0000	
5341	肣	0	0	1	100.0000	
5342	鹭	0	0	21	100.0000	
5343	伈	0	0	1	100.0000	
5344	荻	0	0	44	100.0000	
5345	敃	0	0	1	100.0000	
5346	恬	0	0	14	100.0000	
5347	捺	0	0	4	100.0000	
5348	硔	0	0	1	100.0000	
5349	哚	0	0	7	100.0000	
5350	毓	0	0	10	100.0000	
5351	㗎	0	0	1	100.0000	
5352	捈	0	0	1	100.0000	
5353	樟	0	0	19	100.0000	
5354	砺	0	0	5	100.0000	
5355	祙	0	0	1	100.0000	
5356	佪	0	0	1	100.0000	
5357	孜	0	0	15	100.0000	
5358	砕	0	0	1	100.0000	
5359	翷	0	0	1	100.0000	
5360	噻	0	0	6	100.0000	
5361	濮	0	0	4	100.0000	
5362	撃	0	0	1	100.0000	
5363	眣	0	0	1	100.0000	
5364	悪	0	0	1	100.0000	
5365	倓	0	0	1	100.0000	
5366	穒	0	0	1	100.0000	
5367	腃	0	0	1	100.0000	
5368	郸	0	0	17	100.0000	
5369	浬	0	0	2	100.0000	
5370	誧	0	0	1	100.0000	
5371	竺	0	0	9	100.0000	
5372	矾	0	0	8	100.0000	
5373	耣	0	0	1	100.0000	
5374	磴	0	0	1	100.0000	
5375	処	0	0	1	100.0000	
5376	伉	0	0	8	100.0000	
5377	俪	0	0	6	100.0000	
5378	禘	0	0	1	100.0000	
5379	旻	0	0	7	100.0000	
5380	柲	0	0	1	100.0000	
5381	駆	0	0	1	100.0000	
5382	怹	0	0	1	100.0000	
5383	葺	0	0	10	100.0000	
5384	玍	0	0	1	100.0000	
5385	旍	0	0	1	100.0000	
5386	槙	0	0	23	100.0000	
5387	斻	0	0	1	100.0000	
5388	轭	0	0	3	100.0000	
5389	腱	0	0	11	100.0000	
5390	雉	0	0	7	100.0000	
5391	睱	0	0	1	100.0000	
5392	黜	0	0	5	100.0000	
5393	恻	0	0	8	100.0000	
5394	漤	0	0	1	100.0000	
5395	祒	0	0	1	100.0000	
5396	瞿	0	0	5	100.0000	
5397	捩	0	0	14	100.0000	
5398	燎	0	0	16	100.0000	
5399	谇	0	0	1	100.0000	
5400	絵	0	0	22	100.0000	
5401	攘	0	0	9	100.0000	HSK7-9
5402	迩	0	0	51	100.0000	
5403	捇	0	0	1	100.0000	
5404	髡	0	0	1	100.0000	
5405	汔	0	0	1	100.0000	
5406	敔	0	0	1	100.0000	
5407	芉	0	0	1	100.0000	
5408	绾	0	0	1	100.0000	
5409	廻	0	0	1	100.0000	
5410	浒	0	0	1	100.0000	
5411	峇	0	0	1	100.0000	
5412	鞣	0	0	9	100.0000	
5413	谑	0	0	10	100.0000	
5414	蹉	0	0	5	100.0000	
5415	跎	0	0	5	100.0000	
5416	繋	0	0	1	100.0000	
5417	骠	0	0	9	100.0000	
5418	惇	0	0	1	100.0000	
5419	濑	0	0	165	100.0000	
5420	麸	0	0	15	100.0000	
5421	帰	0	0	1	100.0000	
5422	貮	0	0	1	100.0000	
5423	硊	0	0	1	100.0000	
5424	芢	0	0	1	100.0000	
5425	砥	0	0	3	100.0000	
5426	睵	0	0	1	100.0000	
5427	稸	0	0	1	100.0000	
5428	眅	0	0	1	100.0000	
5429	彳	0	0	1	100.0000	
5430	蚋	0	0	1	100.0000	
5431	谔	0	0	5	100.0000	
5432	邵	0	0	31	100.0000	
5433	豖	0	0	1	100.0000	
5434	阯	0	0	1	100.0000	
5435	迡	0	0	1	100.0000	
5436	樰	0	0	1	100.0000	
5437	狵	0	0	1	100.0000	
5438	觹	0	0	1	100.0000	
5439	円	0	0	23	100.0000	
5440	毚	0	0	1	100.0000	
5441	叵	0	0	5	100.0000	
5442	冧	0	0	1	100.0000	
5443	畟	0	0	1	100.0000	
5444	揤	0	0	1	100.0000	
5445	侪	0	0	7	100.0000	
5446	纾	0	0	3	100.0000	
5447	昢	0	0	1	100.0000	
5448	旰	0	0	5	100.0000	
5449	犴	0	0	23	100.0000	
5450	锷	0	0	14	100.0000	
5451	耜	0	0	5	100.0000	
5452	妀	0	0	1	100.0000	
5453	啁	0	0	2	100.0000	
5454	伕	0	0	1	100.0000	
5455	筥	0	0	1	100.0000	
5456	艋	0	0	1	100.0000	
5457	綷	0	0	1	100.0000	
5458	呠	0	0	1	100.0000	
5459	磃	0	0	1	100.0000	
5460	缍	0	0	1	100.0000	
5461	湔	0	0	1	100.0000	
5462	箔	0	0	11	100.0000	
5463	吤	0	0	1	100.0000	
5464	繥	0	0	1	100.0000	
5465	疴	0	0	15	100.0000	
5466	猒	0	0	1	100.0000	
5467	绌	0	0	4	100.0000	
5468	杓	0	0	2	100.0000	
5469	邢	0	0	14	100.0000	
5470	楽	0	0	1	100.0000	
5471	癨	0	0	1	100.0000	
5472	蠉	0	0	1	100.0000	
5473	蕞	0	0	1	100.0000	
5474	矍	0	0	10	100.0000	
5475	糅	0	0	2	100.0000	
5476	畿	0	0	11	100.0000	
5477	蚜	0	0	3	100.0000	
5478	椛	0	0	1	100.0000	
5479	锾	0	0	1	100.0000	
5480	龅	0	0	1	100.0000	
5481	埗	0	0	1	100.0000	
5482	剉	0	0	1	100.0000	
5483	菅	0	0	31	100.0000	
5484	卼	0	0	1	100.0000	
5485	痍	0	0	6	100.0000	
5486	篫	0	0	1	100.0000	
5487	玅	0	0	1	100.0000	
5488	怏	0	0	21	100.0000	
5489	孚	0	0	36	100.0000	
5490	畦	0	0	4	100.0000	
5491	杳	0	0	13	100.0000	
5492	媎	0	0	1	100.0000	
5493	洙	0	0	64	100.0000	
5494	矽	0	0	21	100.0000	
5495	蛁	0	0	1	100.0000	
5496	恸	0	0	5	100.0000	
5497	鳀	0	0	1	100.0000	
5498	竳	0	0	1	100.0000	
5499	颞	0	0	4	100.0000	
5500	羯	0	0	9	100.0000	
5501	倳	0	0	1	100.0000	
5502	磉	0	0	1	100.0000	
5503	诃	0	0	7	100.0000	
5504	鹏	0	0	66	100.0000	HSK7-9
5505	栉	0	0	11	100.0000	
5506	撷	0	0	4	100.0000	
5507	觞	0	0	5	100.0000	
5508	阌	0	0	1	100.0000	
5509	拊	0	0	2	100.0000	
5510	仟	0	0	36	100.0000	
5511	焼	0	0	1	100.0000	
5512	頬	0	0	1	100.0000	
5513	揹	0	0	1	100.0000	
5514	篯	0	0	1	100.0000	
5515	衂	0	0	1	100.0000	
5516	诳	0	0	7	100.0000	
5517	倷	0	0	3	100.0000	
5518	杅	0	0	1	100.0000	
5519	赈	0	0	10	100.0000	
5520	枅	0	0	1	100.0000	
5521	殁	0	0	2	100.0000	
5522	铿	0	0	11	100.0000	
5523	茔	0	0	14	100.0000	
5524	碻	0	0	1	100.0000	
5525	郣	0	0	1	100.0000	
5526	暱	0	0	12	100.0000	
5527	腁	0	0	1	100.0000	
5528	濬	0	0	1	100.0000	
5529	僩	0	0	1	100.0000	
5530	贽	0	0	4	100.0000	
5531	魑	0	0	2	100.0000	
5532	魍	0	0	2	100.0000	
5533	籕	0	0	1	100.0000	
5534	雍	0	0	22	100.0000	
5535	悛	0	0	9	100.0000	
5536	叱	0	0	7	100.0000	
5537	琻	0	0	1	100.0000	
5538	蔨	0	0	1	100.0000	
5539	扈	0	0	22	100.0000	
5540	冽	0	0	8	100.0000	
5541	颌	0	0	15	100.0000	
5542	腉	0	0	1	100.0000	
5543	簇	0	0	24	100.0000	HSK7-9
5544	秧	0	0	59	100.0000	HSK7-9
5545	婼	0	0	1	100.0000	
5546	晔	0	0	9	100.0000	
5547	殇	0	0	6	100.0000	
5548	锃	0	0	3	100.0000	
5549	膑	0	0	7	100.0000	
5550	瑛	0	0	20	100.0000	
5551	诰	0	0	4	100.0000	
5552	郪	0	0	1	100.0000	
5553	篽	0	0	1	100.0000	
5554	壑	0	0	12	100.0000	
5555	抎	0	0	1	100.0000	
5556	盓	0	0	1	100.0000	
5557	耨	0	0	1	100.0000	
5558	硎	0	0	1	100.0000	
5559	砷	0	0	5	100.0000	
5560	掟	0	0	1	100.0000	
5561	劵	0	0	1	100.0000	
5562	俳	0	0	6	100.0000	
5563	邧	0	0	1	100.0000	
5564	踮	0	0	4	100.0000	
5565	耰	0	0	1	100.0000	
5566	祎	0	0	4	100.0000	
5567	蟠	0	0	9	100.0000	
5568	芼	0	0	1	100.0000	
5569	肬	0	0	1	100.0000	
5570	玖	0	0	13	100.0000	
5571	熺	0	0	1	100.0000	
5572	鬲	0	0	5	100.0000	
5573	瘙	0	0	3	100.0000	
5574	瑶	0	0	36	100.0000	
5575	磔	0	0	2	100.0000	
5576	戦	0	0	1	100.0000	
5577	泾	0	0	6	100.0000	
5578	钆	0	0	1	100.0000	
5579	涣	0	0	5	100.0000	
5580	倎	0	0	1	100.0000	
5581	旆	0	0	1	100.0000	
5582	誸	0	0	1	100.0000	
5583	镗	0	0	3	100.0000	
5584	埠	0	0	19	100.0000	
5585	珖	0	0	19	100.0000	
5586	舺	0	0	1	100.0000	
5587	榕	0	0	6	100.0000	
5588	盳	0	0	1	100.0000	
5589	礓	0	0	31	100.0000	
5590	芕	0	0	1	100.0000	
5591	狻	0	0	1	100.0000	
5592	桀	0	0	9	100.0000	
5593	骜	0	0	3	100.0000	
5594	垣	0	0	38	100.0000	
5595	呔	0	0	1	100.0000	
5596	蚳	0	0	1	100.0000	
5597	絔	0	0	1	100.0000	
5598	蒡	0	0	2	100.0000	
5599	疎	0	0	1	100.0000	
5600	蚃	0	0	1	100.0000	
5601	藿	0	0	3	100.0000	
5602	欱	0	0	1	100.0000	
5603	苀	0	0	1	100.0000	
5604	旮	0	0	8	100.0000	
5605	渫	0	0	1	100.0000	
5606	腍	0	0	1	100.0000	
5607	砮	0	0	1	100.0000	
5608	羸	0	0	5	100.0000	
5609	黔	0	0	4	100.0000	
5610	芵	0	0	1	100.0000	
5611	挎	0	0	3	100.0000	HSK7-9
5612	瓸	0	0	1	100.0000	
5613	榛	0	0	6	100.0000	
5614	忾	0	0	3	100.0000	
5615	噤	0	0	7	100.0000	
5616	呤	0	0	14	100.0000	
5617	侳	0	0	1	100.0000	
5618	倰	0	0	1	100.0000	
5619	辇	0	0	3	100.0000	
5620	玿	0	0	1	100.0000	
5621	艸	0	0	1	100.0000	
5622	笤	0	0	1	100.0000	
5623	闘	0	0	1	100.0000	
5624	薏	0	0	11	100.0000	
5625	乂	0	0	2	100.0000	
5626	阃	0	0	1	100.0000	
5627	澹	0	0	3	100.0000	
5628	硪	0	0	1	100.0000	
5629	睳	0	0	1	100.0000	
5630	扢	0	0	1	100.0000	
5631	蒩	0	0	1	100.0000	
5632	疖	0	0	2	100.0000	
5633	臓	0	0	1	100.0000	
5634	髪	0	0	1	100.0000	
5635	沓	0	0	13	100.0000	
5636	鲣	0	0	5	100.0000	
5637	摈	0	0	4	100.0000	
5638	潠	0	0	1	100.0000	
5639	裒	0	0	1	100.0000	
5640	牁	0	0	1	100.0000	
5641	羉	0	0	1	100.0000	
5642	巿	0	0	1	100.0000	
5643	砊	0	0	1	100.0000	
5644	靥	0	0	6	100.0000	
5645	肽	0	0	7	100.0000	
5646	尧	0	0	24	100.0000	
5647	桐	0	0	62	100.0000	
5648	阊	0	0	1	100.0000	
5649	蒳	0	0	1	100.0000	
5650	泠	0	0	7	100.0000	
5651	芶	0	0	1	100.0000	
5652	愫	0	0	2	100.0000	
5653	诓	0	0	2	100.0000	
5654	猍	0	0	1	100.0000	
5655	闶	0	0	1	100.0000	
5656	孓	0	0	11	100.0000	
5657	満	0	0	1	100.0000	
5658	绻	0	0	2	100.0000	
5659	暿	0	0	1	100.0000	
5660	滂	0	0	4	100.0000	
5661	沱	0	0	8	100.0000	
5662	朔	0	0	31	100.0000	
5663	縨	0	0	1	100.0000	
5664	芄	0	0	1	100.0000	
5665	嶋	0	0	1	100.0000	
5666	缱	0	0	2	100.0000	
5667	炟	0	0	1	100.0000	
5668	崮	0	0	2	100.0000	
5669	痺	0	0	8	100.0000	
5670	觼	0	0	1	100.0000	
5671	挕	0	0	1	100.0000	
5672	犰	0	0	2	100.0000	
5673	狳	0	0	1	100.0000	
5674	纂	0	0	5	100.0000	
5675	驽	0	0	7	100.0000	
5676	醍	0	0	5	100.0000	
5677	醐	0	0	4	100.0000	
5678	摀	0	0	2	100.0000	
5679	痟	0	0	1	100.0000	
5680	猑	0	0	1	100.0000	
5681	踫	0	0	1	100.0000	
5682	谟	0	0	8	100.0000	
5683	嵋	0	0	5	100.0000	
5684	釱	0	0	1	100.0000	
5685	荨	0	0	5	100.0000	
5686	袂	0	0	5	100.0000	
5687	厒	0	0	1	100.0000	
5688	粕	0	0	8	100.0000	
5689	栀	0	0	3	100.0000	
5690	縥	0	0	1	100.0000	
5691	吒	0	0	2	100.0000	
5692	腴	0	0	11	100.0000	
5693	绺	0	0	1	100.0000	
5694	坩	0	0	4	100.0000	
5695	埚	0	0	2	100.0000	
5696	宕	0	0	8	100.0000	
5697	赳	0	0	4	100.0000	
5698	咤	0	0	10	100.0000	
5699	穻	0	0	1	100.0000	
5700	筠	0	0	7	100.0000	
5701	碓	0	0	6	100.0000	
5702	広	0	0	1	100.0000	
5703	柊	0	0	2	100.0000	
5704	蒹	0	0	1	100.0000	
5705	龒	0	0	1	100.0000	
5706	彐	0	0	6	100.0000	
5707	鳌	0	0	5	100.0000	
5708	妤	0	0	4	100.0000	
5709	瀬	0	0	1	100.0000	
5710	擞	0	0	4	100.0000	
5711	堿	0	0	1	100.0000	
5712	絑	0	0	2	100.0000	
5713	掬	0	0	9	100.0000	
5714	抯	0	0	1	100.0000	
5715	湄	0	0	14	100.0000	
5716	叟	0	0	31	100.0000	
5717	婄	0	0	1	100.0000	
5718	䏝	0	0	1	100.0000	
5719	丨	0	0	1	100.0000	
5720	両	0	0	1	100.0000	
5721	胄	0	0	16	100.0000	
5722	绁	0	0	1	100.0000	
5723	孮	0	0	1	100.0000	
5724	袚	0	0	1	100.0000	
5725	跫	0	0	1	100.0000	
5726	仄	0	0	7	100.0000	
5727	鸫	0	0	1	100.0000	
5728	瓯	0	0	5	100.0000	
5729	疻	0	0	1	100.0000	
5730	狤	0	0	1	100.0000	
5731	侔	0	0	4	100.0000	
5732	冶	0	0	30	100.0000	HSK7-9
5733	衿	0	0	2	100.0000	
5734	嘁	0	0	2	100.0000	
5735	礤	0	0	1	100.0000	
5736	崾	0	0	1	100.0000	
5737	嫦	0	0	24	100.0000	HSK7-9
5738	坰	0	0	1	100.0000	
5739	蔆	0	0	1	100.0000	
5740	敁	0	0	1	100.0000	
5741	鳎	0	0	2	100.0000	
5742	缒	0	0	1	100.0000	
5743	嘬	0	0	1	100.0000	
5744	豝	0	0	1	100.0000	
5745	怆	0	0	7	100.0000	
5746	纶	0	0	33	100.0000	
5747	尨	0	0	1	100.0000	
5748	胦	0	0	1	100.0000	
5749	殄	0	0	1	100.0000	
5750	枰	0	0	1	100.0000	
5751	怓	0	0	1	100.0000	
5752	嵯	0	0	7	100.0000	
5753	倌	0	0	8	100.0000	
5754	钒	0	0	1	100.0000	
5755	淙	0	0	11	100.0000	
5756	沔	0	0	11	100.0000	
5757	螚	0	0	1	100.0000	
5758	淼	0	0	12	100.0000	
5759	馗	0	0	6	100.0000	
5760	徭	0	0	21	100.0000	
5761	郳	0	0	1	100.0000	
5762	剀	0	0	6	100.0000	
5763	蝬	0	0	1	100.0000	
5764	竂	0	0	1	100.0000	
5765	釆	0	0	1	100.0000	
5766	糥	0	0	1	100.0000	
5767	芫	0	0	9	100.0000	
5768	睥	0	0	8	100.0000	
5769	琇	0	0	3	100.0000	
5770	霎	0	0	14	100.0000	
5771	娈	0	0	4	100.0000	
5772	痂	0	0	4	100.0000	
5773	箄	0	0	1	100.0000	
5774	芺	0	0	1	100.0000	
5775	瑠	0	0	27	100.0000	
5776	铍	0	0	2	100.0000	
5777	劦	0	0	1	100.0000	
5778	峉	0	0	1	100.0000	
5779	蓦	0	0	3	100.0000	
5780	馕	0	0	1	100.0000	
5781	绂	0	0	1	100.0000	
5782	擢	0	0	5	100.0000	
5783	騒	0	0	1	100.0000	
5784	筱	0	0	42	100.0000	
5785	宸	0	0	4	100.0000	
5786	眪	0	0	1	100.0000	
5787	糽	0	0	1	100.0000	
5788	袅	0	0	10	100.0000	
5789	椽	0	0	6	100.0000	
5790	涫	0	0	3	100.0000	
5791	柒	0	0	11	100.0000	
5792	吥	0	0	1	100.0000	
5793	蹴	0	0	8	100.0000	
5794	舥	0	0	1	100.0000	
5795	僇	0	0	1	100.0000	
5796	衮	0	0	7	100.0000	
5797	乗	0	0	1	100.0000	
5798	睨	0	0	8	100.0000	
5799	晏	0	0	14	100.0000	
5800	垚	0	0	2	100.0000	
5801	蒉	0	0	1	100.0000	
5802	膟	0	0	1	100.0000	
5803	癴	0	0	1	100.0000	
5804	纟	0	0	1	100.0000	
5805	籏	0	0	1	100.0000	
5806	鏖	0	0	2	100.0000	
5807	苐	0	0	1	100.0000	
5808	碵	0	0	1	100.0000	
5809	谲	0	0	5	100.0000	
5810	酖	0	0	1	100.0000	
5811	炴	0	0	1	100.0000	
5812	鉣	0	0	1	100.0000	
5813	婀	0	0	5	100.0000	
5814	龉	0	0	4	100.0000	
5815	椄	0	0	1	100.0000	
5816	氵	0	0	1	100.0000	
5817	癔	0	0	2	100.0000	
5818	寁	0	0	1	100.0000	
5819	擡	0	0	1	100.0000	
5820	絓	0	0	1	100.0000	
5821	遑	0	0	2	100.0000	
5822	暝	0	0	1	100.0000	
5823	峔	0	0	1	100.0000	
5824	瑢	0	0	18	100.0000	
5825	赅	0	0	3	100.0000	
5826	尥	0	0	3	100.0000	
5827	衲	0	0	5	100.0000	
5828	阄	0	0	5	100.0000	
5829	朼	0	0	1	100.0000	
5830	浙	0	0	11	100.0000	
5831	镧	0	0	1	100.0000	
5832	芘	0	0	7	100.0000	
5833	趿	0	0	3	100.0000	
5834	撘	0	0	1	100.0000	
5835	惴	0	0	4	100.0000	
5836	挌	0	0	1	100.0000	
5837	绱	0	0	1	100.0000	
5838	扲	0	0	1	100.0000	
5839	脍	0	0	5	100.0000	
5840	隍	0	0	9	100.0000	
5841	螣	0	0	1	100.0000	
5842	鄂	0	0	18	100.0000	
5843	饬	0	0	3	100.0000	
5844	隋	0	0	12	100.0000	
5845	奌	0	0	1	100.0000	
5846	泔	0	0	7	100.0000	
5847	倯	0	0	1	100.0000	
5848	锨	0	0	14	100.0000	
5849	螤	0	0	1	100.0000	
5850	珐	0	0	7	100.0000	
5851	崦	0	0	3	100.0000	
5852	窐	0	0	2	100.0000	
5853	炯	0	0	19	100.0000	
5854	瞊	0	0	1	100.0000	
5855	竀	0	0	1	100.0000	
5856	幵	0	0	1	100.0000	
5857	冼	0	0	10	100.0000	
5858	栁	0	0	1	100.0000	
5859	凪	0	0	1	100.0000	
5860	埶	0	0	1	100.0000	
5861	茛	0	0	2	100.0000	
5862	殒	0	0	9	100.0000	
5863	烯	0	0	20	100.0000	
5864	穸	0	0	1	100.0000	
5865	獿	0	0	1	100.0000	
5866	鉖	0	0	1	100.0000	
5867	岘	0	0	2	100.0000	
5868	熠	0	0	3	100.0000	
5869	靖	0	0	53	100.0000	
5870	巠	0	0	1	100.0000	
5871	裨	0	0	3	100.0000	
5872	帼	0	0	10	100.0000	
5873	豭	0	0	1	100.0000	
5874	螨	0	0	3	100.0000	
5875	钹	0	0	6	100.0000	
5876	柘	0	0	10	100.0000	
5877	暸	0	0	2	100.0000	
5878	铡	0	0	2	100.0000	
5879	辺	0	0	1	100.0000	
5880	涓	0	0	5	100.0000	
5881	葹	0	0	1	100.0000	
5882	図	0	0	1	100.0000	
5883	籄	0	0	1	100.0000	
5884	泮	0	0	5	100.0000	
5885	儚	0	0	1	100.0000	
5886	踉	0	0	8	100.0000	
5887	跄	0	0	3	100.0000	
5888	弭	0	0	5	100.0000	
5889	蚵	0	0	1	100.0000	
5890	荏	0	0	5	100.0000	
5891	苒	0	0	4	100.0000	
5892	诘	0	0	5	100.0000	
5893	飕	0	0	4	100.0000	
5894	餍	0	0	1	100.0000	
5895	訧	0	0	1	100.0000	
5896	耏	0	0	1	100.0000	
5897	婃	0	0	1	100.0000	
5898	龃	0	0	3	100.0000	
5899	岷	0	0	4	100.0000	
5900	砜	0	0	6	100.0000	
5901	峓	0	0	1	100.0000	
5902	挢	0	0	1	100.0000	
5903	瑇	0	0	1	100.0000	
5904	膐	0	0	1	100.0000	
5905	琝	0	0	1	100.0000	
5906	禩	0	0	1	100.0000	
5907	稵	0	0	1	100.0000	
5908	猅	0	0	1	100.0000	
5909	猕	0	0	5	100.0000	
5910	睚	0	0	8	100.0000	
5911	槿	0	0	4	100.0000	
5912	渚	0	0	5	100.0000	
5913	碛	0	0	6	100.0000	
5914	螘	0	0	1	100.0000	
5915	誊	0	0	12	100.0000	
5916	溱	0	0	4	100.0000	
5917	泚	0	0	1	100.0000	
5918	罯	0	0	1	100.0000	
5919	幔	0	0	16	100.0000	
5920	戎	0	0	40	100.0000	
5921	塾	0	0	9	100.0000	
5922	薨	0	0	1	100.0000	
5923	肸	0	0	1	100.0000	
5924	囥	0	0	1	100.0000	
5925	篙	0	0	5	100.0000	
5926	杸	0	0	1	100.0000	
5927	婥	0	0	1	100.0000	
5928	痱	0	0	4	100.0000	
5929	縇	0	0	1	100.0000	
5930	纄	0	0	1	100.0000	
5931	璱	0	0	1	100.0000	
5932	瓒	0	0	4	100.0000	
5933	桠	0	0	5	100.0000	
5934	鹞	0	0	7	100.0000	
5935	淜	0	0	1	100.0000	
5936	臖	0	0	1	100.0000	
5937	癑	0	0	1	100.0000	
5938	蛅	0	0	1	100.0000	
5939	竨	0	0	1	100.0000	
5940	挴	0	0	1	100.0000	
5941	阍	0	0	1	100.0000	
5942	牯	0	0	2	100.0000	
5943	蝰	0	0	2	100.0000	
5944	铉	0	0	26	100.0000	
5945	铱	0	0	2	100.0000	
5946	阺	0	0	1	100.0000	
5947	螒	0	0	1	100.0000	
5948	瞽	0	0	1	100.0000	
5949	缞	0	0	1	100.0000	
5950	繴	0	0	1	100.0000	
5951	贻	0	0	16	100.0000	
5952	螝	0	0	1	100.0000	
5953	婵	0	0	20	100.0000	
5954	竽	0	0	5	100.0000	
5955	眬	0	0	5	100.0000	
5956	狣	0	0	1	100.0000	
5957	櫈	0	0	1	100.0000	
5958	晩	0	0	1	100.0000	
5959	髭	0	0	3	100.0000	
5960	汕	0	0	7	100.0000	
5961	夤	0	0	5	100.0000	
5962	沪	0	0	7	100.0000	
5963	傚	0	0	1	100.0000	
5964	箈	0	0	1	100.0000	
5965	黠	0	0	4	100.0000	
5966	揿	0	0	2	100.0000	
5967	蓁	0	0	3	100.0000	
5968	淲	0	0	1	100.0000	
5969	酘	0	0	1	100.0000	
5970	刍	0	0	6	100.0000	
5971	琈	0	0	1	100.0000	
5972	睺	0	0	1	100.0000	
5973	竰	0	0	1	100.0000	
5974	嫜	0	0	1	100.0000	
5975	嵊	0	0	9	100.0000	
5976	硗	0	0	1	100.0000	
5977	蝮	0	0	2	100.0000	
5978	佟	0	0	8	100.0000	
5979	陧	0	0	1	100.0000	
5980	毂	0	0	8	100.0000	
5981	㓥	0	0	1	100.0000	
5982	徬	0	0	1	100.0000	
5983	攷	0	0	1	100.0000	
5984	藜	0	0	4	100.0000	
5985	逌	0	0	1	100.0000	
5986	坌	0	0	1	100.0000	
5987	酴	0	0	1	100.0000	
5988	螠	0	0	1	100.0000	
5989	懿	0	0	5	100.0000	
5990	馍	0	0	11	100.0000	
5991	緈	0	0	1	100.0000	
5992	瘢	0	0	2	100.0000	
5993	哌	0	0	7	100.0000	
5994	啶	0	0	8	100.0000	
5995	嗪	0	0	5	100.0000	
5996	蓙	0	0	1	100.0000	
5997	吡	0	0	8	100.0000	
5998	璇	0	0	6	100.0000	
5999	脺	0	0	1	100.0000	
6000	蹓	0	0	1	100.0000	
6001	沬	0	0	1	100.0000	
6002	浚	0	0	5	100.0000	
6003	逡	0	0	2	100.0000	
6004	娸	0	0	1	100.0000	
6005	骓	0	0	1	100.0000	
6006	驺	0	0	1	100.0000	
6007	泬	0	0	1	100.0000	
6008	坒	0	0	1	100.0000	
6009	霤	0	0	1	100.0000	
6010	瀛	0	0	5	100.0000	
6011	埭	0	0	1	100.0000	
6012	劼	0	0	1	100.0000	
6013	㭴	0	0	1	100.0000	
6014	磗	0	0	1	100.0000	
6015	柀	0	0	1	100.0000	
6016	鳐	0	0	1	100.0000	
6017	痧	0	0	2	100.0000	
6018	舩	0	0	1	100.0000	
6019	沩	0	0	11	100.0000	
6020	咝	0	0	4	100.0000	
6021	螛	0	0	1	100.0000	
6022	肱	0	0	5	100.0000	
6023	磏	0	0	1	100.0000	
6024	瞁	0	0	1	100.0000	
6025	穙	0	0	1	100.0000	
6026	庤	0	0	1	100.0000	
6027	驩	0	0	1	100.0000	
6028	逖	0	0	15	100.0000	
6029	堀	0	0	20	100.0000	
6030	濡	0	0	6	100.0000	
6031	迾	0	0	1	100.0000	
6032	炾	0	0	1	100.0000	
6033	牉	0	0	1	100.0000	
6034	禺	0	0	4	100.0000	
6035	箸	0	0	1	100.0000	
6036	桯	0	0	1	100.0000	
6037	盕	0	0	1	100.0000	
6038	瞚	0	0	1	100.0000	
6039	譲	0	0	1	100.0000	
6040	蕙	0	0	18	100.0000	
6041	滗	0	0	1	100.0000	
6042	锔	0	0	1	100.0000	
6043	亳	0	0	5	100.0000	
6044	谗	0	0	7	100.0000	
6045	倛	0	0	1	100.0000	
6046	呓	0	0	7	100.0000	
6047	綥	0	0	1	100.0000	
6048	枻	0	0	1	100.0000	
6049	翊	0	0	4	100.0000	
6050	龚	0	0	17	100.0000	
6051	缶	0	0	1	100.0000	
6052	梛	0	0	1	100.0000	
6053	坂	0	0	91	100.0000	
6054	嗙	0	0	1	100.0000	
6055	偆	0	0	1	100.0000	
6056	翳	0	0	5	100.0000	
6057	铯	0	0	1	100.0000	
6058	淬	0	0	6	100.0000	
6059	鳝	0	0	15	100.0000	
6060	扽	0	0	1	100.0000	
6061	镫	0	0	3	100.0000	
6062	钍	0	0	1	100.0000	
6063	緉	0	0	1	100.0000	
6064	窸	0	0	1	100.0000	
6065	僮	0	0	7	100.0000	
6066	铳	0	0	5	100.0000	
6067	呁	0	0	1	100.0000	
6068	膈	0	0	4	100.0000	
6069	礞	0	0	6	100.0000	
6070	枓	0	0	1	100.0000	
6071	缵	0	0	5	100.0000	
6072	琋	0	0	1	100.0000	
6073	鸾	0	0	13	100.0000	
6074	掭	0	0	1	100.0000	
6075	爿	0	0	1	100.0000	
6076	呖	0	0	5	100.0000	
6077	舛	0	0	4	100.0000	
6078	砅	0	0	1	100.0000	
6079	彊	0	0	1	100.0000	
6080	舂	0	0	1	100.0000	
6081	檄	0	0	5	100.0000	
6082	梿	0	0	2	100.0000	
6083	歃	0	0	4	100.0000	
6084	郬	0	0	1	100.0000	
6085	滝	0	0	3	100.0000	
6086	邺	0	0	1	100.0000	
6087	垆	0	0	2	100.0000	
6088	椁	0	0	3	100.0000	
6089	佘	0	0	12	100.0000	
6090	桢	0	0	11	100.0000	
6091	螖	0	0	1	100.0000	
6092	唻	0	0	1	100.0000	
6093	丕	0	0	13	100.0000	
6094	嗥	0	0	6	100.0000	
6095	忸	0	0	3	100.0000	
6096	怩	0	0	3	100.0000	
6097	哧	0	0	11	100.0000	
6098	愆	0	0	2	100.0000	
6099	剞	0	0	1	100.0000	
6100	滢	0	0	4	100.0000	
6101	痤	0	0	2	100.0000	
6102	籷	0	0	1	100.0000	
6103	岐	0	0	36	100.0000	
6104	倠	0	0	1	100.0000	
6105	埘	0	0	1	100.0000	
6106	芴	0	0	1	100.0000	
6107	耤	0	0	1	100.0000	
6108	璢	0	0	1	100.0000	
6109	哢	0	0	1	100.0000	
6110	醡	0	0	1	100.0000	
6111	嗐	0	0	1	100.0000	
6112	咘	0	0	1	100.0000	
6113	呶	0	0	1	100.0000	
6114	厗	0	0	1	100.0000	
6115	吅	0	0	1	100.0000	
6116	橆	0	0	1	100.0000	
6117	澪	0	0	26	100.0000	
6118	㖊	0	0	1	100.0000	
6119	纃	0	0	1	100.0000	
6120	沣	0	0	4	100.0000	
6121	稔	0	0	12	100.0000	
6122	谌	0	0	8	100.0000	
6123	虴	0	0	1	100.0000	
6124	磡	0	0	1	100.0000	
6125	於	0	0	1	100.0000	
6126	萼	0	0	7	100.0000	
6127	洸	0	0	1	100.0000	
6128	堰	0	0	28	100.0000	
6129	糠	0	0	12	100.0000	
6130	桸	0	0	1	100.0000	
6131	呪	0	0	1	100.0000	
6132	蠄	0	0	1	100.0000	
6133	缣	0	0	1	100.0000	
6134	阢	0	0	1	100.0000	
6135	坯	0	0	16	100.0000	
6136	簪	0	0	13	100.0000	
6137	珥	0	0	7	100.0000	
6138	礡	0	0	1	100.0000	
6139	寅	0	0	15	100.0000	
6140	鬟	0	0	4	100.0000	
6141	扦	0	0	7	100.0000	
6142	埥	0	0	1	100.0000	
6143	啎	0	0	1	100.0000	
6144	涖	0	0	1	100.0000	
6145	阒	0	0	2	100.0000	
6146	岑	0	0	31	100.0000	
6147	黥	0	0	1	100.0000	
6148	玞	0	0	1	100.0000	
6149	闰	0	0	12	100.0000	
6150	衶	0	0	1	100.0000	
6151	怍	0	0	2	100.0000	
6152	瑄	0	0	7	100.0000	
6153	娆	0	0	3	100.0000	
6154	閟	0	0	1	100.0000	
6155	缷	0	0	1	100.0000	
6156	珧	0	0	2	100.0000	
6157	鬈	0	0	1	100.0000	
6158	妘	0	0	3	100.0000	
6159	眙	0	0	4	100.0000	
6160	庋	0	0	1	100.0000	
6161	琡	0	0	1	100.0000	
6162	泫	0	0	1	100.0000	
6163	轪	0	0	1	100.0000	
6164	谿	0	0	1	100.0000	
6165	猢	0	0	2	100.0000	
6166	狲	0	0	5	100.0000	
6167	隹	0	0	2	100.0000	
6168	蒾	0	0	1	100.0000	
6169	鲳	0	0	4	100.0000	
6170	単	0	0	1	100.0000	
6171	榣	0	0	1	100.0000	
6172	媞	0	0	20	100.0000	
6173	坅	0	0	1	100.0000	
6174	隣	0	0	1	100.0000	
6175	趺	0	0	5	100.0000	
6176	竩	0	0	1	100.0000	
6177	飜	0	0	1	100.0000	
6178	俷	0	0	1	100.0000	
6179	揖	0	0	6	100.0000	
6180	皓	0	0	17	100.0000	
6181	挹	0	0	3	100.0000	
6182	苫	0	0	1	100.0000	
6183	唑	0	0	12	100.0000	
6184	噃	0	0	1	100.0000	
6185	轲	0	0	4	100.0000	
6186	猦	0	0	1	100.0000	
6187	酉	0	0	13	100.0000	
6188	徕	0	0	8	100.0000	
6189	饫	0	0	1	100.0000	
6190	汩	0	0	4	100.0000	
6191	燄	0	0	1	100.0000	
6192	戺	0	0	1	100.0000	
6193	婈	0	0	1	100.0000	
6194	珔	0	0	1	100.0000	
6195	铏	0	0	1	100.0000	
6196	滏	0	0	7	100.0000	
6197	樊	0	0	26	100.0000	
6198	玝	0	0	1	100.0000	
6199	箝	0	0	4	100.0000	
6200	佌	0	0	1	100.0000	
6201	蚻	0	0	1	100.0000	
6202	酎	0	0	1	100.0000	
6203	龇	0	0	3	100.0000	
6204	涪	0	0	3	100.0000	
6205	奁	0	0	3	100.0000	
6206	甴	0	0	2	100.0000	
6207	炆	0	0	1	100.0000	
6208	氹	0	0	2	100.0000	
6209	糓	0	0	1	100.0000	
6210	笫	0	0	1	100.0000	
6211	扥	0	0	1	100.0000	
6212	耊	0	0	1	100.0000	
6213	傺	0	0	1	100.0000	
6214	萪	0	0	1	100.0000	
6215	磘	0	0	1	100.0000	
6216	増	0	0	1	100.0000	
6217	悩	0	0	1	100.0000	
6218	毽	0	0	6	100.0000	
6219	茠	0	0	1	100.0000	
6220	绀	0	0	6	100.0000	
6221	嶝	0	0	1	100.0000	
6222	葳	0	0	26	100.0000	
6223	桜	0	0	1	100.0000	
6224	讴	0	0	3	100.0000	
6225	踯	0	0	5	100.0000	
6226	躅	0	0	3	100.0000	
6227	愎	0	0	2	100.0000	
6228	粱	0	0	16	100.0000	
6229	呑	0	0	1	100.0000	
6230	殚	0	0	8	100.0000	
6231	怄	0	0	2	100.0000	
6232	耭	0	0	1	100.0000	
6233	茌	0	0	1	100.0000	
6234	稨	0	0	1	100.0000	
6235	幄	0	0	4	100.0000	
6236	罅	0	0	2	100.0000	
6237	刳	0	0	1	100.0000	
6238	戕	0	0	10	100.0000	
6239	嬝	0	0	1	100.0000	
6240	沆	0	0	3	100.0000	
6241	瀣	0	0	1	100.0000	
6242	麂	0	0	2	100.0000	
6243	赭	0	0	6	100.0000	
6244	舨	0	0	1	100.0000	
6245	氿	0	0	1	100.0000	
6246	箐	0	0	1	100.0000	
6247	嫲	0	0	1	100.0000	
6248	珞	0	0	7	100.0000	
6249	桁	0	0	7	100.0000	
6250	韶	0	0	17	100.0000	
6251	羦	0	0	1	100.0000	
6252	乸	0	0	1	100.0000	
6253	糬	0	0	1	100.0000	
6254	妺	0	0	1	100.0000	
6255	漭	0	0	1	100.0000	
6256	厖	0	0	1	100.0000	
6257	吪	0	0	1	100.0000	
6258	跂	0	0	1	100.0000	
6259	畚	0	0	2	100.0000	
6260	镛	0	0	7	100.0000	
6261	堔	0	0	1	100.0000	
6262	娑	0	0	3	100.0000	
6263	沷	0	0	1	100.0000	
6264	瘿	0	0	2	100.0000	
6265	伅	0	0	1	100.0000	
6266	颃	0	0	1	100.0000	
6267	伂	0	0	1	100.0000	
6268	侂	0	0	1	100.0000	
6269	啻	0	0	2	100.0000	
6270	祁	0	0	15	100.0000	
6271	蘃	0	0	1	100.0000	
6272	堑	0	0	5	100.0000	
6273	铣	0	0	3	100.0000	
6274	袉	0	0	1	100.0000	
6275	圜	0	0	2	100.0000	
6276	閙	0	0	1	100.0000	
6277	辕	0	0	9	100.0000	
6278	袨	0	0	1	100.0000	
6279	祛	0	0	18	100.0000	
6280	蚽	0	0	1	100.0000	
6281	㔉	0	0	1	100.0000	
6282	磎	0	0	1	100.0000	
6283	鸱	0	0	1	100.0000	
6284	湫	0	0	1	100.0000	
6285	潼	0	0	11	100.0000	
6286	荂	0	0	1	100.0000	
6287	戻	0	0	1	100.0000	
6288	禓	0	0	1	100.0000	
6289	沲	0	0	1	100.0000	
6290	诹	0	0	1	100.0000	
6291	筲	0	0	2	100.0000	
6292	烃	0	0	5	100.0000	
6293	荦	0	0	5	100.0000	
6294	聅	0	0	1	100.0000	
6295	誁	0	0	1	100.0000	
6296	豉	0	0	14	100.0000	
6297	莩	0	0	1	100.0000	
6298	舻	0	0	2	100.0000	
6299	铒	0	0	1	100.0000	
6300	笶	0	0	1	100.0000	
6301	沤	0	0	1	100.0000	
6302	腲	0	0	1	100.0000	
6303	酯	0	0	16	100.0000	
6304	竢	0	0	1	100.0000	
6305	汃	0	0	1	100.0000	
6306	猐	0	0	2	100.0000	
6307	団	0	0	1	100.0000	
6308	帡	0	0	1	100.0000	
6309	戗	0	0	2	100.0000	
6310	甽	0	0	1	100.0000	
6311	乩	0	0	3	100.0000	
6312	噔	0	0	2	100.0000	
6313	蚧	0	0	2	100.0000	
6314	蕈	0	0	5	100.0000	
6315	砹	0	0	1	100.0000	
6316	郧	0	0	12	100.0000	
6317	袛	0	0	3	100.0000	
6318	玾	0	0	1	100.0000	
6319	阋	0	0	6	100.0000	
6320	萺	0	0	1	100.0000	
6321	晌	0	0	17	100.0000	
6322	褡	0	0	3	100.0000	
6323	幛	0	0	4	100.0000	
6324	恹	0	0	2	100.0000	
6325	馐	0	0	3	100.0000	
6326	蛟	0	0	9	100.0000	
6327	囖	0	0	1	100.0000	
6328	搣	0	0	1	100.0000	
6329	栎	0	0	5	100.0000	
6330	霏	0	0	2	100.0000	
6331	儴	0	0	1	100.0000	
6332	垌	0	0	6	100.0000	
6333	蜧	0	0	1	100.0000	
6334	恛	0	0	1	100.0000	
6335	耾	0	0	1	100.0000	
6336	蜱	0	0	1	100.0000	
6337	燮	0	0	22	100.0000	
6338	杈	0	0	5	100.0000	
6339	閚	0	0	1	100.0000	
6340	秷	0	0	1	100.0000	
6341	艼	0	0	1	100.0000	
6342	幡	0	0	11	100.0000	
6343	眘	0	0	1	100.0000	
6344	菖	0	0	6	100.0000	
6345	煖	0	0	2	100.0000	
6346	笣	0	0	1	100.0000	
6347	磛	0	0	1	100.0000	
6348	戌	0	0	14	100.0000	
6349	镘	0	0	2	100.0000	
6350	擭	0	0	1	100.0000	
6351	窅	0	0	1	100.0000	
6352	胥	0	0	14	100.0000	
6353	迨	0	0	1	100.0000	
6354	矨	0	0	1	100.0000	
6355	邬	0	0	9	100.0000	
6356	訾	0	0	2	100.0000	
6357	鲼	0	0	1	100.0000	
6358	攰	0	0	1	100.0000	
6359	彖	0	0	1	100.0000	
6360	秔	0	0	1	100.0000	
6361	娓	0	0	3	100.0000	
6362	劄	0	0	1	100.0000	
6363	骀	0	0	1	100.0000	
6364	蹚	0	0	1	100.0000	
6365	饴	0	0	6	100.0000	
6366	翲	0	0	1	100.0000	
6367	轱	0	0	5	100.0000	
6368	痽	0	0	1	100.0000	
6369	翭	0	0	1	100.0000	
6370	猲	0	0	1	100.0000	
6371	砝	0	0	2	100.0000	
6372	胣	0	0	1	100.0000	
6373	珅	0	0	2	100.0000	
6374	辋	0	0	1	100.0000	
6375	呥	0	0	1	100.0000	
6376	醩	0	0	1	100.0000	
6377	炤	0	0	2	100.0000	
6378	汨	0	0	3	100.0000	
6379	鹪	0	0	2	100.0000	
6380	鹩	0	0	3	100.0000	
6381	傰	0	0	1	100.0000	
6382	珓	0	0	1	100.0000	
6383	棫	0	0	1	100.0000	
6384	糂	0	0	1	100.0000	
6385	蛐	0	0	3	100.0000	
6386	鲽	0	0	1	100.0000	
6387	褔	0	0	2	100.0000	
6388	蟥	0	0	1	100.0000	
6389	粣	0	0	1	100.0000	
6390	婤	0	0	1	100.0000	
6391	淖	0	0	2	100.0000	
6392	哫	0	0	1	100.0000	
6393	昫	0	0	1	100.0000	
6394	溘	0	0	5	100.0000	
6395	邯	0	0	3	100.0000	
6396	晷	0	0	6	100.0000	
6397	鲢	0	0	4	100.0000	
6398	霭	0	0	11	100.0000	
6399	槐	0	0	10	100.0000	HSK7-9
6400	悭	0	0	6	100.0000	
6401	卅	0	0	14	100.0000	
6402	赀	0	0	3	100.0000	
6403	緖	0	0	1	100.0000	
6404	瑾	0	0	15	100.0000	
6405	婞	0	0	1	100.0000	
6406	苨	0	0	1	100.0000	
6407	爰	0	0	1	100.0000	
6408	扆	0	0	1	100.0000	
6409	徆	0	0	1	100.0000	
6410	菔	0	0	3	100.0000	
6411	镓	0	0	3	100.0000	
6412	郰	0	0	1	100.0000	
6413	韒	0	0	1	100.0000	
6414	筢	0	0	1	100.0000	
6415	玃	0	0	1	100.0000	
6416	聈	0	0	1	100.0000	
6417	硏	0	0	3	100.0000	
6418	鞴	0	0	1	100.0000	
6419	溆	0	0	6	100.0000	
6420	醤	0	0	1	100.0000	
6421	螡	0	0	1	100.0000	
6422	嚆	0	0	2	100.0000	
6423	廸	0	0	1	100.0000	
6424	昕	0	0	11	100.0000	
6425	熵	0	0	2	100.0000	
6426	嗫	0	0	3	100.0000	
6427	鲗	0	0	1	100.0000	
6428	鳔	0	0	1	100.0000	
6429	簷	0	0	5	100.0000	
6430	讦	0	0	7	100.0000	
6431	忖	0	0	4	100.0000	
6432	碅	0	0	1	100.0000	
6433	囫	0	0	4	100.0000	
6434	囵	0	0	4	100.0000	
6435	疺	0	0	1	100.0000	
6436	埸	0	0	1	100.0000	
6437	秇	0	0	1	100.0000	
6438	疥	0	0	5	100.0000	
6439	抇	0	0	1	100.0000	
6440	抸	0	0	2	100.0000	
6441	玠	0	0	1	100.0000	
6442	郤	0	0	2	100.0000	
6443	珉	0	0	20	100.0000	
6444	嫡	0	0	10	100.0000	
6445	邟	0	0	1	100.0000	
6446	墬	0	0	1	100.0000	
6447	踽	0	0	2	100.0000	
6448	谆	0	0	3	100.0000	
6449	珰	0	0	1	100.0000	
6450	簒	0	0	1	100.0000	
6451	荠	0	0	8	100.0000	
6452	汴	0	0	3	100.0000	
6453	阞	0	0	1	100.0000	
6454	甬	0	0	3	100.0000	
6455	辻	0	0	7	100.0000	
6456	眄	0	0	1	100.0000	
6457	掎	0	0	10	100.0000	
6458	媸	0	0	2	100.0000	
6459	礴	0	0	5	100.0000	
6460	赸	0	0	1	100.0000	
6461	镪	0	0	4	100.0000	
6462	皃	0	0	1	100.0000	
6463	苓	0	0	14	100.0000	
6464	挐	0	0	1	100.0000	
6465	饽	0	0	2	100.0000	
6466	瑷	0	0	2	100.0000	
6467	闾	0	0	13	100.0000	
6468	贲	0	0	10	100.0000	
6469	粳	0	0	6	100.0000	
6470	弾	0	0	1	100.0000	
6471	祯	0	0	6	100.0000	
6472	锗	0	0	1	100.0000	
6473	鹗	0	0	3	100.0000	
6474	泱	0	0	5	100.0000	
6475	梠	0	0	1	100.0000	
6476	闳	0	0	6	100.0000	
6477	蚞	0	0	1	100.0000	
6478	桧	0	0	13	100.0000	
6479	桾	0	0	1	100.0000	
6480	郗	0	0	8	100.0000	
6481	櫢	0	0	1	100.0000	
6482	蚥	0	0	1	100.0000	
6483	彤	0	0	31	100.0000	
6484	邹	0	0	15	100.0000	
6485	籣	0	0	1	100.0000	
6486	骟	0	0	1	100.0000	
6487	獐	0	0	1	100.0000	
6488	嵴	0	0	1	100.0000	
6489	绋	0	0	1	100.0000	
6490	蜣	0	0	2	100.0000	
6491	眐	0	0	1	100.0000	
6492	漒	0	0	1	100.0000	
6493	耒	0	0	4	100.0000	
6494	蒃	0	0	1	100.0000	
6495	巻	0	0	1	100.0000	
6496	镝	0	0	2	100.0000	
6497	钋	0	0	1	100.0000	
6498	庨	0	0	1	100.0000	
6499	赲	0	0	1	100.0000	
6500	盻	0	0	1	100.0000	
6501	眊	0	0	1	100.0000	
6502	堁	0	0	1	100.0000	
6503	怼	0	0	4	100.0000	
6504	螌	0	0	1	100.0000	
6505	葮	0	0	1	100.0000	
6506	鶫	0	0	1	100.0000	
6507	粧	0	0	1	100.0000	
6508	臻	0	0	8	100.0000	
6509	讫	0	0	5	100.0000	
6510	镚	0	0	3	100.0000	
6511	檫	0	0	1	100.0000	
6512	湴	0	0	1	100.0000	
6513	芧	0	0	1	100.0000	
6514	萋	0	0	2	100.0000	
6515	蚩	0	0	9	100.0000	
6516	呿	0	0	1	100.0000	
6517	咇	0	0	1	100.0000	
6518	笳	0	0	2	100.0000	
6519	嗔	0	0	4	100.0000	
6520	旖	0	0	4	100.0000	
6521	旎	0	0	2	100.0000	
6522	秗	0	0	1	100.0000	
6523	皛	0	0	4	100.0000	
6524	懑	0	0	1	100.0000	
6525	婝	0	0	1	100.0000	
6526	峚	0	0	1	100.0000	
6527	虻	0	0	3	100.0000	
6528	闼	0	0	2	100.0000	
6529	継	0	0	1	100.0000	
6530	筊	0	0	1	100.0000	
6531	耄	0	0	3	100.0000	
6532	渧	0	0	1	100.0000	
6533	瘜	0	0	1	100.0000	
6534	翎	0	0	9	100.0000	
6535	崝	0	0	1	100.0000	
6536	孳	0	0	2	100.0000	
6537	罥	0	0	1	100.0000	
6538	戊	0	0	14	100.0000	
6539	坶	0	0	1	100.0000	
6540	伣	0	0	1	100.0000	
6541	噏	0	0	1	100.0000	
6542	睢	0	0	2	100.0000	
6543	谪	0	0	4	100.0000	
6544	玹	0	0	1	100.0000	
6545	燔	0	0	1	100.0000	
6546	蝋	0	0	1	100.0000	
6547	榖	0	0	2	100.0000	
6548	祧	0	0	1	100.0000	
6549	肄	0	0	6	100.0000	
6550	裃	0	0	1	100.0000	
6551	磲	0	0	24	100.0000	
6552	汾	0	0	7	100.0000	
6553	碊	0	0	1	100.0000	
6554	鸬	0	0	3	100.0000	
6555	鹚	0	0	2	100.0000	
6556	嘥	0	0	1	100.0000	
6557	佺	0	0	1	100.0000	
6558	巍	0	0	18	100.0000	
6559	鸸	0	0	2	100.0000	
6560	鹋	0	0	1	100.0000	
6561	鲇	0	0	5	100.0000	
6562	髯	0	0	3	100.0000	
6563	迳	0	0	4	100.0000	
6564	屣	0	0	4	100.0000	
6565	忷	0	0	1	100.0000	
6566	昊	0	0	18	100.0000	
6567	劻	0	0	1	100.0000	
6568	氩	0	0	2	100.0000	
6569	傈	0	0	3	100.0000	
6570	癦	0	0	1	100.0000	
6571	盫	0	0	1	100.0000	
6572	砠	0	0	1	100.0000	
6573	崞	0	0	1	100.0000	
6574	璴	0	0	1	100.0000	
6575	緕	0	0	1	100.0000	
6576	徳	0	0	7	100.0000	
6577	炔	0	0	3	100.0000	
6578	枍	0	0	1	100.0000	
6579	燠	0	0	4	100.0000	
6580	笪	0	0	1	100.0000	
6581	玧	0	0	1	100.0000	
6582	箌	0	0	1	100.0000	
6583	秾	0	0	1	100.0000	
6584	紽	0	0	1	100.0000	
6585	喠	0	0	1	100.0000	
6586	佶	0	0	8	100.0000	
6587	螕	0	0	1	100.0000	
6588	衧	0	0	1	100.0000	
6589	榫	0	0	2	100.0000	
6590	枺	0	0	1	100.0000	
6591	戥	0	0	1	100.0000	
6592	樯	0	0	1	100.0000	
6593	悕	0	0	1	100.0000	
6594	翟	0	0	14	100.0000	
6595	槁	0	0	7	100.0000	
6596	曜	0	0	4	100.0000	
6597	峊	0	0	1	100.0000	
6598	烨	0	0	8	100.0000	
6599	砟	0	0	2	100.0000	
6600	匢	0	0	1	100.0000	
6601	黾	0	0	1	100.0000	
6602	谶	0	0	2	100.0000	
6603	犇	0	0	1	100.0000	
6604	嗟	0	0	5	100.0000	
6605	薜	0	0	8	100.0000	
6606	耆	0	0	10	100.0000	
6607	栯	0	0	1	100.0000	
6608	葇	0	0	1	100.0000	
6609	嬛	0	0	1	100.0000	
6610	覗	0	0	1	100.0000	
6611	滟	0	0	4	100.0000	
6612	奘	0	0	17	100.0000	
6613	嫱	0	0	4	100.0000	
6614	螆	0	0	1	100.0000	
6615	蒄	0	0	1	100.0000	
6616	瓿	0	0	2	100.0000	
6617	耡	0	0	1	100.0000	
6618	窓	0	0	1	100.0000	
6619	従	0	0	1	100.0000	
6620	哙	0	0	3	100.0000	
6621	溲	0	0	1	100.0000	
6622	潟	0	0	2	100.0000	
6623	橹	0	0	2	100.0000	
6624	瑉	0	0	1	100.0000	
6625	嵝	0	0	2	100.0000	
6626	髇	0	0	1	100.0000	
6627	岉	0	0	1	100.0000	
6628	牊	0	0	1	100.0000	
6629	凅	0	0	1	100.0000	
6630	嘐	0	0	1	100.0000	
6631	逜	0	0	1	100.0000	
6632	粼	0	0	3	100.0000	
6633	熤	0	0	1	100.0000	
6634	谰	0	0	3	100.0000	
6635	砶	0	0	1	100.0000	
6636	睮	0	0	1	100.0000	
6637	忭	0	0	2	100.0000	
6638	埴	0	0	1	100.0000	
6639	姹	0	0	3	100.0000	
6640	暪	0	0	1	100.0000	
6641	鸪	0	0	1	100.0000	
6642	獒	0	0	4	100.0000	
6643	粃	0	0	1	100.0000	
6644	嶂	0	0	2	100.0000	
6645	剟	0	0	1	100.0000	
6646	淂	0	0	1	100.0000	
6647	脔	0	0	2	100.0000	
6648	仴	0	0	1	100.0000	
6649	耪	0	0	1	100.0000	
6650	哕	0	0	1	100.0000	
6651	莼	0	0	4	100.0000	
6652	簁	0	0	1	100.0000	
6653	郛	0	0	1	100.0000	
6654	忴	0	0	1	100.0000	
6655	栄	0	0	3	100.0000	
6656	賍	0	0	1	100.0000	
6657	稹	0	0	9	100.0000	
6658	趹	0	0	1	100.0000	
6659	韪	0	0	3	100.0000	
6660	撺	0	0	3	100.0000	
6661	菰	0	0	1	100.0000	
6662	孭	0	0	1	100.0000	
6663	跖	0	0	2	100.0000	
6664	茕	0	0	2	100.0000	
6665	葚	0	0	2	100.0000	
6666	捄	0	0	1	100.0000	
6667	阈	0	0	4	100.0000	
6668	拏	0	0	1	100.0000	
6669	囷	0	0	1	100.0000	
6670	瓬	0	0	1	100.0000	
6671	瑭	0	0	2	100.0000	
6672	郯	0	0	2	100.0000	
6673	萆	0	0	1	100.0000	
6674	缬	0	0	3	100.0000	
6675	醪	0	0	2	100.0000	
6676	椋	0	0	2	100.0000	
6677	韘	0	0	1	100.0000	
6678	雎	0	0	6	100.0000	
6679	黉	0	0	1	100.0000	
6680	跣	0	0	1	100.0000	
6681	軚	0	0	1	100.0000	
6682	茑	0	0	1	100.0000	
6683	濯	0	0	2	100.0000	
6684	隳	0	0	1	100.0000	
6685	荀	0	0	4	100.0000	
6686	犽	0	0	1	100.0000	
6687	籘	0	0	1	100.0000	
6688	衞	0	0	1	100.0000	
6689	赱	0	0	1	100.0000	
6690	柾	0	0	1	100.0000	
6691	磙	0	0	27	100.0000	
6692	僎	0	0	1	100.0000	
6693	貘	0	0	1	100.0000	
6694	芍	0	0	3	100.0000	
6695	圮	0	0	1	100.0000	
6696	鲩	0	0	1	100.0000	
6697	镞	0	0	3	100.0000	
6698	谝	0	0	1	100.0000	
6699	铵	0	0	13	100.0000	
6700	梪	0	0	1	100.0000	
6701	嫚	0	0	4	100.0000	
6702	镴	0	0	1	100.0000	
6703	忨	0	0	1	100.0000	
6704	绥	0	0	10	100.0000	
6705	挍	0	0	1	100.0000	
6706	犭	0	0	1	100.0000	
6707	礳	0	0	1	100.0000	
6708	経	0	0	1	100.0000	
6709	钯	0	0	1	100.0000	
6710	囍	0	0	1	100.0000	
6711	旌	0	0	9	100.0000	
6712	锪	0	0	1	100.0000	
6713	聀	0	0	1	100.0000	
6714	痑	0	0	1	100.0000	
6715	晄	0	0	1	100.0000	
6716	欤	0	0	1	100.0000	
6717	絒	0	0	1	100.0000	
6718	夆	0	0	1	100.0000	
6719	郖	0	0	1	100.0000	
6720	疢	0	0	1	100.0000	
6721	苄	0	0	4	100.0000	
6722	脁	0	0	1	100.0000	
6723	筯	0	0	1	100.0000	
6724	洨	0	0	1	100.0000	
6725	飒	0	0	11	100.0000	
6726	胉	0	0	1	100.0000	
6727	肵	0	0	1	100.0000	
6728	杶	0	0	1	100.0000	
6729	桓	0	0	23	100.0000	
6730	羌	0	0	14	100.0000	
6731	陉	0	0	2	100.0000	
6732	丼	0	0	1	100.0000	
6733	氙	0	0	2	100.0000	
6734	観	0	0	1	100.0000	
6735	豊	0	0	1	100.0000	
6736	蚶	0	0	2	100.0000	
6737	艏	0	0	1	100.0000	
6738	摅	0	0	1	100.0000	
6739	蒯	0	0	7	100.0000	
6740	玟	0	0	13	100.0000	
6741	噛	0	0	1	100.0000	
6742	鴈	0	0	1	100.0000	
6743	僶	0	0	1	100.0000	
6744	琲	0	0	1	100.0000	
6745	鉹	0	0	1	100.0000	
6746	掻	0	0	1	100.0000	
6747	擀	0	0	4	100.0000	
6748	汊	0	0	1	100.0000	
6749	眛	0	0	1	100.0000	
6750	冔	0	0	1	100.0000	
6751	颦	0	0	4	100.0000	
6752	梒	0	0	1	100.0000	
6753	谥	0	0	1	100.0000	
6754	疘	0	0	1	100.0000	
6755	怵	0	0	3	100.0000	
6756	绖	0	0	1	100.0000	
6757	茞	0	0	1	100.0000	
6758	祼	0	0	2	100.0000	
6759	礖	0	0	1	100.0000	
6760	脰	0	0	1	100.0000	
6761	骊	0	0	3	100.0000	
6762	蒎	0	0	1	100.0000	
6763	軠	0	0	1	100.0000	
6764	烚	0	0	1	100.0000	
6765	霪	0	0	2	100.0000	
6766	杷	0	0	6	100.0000	
6767	颔	0	0	4	100.0000	
6768	臈	0	0	1	100.0000	
6769	衽	0	0	2	100.0000	
6770	觭	0	0	1	100.0000	
6771	汚	0	0	1	100.0000	
6772	髹	0	0	1	100.0000	
6773	狨	0	0	1	100.0000	
6774	呙	0	0	2	100.0000	
6775	昒	0	0	1	100.0000	
6776	砚	0	0	9	100.0000	
6777	萩	0	0	7	100.0000	
6778	汶	0	0	28	100.0000	
6779	篿	0	0	1	100.0000	
6780	罦	0	0	1	100.0000	
6781	氚	0	0	1	100.0000	
6782	荺	0	0	1	100.0000	
6783	晗	0	0	6	100.0000	
6784	伥	0	0	4	100.0000	
6785	稗	0	0	2	100.0000	
6786	俎	0	0	6	100.0000	
6787	沺	0	0	1	100.0000	
6788	舼	0	0	1	100.0000	
6789	罛	0	0	1	100.0000	
6790	糀	0	0	1	100.0000	
6791	忪	0	0	3	100.0000	
6792	篎	0	0	1	100.0000	
6793	筙	0	0	1	100.0000	
6794	痩	0	0	1	100.0000	
6795	噷	0	0	1	100.0000	
6796	磬	0	0	4	100.0000	
6797	栾	0	0	5	100.0000	
6798	湟	0	0	3	100.0000	
6799	嬗	0	0	9	100.0000	
6800	阆	0	0	13	100.0000	
6801	谫	0	0	1	100.0000	
6802	嵬	0	0	10	100.0000	
6803	凫	0	0	1	100.0000	
6804	樋	0	0	5	100.0000	
6805	昱	0	0	9	100.0000	
6806	赧	0	0	4	100.0000	
6807	萠	0	0	1	100.0000	
6808	昅	0	0	1	100.0000	
6809	靔	0	0	1	100.0000	
6810	釉	0	0	16	100.0000	
6811	庉	0	0	1	100.0000	
6812	糱	0	0	1	100.0000	
6813	疞	0	0	1	100.0000	
6814	胼	0	0	2	100.0000	
6815	胝	0	0	3	100.0000	
6816	莨	0	0	4	100.0000	
6817	菪	0	0	2	100.0000	
6818	郜	0	0	3	100.0000	
6819	俦	0	0	1	100.0000	
6820	眗	0	0	1	100.0000	
6821	腷	0	0	1	100.0000	
6822	儅	0	0	1	100.0000	
6823	辚	0	0	1	100.0000	
6824	荽	0	0	3	100.0000	
6825	腤	0	0	1	100.0000	
6826	曩	0	0	1	100.0000	
6827	紸	0	0	1	100.0000	
6828	帑	0	0	2	100.0000	
6829	缫	0	0	2	100.0000	
6830	庖	0	0	4	100.0000	
6831	訳	0	0	1	100.0000	
6832	脷	0	0	1	100.0000	
6833	昄	0	0	1	100.0000	
6834	猨	0	0	1	100.0000	
6835	虬	0	0	6	100.0000	
6836	妧	0	0	1	100.0000	
6837	疋	0	0	1	100.0000	
6838	舫	0	0	4	100.0000	
6839	踭	0	0	1	100.0000	
6840	溏	0	0	1	100.0000	
6841	幪	0	0	1	100.0000	
6842	瘉	0	0	1	100.0000	
6843	峪	0	0	6	100.0000	
6844	鲯	0	0	1	100.0000	
6845	杺	0	0	1	100.0000	
6846	锑	0	0	2	100.0000	
6847	跁	0	0	1	100.0000	
6848	忮	0	0	1	100.0000	
6849	鞮	0	0	1	100.0000	
6850	璋	0	0	11	100.0000	
6851	蠛	0	0	1	100.0000	
6852	峥	0	0	12	100.0000	
6853	耹	0	0	1	100.0000	
6854	捭	0	0	4	100.0000	
6855	渖	0	0	1	100.0000	
6856	渕	0	0	1	100.0000	
6857	铷	0	0	1	100.0000	
6858	鑫	0	0	16	100.0000	
6859	橳	0	0	1	100.0000	
6860	抣	0	0	1	100.0000	
6861	冏	0	0	1	100.0000	
6862	欻	0	0	1	100.0000	
6863	翸	0	0	1	100.0000	
6864	翙	0	0	1	100.0000	
6865	筼	0	0	1	100.0000	
6866	羄	0	0	1	100.0000	
6867	捯	0	0	1	100.0000	
6868	縜	0	0	1	100.0000	
6869	詌	0	0	1	100.0000	
6870	钼	0	0	1	100.0000	
6871	瞛	0	0	1	100.0000	
6872	迍	0	0	1	100.0000	
6873	疐	0	0	1	100.0000	
6874	窤	0	0	1	100.0000	
6875	褽	0	0	1	100.0000	
6876	蠖	0	0	1	100.0000	
6877	䁖	0	0	1	100.0000	
6878	缯	0	0	1	100.0000	
6879	恲	0	0	1	100.0000	
6880	薮	0	0	2	100.0000	
6881	砨	0	0	1	100.0000	
6882	嗞	0	0	1	100.0000	
6883	叡	0	0	1	100.0000	
6884	阼	0	0	1	100.0000	
6885	婛	0	0	1	100.0000	
6886	爻	0	0	6	100.0000	
6887	聴	0	0	1	100.0000	
6888	胤	0	0	2	100.0000	
6889	唦	0	0	1	100.0000	
6890	苑	0	0	32	100.0000	
6891	嘧	0	0	2	100.0000	
6892	醰	0	0	1	100.0000	
6893	郇	0	0	3	100.0000	
6894	瀍	0	0	1	100.0000	
6895	铙	0	0	3	100.0000	
6896	蟊	0	0	1	100.0000	
6897	榚	0	0	1	100.0000	
6898	栨	0	0	1	100.0000	
6899	枇	0	0	2	100.0000	
6900	汋	0	0	1	100.0000	
6901	抰	0	0	1	100.0000	
6902	癷	0	0	1	100.0000	
6903	谳	0	0	2	100.0000	
6904	軡	0	0	1	100.0000	
6905	缧	0	0	1	100.0000	
6906	伔	0	0	1	100.0000	
6907	岊	0	0	6	100.0000	
6908	摃	0	0	1	100.0000	
6909	唳	0	0	4	100.0000	
6910	姒	0	0	4	100.0000	
6911	琽	0	0	1	100.0000	
6912	磌	0	0	1	100.0000	
6913	懐	0	0	1	100.0000	
6914	狎	0	0	4	100.0000	
6915	犮	0	0	1	100.0000	
6916	芊	0	0	4	100.0000	
6917	跏	0	0	2	100.0000	
6918	逵	0	0	4	100.0000	
6919	匏	0	0	1	100.0000	
6920	凇	0	0	2	100.0000	
6921	戯	0	0	1	100.0000	
6922	郘	0	0	1	100.0000	
6923	転	0	0	1	100.0000	
6924	菟	0	0	5	100.0000	
6925	戝	0	0	1	100.0000	
6926	廴	0	0	1	100.0000	
6927	豕	0	0	2	100.0000	
6928	験	0	0	1	100.0000	
6929	钊	0	0	8	100.0000	
6930	聨	0	0	1	100.0000	
6931	恇	0	0	1	100.0000	
6932	匼	0	0	1	100.0000	
6933	谠	0	0	1	100.0000	
6934	苮	0	0	1	100.0000	
6935	腗	0	0	1	100.0000	
6936	铊	0	0	1	100.0000	
6937	袙	0	0	1	100.0000	
6938	袕	0	0	1	100.0000	
6939	氲	0	0	2	100.0000	
6940	臜	0	0	1	100.0000	
6941	莠	0	0	4	100.0000	
6942	氤	0	0	2	100.0000	
6943	肊	0	0	1	100.0000	
6944	镂	0	0	5	100.0000	
6945	刲	0	0	1	100.0000	
6946	鉄	0	0	1	100.0000	
6947	帣	0	0	1	100.0000	
6948	晢	0	0	1	100.0000	
6949	卐	0	0	1	100.0000	
6950	俅	0	0	3	100.0000	
6951	戍	0	0	9	100.0000	
6952	嵨	0	0	1	100.0000	
6953	厈	0	0	1	100.0000	
6954	鐡	0	0	1	100.0000	
6955	萡	0	0	1	100.0000	
6956	猞	0	0	1	100.0000	
6957	弚	0	0	1	100.0000	
6958	箓	0	0	3	100.0000	
6959	峏	0	0	1	100.0000	
6960	荑	0	0	1	100.0000	
6961	鑦	0	0	1	100.0000	
6962	痄	0	0	11	100.0000	
6963	伢	0	0	3	100.0000	
6964	籯	0	0	1	100.0000	
6965	鄊	0	0	1	100.0000	
6966	钗	0	0	21	100.0000	
6967	罻	0	0	1	100.0000	
6968	礗	0	0	1	100.0000	
6969	琙	0	0	1	100.0000	
6970	郏	0	0	1	100.0000	
6971	糋	0	0	1	100.0000	
6972	鏓	0	0	1	100.0000	
6973	疷	0	0	1	100.0000	
6974	籭	0	0	1	100.0000	
6975	钇	0	0	1	100.0000	
6976	玳	0	0	1	100.0000	
6977	赓	0	0	7	100.0000	
6978	栚	0	0	1	100.0000	
6979	怬	0	0	1	100.0000	
6980	邰	0	0	3	100.0000	
6981	俖	0	0	1	100.0000	
6982	恉	0	0	1	100.0000	
6983	涾	0	0	1	100.0000	
6984	唌	0	0	1	100.0000	
6985	纙	0	0	1	100.0000	
6986	苭	0	0	1	100.0000	
6987	灏	0	0	2	100.0000	
6988	嵘	0	0	17	100.0000	
6989	辎	0	0	1	100.0000	
6990	杬	0	0	1	100.0000	
6991	椹	0	0	2	100.0000	
6992	仵	0	0	2	100.0000	
6993	猰	0	0	1	100.0000	
6994	曱	0	0	1	100.0000	
6995	劁	0	0	1	100.0000	
6996	厣	0	0	1	100.0000	
6997	蹇	0	0	1	100.0000	
6998	咺	0	0	1	100.0000	
6999	馻	0	0	1	100.0000	
7000	钏	0	0	3	100.0000	
7001	挜	0	0	1	100.0000	
7002	妅	0	0	1	100.0000	
7003	棣	0	0	1	100.0000	
7004	娀	0	0	1	100.0000	
7005	瑗	0	0	2	100.0000	
7006	楢	0	0	1	100.0000	
7007	猇	0	0	1	100.0000	
7008	莆	0	0	6	100.0000	
7009	蒤	0	0	1	100.0000	
7010	丄	0	0	1	100.0000	
7011	迓	0	0	1	100.0000	
7012	璘	0	0	1	100.0000	
7013	蒻	0	0	1	100.0000	
7014	偃	0	0	5	100.0000	
7015	灞	0	0	1	100.0000	
7016	醮	0	0	1	100.0000	
7017	檞	0	0	1	100.0000	
7018	苬	0	0	1	100.0000	
7019	茗	0	0	7	100.0000	
7020	竦	0	0	2	100.0000	
7021	忝	0	0	2	100.0000	
7022	坫	0	0	1	100.0000	
7023	俜	0	0	1	100.0000	
7024	稥	0	0	1	100.0000	
7025	銮	0	0	5	100.0000	
7026	棂	0	0	4	100.0000	
7027	癈	0	0	1	100.0000	
7028	钤	0	0	2	100.0000	
7029	忕	0	0	1	100.0000	
7030	泆	0	0	2	100.0000	
7031	檗	0	0	4	100.0000	
7032	蔺	0	0	8	100.0000	
7033	锱	0	0	2	100.0000	
7034	邠	0	0	1	100.0000	
7035	癗	0	0	1	100.0000	
7036	搴	0	0	1	100.0000	
7037	狍	0	0	2	100.0000	
7038	臙	0	0	1	100.0000	
7039	蛱	0	0	2	100.0000	
7040	読	0	0	1	100.0000	
7041	蝈	0	0	4	100.0000	
7042	蓍	0	0	1	100.0000	
7043	苕	0	0	2	100.0000	
7044	鹂	0	0	5	100.0000	
7045	嬖	0	0	1	100.0000	
7046	葜	0	0	3	100.0000	
7047	毬	0	0	1	100.0000	
7048	祺	0	0	15	100.0000	
7049	艉	0	0	1	100.0000	
7050	鄎	0	0	1	100.0000	
7051	靗	0	0	1	100.0000	
7052	唀	0	0	1	100.0000	
7053	螔	0	0	1	100.0000	
7054	鉯	0	0	1	100.0000	
7055	昝	0	0	2	100.0000	
7056	崤	0	0	2	100.0000	
7057	鸶	0	0	4	100.0000	
7058	萁	0	0	3	100.0000	
7059	锖	0	0	1	100.0000	
7060	梶	0	0	8	100.0000	
7061	娲	0	0	2	100.0000	
7062	娉	0	0	1	100.0000	
7063	狯	0	0	1	100.0000	
7064	妜	0	0	1	100.0000	
7065	庾	0	0	2	100.0000	
7066	衢	0	0	14	100.0000	
7067	觔	0	0	1	100.0000	
7068	翍	0	0	1	100.0000	
7069	诮	0	0	2	100.0000	
7070	镌	0	0	3	100.0000	
7071	紻	0	0	1	100.0000	
7072	礽	0	0	1	100.0000	
7073	禨	0	0	1	100.0000	
7074	値	0	0	1	100.0000	
7075	碶	0	0	1	100.0000	
7076	糨	0	0	1	100.0000	
7077	悃	0	0	1	100.0000	
7078	崁	0	0	1	100.0000	
7079	怳	0	0	1	100.0000	
7080	埳	0	0	1	100.0000	
7081	肐	0	0	1	100.0000	
7082	缦	0	0	1	100.0000	
7083	糁	0	0	1	100.0000	
7084	痶	0	0	1	100.0000	
7085	粅	0	0	1	100.0000	
7086	珽	0	0	1	100.0000	
7087	枆	0	0	1	100.0000	
7088	纀	0	0	1	100.0000	
7089	埽	0	0	1	100.0000	
7090	楛	0	0	1	100.0000	
7091	洹	0	0	1	100.0000	
7092	锧	0	0	1	100.0000	
7093	駄	0	0	1	100.0000	
7094	絣	0	0	1	100.0000	
7095	蒽	0	0	1	100.0000	
7096	裎	0	0	1	100.0000	
7097	妁	0	0	1	100.0000	
7098	戙	0	0	1	100.0000	
7099	粀	0	0	1	100.0000	
7100	铮	0	0	6	100.0000	
7101	阗	0	0	4	100.0000	
7102	陜	0	0	1	100.0000	
7103	啩	0	0	1	100.0000	
7104	岀	0	0	1	100.0000	
7105	窆	0	0	1	100.0000	
7106	渀	0	0	1	100.0000	
7107	蛲	0	0	2	100.0000	
7108	圬	0	0	1	100.0000	
7109	瓤	0	0	2	100.0000	
7110	殍	0	0	3	100.0000	
7111	裣	0	0	1	100.0000	
7112	胗	0	0	1	100.0000	
7113	牷	0	0	1	100.0000	
7114	欯	0	0	1	100.0000	
7115	篰	0	0	1	100.0000	
7116	羀	0	0	1	100.0000	
7117	箆	0	0	1	100.0000	
7118	咑	0	0	1	100.0000	
7119	窎	0	0	1	100.0000	
7120	孛	0	0	1	100.0000	
7121	飑	0	0	1	100.0000	
7122	紨	0	0	1	100.0000	
7123	扴	0	0	1	100.0000	
7124	庢	0	0	1	100.0000	
7125	糚	0	0	1	100.0000	
7126	梤	0	0	1	100.0000	
7127	馘	0	0	1	100.0000	
7128	珵	0	0	1	100.0000	
7129	殏	0	0	1	100.0000	
7130	绹	0	0	1	100.0000	
7131	昋	0	0	1	100.0000	
7132	陃	0	0	1	100.0000	
7133	罡	0	0	8	100.0000	
7134	菫	0	0	3	100.0000	
7135	蹧	0	0	1	100.0000	
7136	鲮	0	0	1	100.0000	
7137	骒	0	0	1	100.0000	
7138	壸	0	0	1	100.0000	
7139	隽	0	0	13	100.0000	
7140	芃	0	0	5	100.0000	
7141	倏	0	0	4	100.0000	
7142	尓	0	0	1	100.0000	
7143	扱	0	0	1	100.0000	
7144	鏸	0	0	1	100.0000	
7145	儶	0	0	1	100.0000	
7146	赗	0	0	1	100.0000	
7147	蕗	0	0	1	100.0000	
7148	帔	0	0	2	100.0000	
7149	筞	0	0	1	100.0000	
7150	赉	0	0	1	100.0000	
7151	滠	0	0	1	100.0000	
7152	臬	0	0	4	100.0000	
7153	茖	0	0	1	100.0000	
7154	冴	0	0	4	100.0000	
7155	蚸	0	0	1	100.0000	
7156	迻	0	0	1	100.0000	
7157	穰	0	0	2	100.0000	
7158	翦	0	0	6	100.0000	
7159	薬	0	0	2	100.0000	
7160	蛄	0	0	4	100.0000	
7161	蛏	0	0	2	100.0000	
7162	鼯	0	0	1	100.0000	
7163	掹	0	0	1	100.0000	
7164	蠃	0	0	3	100.0000	
7165	蔵	0	0	1	100.0000	
7166	璟	0	0	2	100.0000	
7167	卬	0	0	1	100.0000	
7168	蒌	0	0	1	100.0000	
7169	硭	0	0	1	100.0000	
7170	嫘	0	0	3	100.0000	
7171	嵫	0	0	1	100.0000	
7172	糡	0	0	1	100.0000	
7173	豴	0	0	1	100.0000	
7174	梃	0	0	1	100.0000	
7175	拫	0	0	1	100.0000	
7176	竑	0	0	1	100.0000	
7177	锆	0	0	3	100.0000	
7178	琔	0	0	1	100.0000	
7179	枞	0	0	4	100.0000	
7180	扠	0	0	1	100.0000	
7181	粔	0	0	1	100.0000	
7182	羜	0	0	1	100.0000	
7183	踟	0	0	1	100.0000	
7184	蹰	0	0	1	100.0000	
7185	瓵	0	0	1	100.0000	
7186	淅	0	0	3	100.0000	
7187	坁	0	0	1	100.0000	
7188	粝	0	0	2	100.0000	
7189	碠	0	0	1	100.0000	
7190	抦	0	0	1	100.0000	
7191	骥	0	0	12	100.0000	
7192	匟	0	0	1	100.0000	
7193	腯	0	0	1	100.0000	
7194	侑	0	0	5	100.0000	
7195	鉼	0	0	1	100.0000	
7196	钣	0	0	1	100.0000	
7197	嚜	0	0	1	100.0000	
7198	槢	0	0	1	100.0000	
7199	垡	0	0	2	100.0000	
7200	唭	0	0	1	100.0000	
7201	奱	0	0	1	100.0000	
7202	瘊	0	0	1	100.0000	
7203	腏	0	0	1	100.0000	
7204	瑹	0	0	1	100.0000	
7205	厶	0	0	1	100.0000	
7206	甋	0	0	1	100.0000	
7207	夂	0	0	1	100.0000	
7208	瑯	0	0	7	100.0000	
7209	膗	0	0	1	100.0000	
7210	聩	0	0	3	100.0000	
7211	诟	0	0	4	100.0000	
7212	玏	0	0	1	100.0000	
7213	髁	0	0	1	100.0000	
7214	筣	0	0	2	100.0000	
7215	珻	0	0	1	100.0000	
7216	绗	0	0	1	100.0000	
7217	裾	0	0	3	100.0000	
7218	嫰	0	0	1	100.0000	
7219	蛴	0	0	2	100.0000	
7220	螬	0	0	1	100.0000	
7221	痦	0	0	2	100.0000	
7222	胻	0	0	1	100.0000	
7223	搧	0	0	3	100.0000	
7224	桭	0	0	1	100.0000	
7225	挶	0	0	1	100.0000	
7226	酢	0	0	2	100.0000	
7227	渌	0	0	1	100.0000	
7228	唚	0	0	1	100.0000	
7229	呏	0	0	1	100.0000	
7230	芁	0	0	1	100.0000	
7231	郉	0	0	1	100.0000	
7232	祤	0	0	1	100.0000	
7233	匋	0	0	1	100.0000	
7234	窋	0	0	1	100.0000	
7235	淴	0	0	1	100.0000	
7236	睶	0	0	1	100.0000	
7237	簕	0	0	1	100.0000	
7238	邿	0	0	1	100.0000	
7239	帢	0	0	1	100.0000	
7240	欶	0	0	1	100.0000	
7241	痀	0	0	1	100.0000	
7242	狿	0	0	1	100.0000	
7243	聇	0	0	1	100.0000	
7244	瞔	0	0	1	100.0000	
7245	吰	0	0	1	100.0000	
7246	劸	0	0	1	100.0000	
7247	猼	0	0	1	100.0000	
7248	擧	0	0	1	100.0000	
7249	烅	0	0	1	100.0000	
7250	躰	0	0	1	100.0000	
7251	洑	0	0	1	100.0000	
7252	皅	0	0	1	100.0000	
7253	棏	0	0	1	100.0000	
7254	澵	0	0	1	100.0000	
7255	袵	0	0	1	100.0000	
7256	嚤	0	0	1	100.0000	
7257	阹	0	0	1	100.0000	
7258	捜	0	0	1	100.0000	
7259	髎	0	0	1	100.0000	
7260	韑	0	0	1	100.0000	
7261	涠	0	0	1	100.0000	
7262	蒠	0	0	1	100.0000	
7263	妡	0	0	1	100.0000	
7264	俣	0	0	10	100.0000	
7265	逦	0	0	2	100.0000	
7266	鲵	0	0	1	100.0000	
7267	祚	0	0	11	100.0000	
7268	佚	0	0	4	100.0000	
7269	飧	0	0	1	100.0000	
7270	泅	0	0	4	100.0000	
7271	囟	0	0	2	100.0000	
7272	蝪	0	0	2	100.0000	
7273	疔	0	0	1	100.0000	
7274	鯭	0	0	1	100.0000	
7275	勂	0	0	1	100.0000	
7276	璅	0	0	1	100.0000	
7277	玗	0	0	1	100.0000	
7278	険	0	0	1	100.0000	
7279	幷	0	0	1	100.0000	
7280	闫	0	0	3	100.0000	
7281	锇	0	0	1	100.0000	
7282	嚿	0	0	1	100.0000	
7283	鞅	0	0	2	100.0000	
7284	邾	0	0	1	100.0000	
7285	椤	0	0	2	100.0000	
7286	砻	0	0	2	100.0000	
7287	耇	0	0	1	100.0000	
7288	侇	0	0	1	100.0000	
7289	莰	0	0	1	100.0000	
7290	萳	0	0	1	100.0000	
7291	罣	0	0	1	100.0000	
7292	髑	0	0	2	100.0000	
7293	磓	0	0	1	100.0000	
7294	聄	0	0	1	100.0000	
7295	蜉	0	0	2	100.0000	
7296	蝣	0	0	2	100.0000	
7297	糎	0	0	1	100.0000	
7298	朊	0	0	2	100.0000	
7299	祓	0	0	1	100.0000	
7300	羂	0	0	1	100.0000	
7301	诤	0	0	5	100.0000	
7302	婐	0	0	1	100.0000	
7303	钬	0	0	1	100.0000	
7304	瀒	0	0	1	100.0000	
7305	兖	0	0	3	100.0000	
7306	乬	0	0	1	100.0000	
7307	狃	0	0	1	100.0000	
7308	铹	0	0	1	100.0000	
7309	桤	0	0	2	100.0000	
7310	槭	0	0	1	100.0000	
7311	唎	0	0	1	100.0000	
7312	觟	0	0	1	100.0000	
7313	菻	0	0	1	100.0000	
7314	鲉	0	0	1	100.0000	
7315	媉	0	0	1	100.0000	
7316	扌	0	0	1	100.0000	
7317	阏	0	0	3	100.0000	
7318	碡	0	0	7	100.0000	
7319	淔	0	0	1	100.0000	
7320	昉	0	0	1	100.0000	
7321	佧	0	0	1	100.0000	
7322	縌	0	0	1	100.0000	
7323	裓	0	0	1	100.0000	
7324	壷	0	0	1	100.0000	
7325	躜	0	0	1	100.0000	
7326	汆	0	0	1	100.0000	
7327	蛈	0	0	1	100.0000	
7328	偭	0	0	1	100.0000	
7329	撙	0	0	1	100.0000	
7330	帯	0	0	1	100.0000	
7331	獂	0	0	1	100.0000	
7332	痈	0	0	2	100.0000	
7333	泸	0	0	7	100.0000	
7334	穜	0	0	1	100.0000	
7335	涝	0	0	7	100.0000	HSK7-9
7336	栥	0	0	1	100.0000	
7337	猚	0	0	1	100.0000	
7338	遝	0	0	1	100.0000	
7339	琞	0	0	1	100.0000	
7340	朿	0	0	1	100.0000	
7341	䍁	0	0	1	100.0000	
7342	拹	0	0	1	100.0000	
7343	苎	0	0	2	100.0000	
7344	迮	0	0	1	100.0000	
7345	筪	0	0	1	100.0000	
7346	胟	0	0	1	100.0000	
7347	碖	0	0	1	100.0000	
7348	眽	0	0	1	100.0000	
7349	翚	0	0	1	100.0000	
7350	鲠	0	0	2	100.0000	
7351	珘	0	0	1	100.0000	
7352	芨	0	0	3	100.0000	
7353	窊	0	0	1	100.0000	
7354	琾	0	0	1	100.0000	
7355	镲	0	0	1	100.0000	
7356	篣	0	0	1	100.0000	
7357	梩	0	0	1	100.0000	
7358	磆	0	0	1	100.0000	
7359	礵	0	0	1	100.0000	
7360	芣	0	0	1	100.0000	
7361	琤	0	0	1	100.0000	
7362	愯	0	0	1	100.0000	
7363	氻	0	0	1	100.0000	
7364	孴	0	0	1	100.0000	
7365	栦	0	0	1	100.0000	
7366	姫	0	0	4	100.0000	
7367	覸	0	0	1	100.0000	
7368	薫	0	0	5	100.0000	
7369	螁	0	0	1	100.0000	
7370	圴	0	0	1	100.0000	
7371	鈏	0	0	1	100.0000	
7372	庑	0	0	1	100.0000	
7373	钽	0	0	2	100.0000	
7374	拶	0	0	1	100.0000	
7375	佝	0	0	4	100.0000	
7376	偻	0	0	4	100.0000	
7377	薅	0	0	1	100.0000	
7378	豇	0	0	4	100.0000	
7379	檨	0	0	1	100.0000	
7380	踎	0	0	1	100.0000	
7381	巽	0	0	4	100.0000	
7382	玤	0	0	1	100.0000	
7383	诖	0	0	1	100.0000	
7384	洵	0	0	1	100.0000	
7385	玽	0	0	1	100.0000	
7386	蘖	0	0	2	100.0000	
7387	晇	0	0	1	100.0000	
7388	碣	0	0	3	100.0000	
7389	阜	0	0	10	100.0000	
7390	芡	0	0	5	100.0000	
7391	褾	0	0	1	100.0000	
7392	芇	0	0	1	100.0000	
7393	栺	0	0	1	100.0000	
7394	冃	0	0	1	100.0000	
7395	敊	0	0	1	100.0000	
7396	抭	0	0	1	100.0000	
7397	塽	0	0	1	100.0000	
7398	斿	0	0	1	100.0000	
7399	鲂	0	0	3	100.0000	
7400	趔	0	0	2	100.0000	
7401	矧	0	0	1	100.0000	
7402	聕	0	0	1	100.0000	
7403	昤	0	0	1	100.0000	
7404	罜	0	0	1	100.0000	
7405	苙	0	0	1	100.0000	
7406	鋆	0	0	2	100.0000	
7407	鴌	0	0	1	100.0000	
7408	煜	0	0	3	100.0000	
7409	燊	0	0	1	100.0000	
7410	颣	0	0	1	100.0000	
7411	嶷	0	0	5	100.0000	
7412	碚	0	0	1	100.0000	
7413	榊	0	0	4	100.0000	
7414	荘	0	0	1	100.0000	
7415	焱	0	0	4	100.0000	
7416	柙	0	0	1	100.0000	
7417	敍	0	0	1	100.0000	
7418	狢	0	0	1	100.0000	
7419	唅	0	0	1	100.0000	
7420	咍	0	0	1	100.0000	
7421	殀	0	0	1	100.0000	
7422	纩	0	0	1	100.0000	
7423	芪	0	0	2	100.0000	
7424	菉	0	0	1	100.0000	
7425	浍	0	0	1	100.0000	
7426	铧	0	0	1	100.0000	
7427	荥	0	0	1	100.0000	
7428	錾	0	0	2	100.0000	
7429	喆	0	0	9	100.0000	
7430	陂	0	0	4	100.0000	
7431	醠	0	0	1	100.0000	
7432	柈	0	0	1	100.0000	
7433	茭	0	0	27	100.0000	
7434	螇	0	0	1	100.0000	
7435	鉩	0	0	1	100.0000	
7436	蝞	0	0	1	100.0000	
7437	虼	0	0	2	100.0000	
7438	妯	0	0	2	100.0000	
7439	牝	0	0	4	100.0000	
7440	鼔	0	0	1	100.0000	
7441	挰	0	0	1	100.0000	
7442	蝻	0	0	4	100.0000	
7443	鞛	0	0	1	100.0000	
7444	呭	0	0	1	100.0000	
7445	厎	0	0	1	100.0000	
7446	僛	0	0	1	100.0000	
7447	穏	0	0	1	100.0000	
7448	墘	0	0	1	100.0000	
7449	螜	0	0	1	100.0000	
7450	皖	0	0	4	100.0000	
7451	庹	0	0	1	100.0000	
7452	伲	0	0	1	100.0000	
7453	葙	0	0	3	100.0000	
7454	葋	0	0	1	100.0000	
7455	轾	0	0	4	100.0000	
7456	屳	0	0	1	100.0000	
7457	湉	0	0	1	100.0000	
7458	鈚	0	0	1	100.0000	
7459	倅	0	0	1	100.0000	
7460	翕	0	0	2	100.0000	
7461	鵺	0	0	1	100.0000	
7462	琯	0	0	1	100.0000	
7463	揼	0	0	1	100.0000	
7464	䲟	0	0	1	100.0000	
7465	緾	0	0	1	100.0000	
7466	鞯	0	0	1	100.0000	
7467	楮	0	0	1	100.0000	
7468	偾	0	0	1	100.0000	
7469	澍	0	0	6	100.0000	
7470	摽	0	0	1	100.0000	
7471	菓	0	0	1	100.0000	
7472	筚	0	0	1	100.0000	
7473	禊	0	0	1	100.0000	
7474	锕	0	0	2	100.0000	
7475	鲡	0	0	2	100.0000	
7476	蚺	0	0	1	100.0000	
7477	槻	0	0	4	100.0000	
7478	陟	0	0	3	100.0000	
7479	醕	0	0	1	100.0000	
7480	骐	0	0	1	100.0000	
7481	咶	0	0	1	100.0000	
7482	焔	0	0	1	100.0000	
7483	肶	0	0	1	100.0000	
7484	唞	0	0	1	100.0000	
7485	畗	0	0	1	100.0000	
7486	竻	0	0	1	100.0000	
7487	苷	0	0	5	100.0000	
7488	扜	0	0	1	100.0000	
7489	髌	0	0	3	100.0000	
7490	縘	0	0	1	100.0000	
7491	贳	0	0	1	100.0000	
7492	眚	0	0	1	100.0000	
7493	喈	0	0	3	100.0000	
7494	祃	0	0	1	100.0000	
7495	缐	0	0	1	100.0000	
7496	鸲	0	0	1	100.0000	
7497	燧	0	0	4	100.0000	
7498	蒺	0	0	1	100.0000	
7499	篾	0	0	4	100.0000	
7500	髂	0	0	2	100.0000	
7501	轕	0	0	1	100.0000	
7502	腭	0	0	3	100.0000	
7503	穔	0	0	1	100.0000	
7504	揠	0	0	1	100.0000	
7505	瓠	0	0	1	100.0000	
7506	痼	0	0	1	100.0000	
7507	菹	0	0	1	100.0000	
7508	舚	0	0	1	100.0000	
7509	逤	0	0	1	100.0000	
7510	涷	0	0	1	100.0000	
7511	旃	0	0	2	100.0000	
7512	懮	0	0	1	100.0000	
7513	徵	0	0	1	100.0000	
7514	岣	0	0	1	100.0000	
7515	鸩	0	0	1	100.0000	
7516	挈	0	0	3	100.0000	
7517	廋	0	0	1	100.0000	
7518	怔	0	0	1	100.0000	
7519	帗	0	0	1	100.0000	
7520	黙	0	0	1	100.0000	
7521	觥	0	0	2	100.0000	
7522	裉	0	0	1	100.0000	
7523	袴	0	0	1	100.0000	
7524	豋	0	0	1	100.0000	
7525	醦	0	0	1	100.0000	
7526	蚘	0	0	1	100.0000	
7527	陴	0	0	1	100.0000	
7528	榙	0	0	1	100.0000	
7529	黰	0	0	1	100.0000	
7530	倶	0	0	1	100.0000	
7531	忻	0	0	4	100.0000	
7532	嗻	0	0	1	100.0000	
7533	裥	0	0	2	100.0000	
7534	搛	0	0	1	100.0000	
7535	鹎	0	0	1	100.0000	
7536	佥	0	0	3	100.0000	
7537	桖	0	0	1	100.0000	
7538	瘌	0	0	4	100.0000	
7539	扺	0	0	1	100.0000	
7540	屮	0	0	1	100.0000	
7541	綨	0	0	1	100.0000	
7542	篜	0	0	1	100.0000	
7543	丂	0	0	1	100.0000	
7544	朒	0	0	1	100.0000	
7545	穊	0	0	1	100.0000	
7546	癝	0	0	1	100.0000	
7547	嬅	0	0	2	100.0000	
7548	暌	0	0	2	100.0000	
7549	屦	0	0	1	100.0000	
7550	冱	0	0	1	100.0000	
7551	軓	0	0	1	100.0000	
7552	轫	0	0	1	100.0000	
7553	婑	0	0	1	100.0000	
7554	煳	0	0	1	100.0000	
7555	雒	0	0	1	100.0000	
7556	倢	0	0	1	100.0000	
7557	枥	0	0	6	100.0000	
7558	箎	0	0	1	100.0000	
7559	梼	0	0	1	100.0000	
7560	掊	0	0	1	100.0000	
7561	鲎	0	0	1	100.0000	
7562	埙	0	0	2	100.0000	
7563	熘	0	0	1	100.0000	
7564	鲻	0	0	1	100.0000	
7565	刖	0	0	1	100.0000	
7566	荛	0	0	1	100.0000	
7567	蛷	0	0	1	100.0000	
7568	豻	0	0	1	100.0000	
7569	锶	0	0	1	100.0000	
7570	柢	0	0	1	100.0000	
7571	鮔	0	0	1	100.0000	
7572	売	0	0	1	100.0000	
7573	髀	0	0	1	100.0000	
7574	炜	0	0	7	100.0000	
7575	朶	0	0	1	100.0000	
7576	拵	0	0	1	100.0000	
7577	収	0	0	1	100.0000	
7578	鼩	0	0	1	100.0000	
7579	邞	0	0	1	100.0000	
7580	梌	0	0	1	100.0000	
7581	锫	0	0	1	100.0000	
7582	醆	0	0	1	100.0000	
7583	铼	0	0	1	100.0000	
7584	峄	0	0	2	100.0000	
7585	瀌	0	0	1	100.0000	
7586	靕	0	0	1	100.0000	
7587	咷	0	0	1	100.0000	
7588	嬍	0	0	1	100.0000	
7589	屟	0	0	1	100.0000	
7590	遅	0	0	1	100.0000	
7591	靬	0	0	1	100.0000	
7592	氊	0	0	1	100.0000	
7593	煕	0	0	1	100.0000	
7594	鏮	0	0	1	100.0000	
7595	嫮	0	0	1	100.0000	
7596	朎	0	0	1	100.0000	
7597	罝	0	0	1	100.0000	
7598	悱	0	0	2	100.0000	
7599	谡	0	0	2	100.0000	
7600	溽	0	0	1	100.0000	
7601	葸	0	0	6	100.0000	
7602	巯	0	0	2	100.0000	
7603	嫠	0	0	1	100.0000	
7604	濉	0	0	1	100.0000	
7605	痡	0	0	1	100.0000	
7606	塭	0	0	1	100.0000	
7607	袡	0	0	1	100.0000	
7608	杌	0	0	1	100.0000	
7609	暡	0	0	1	100.0000	
7610	苁	0	0	2	100.0000	
7611	玣	0	0	1	100.0000	
7612	鷑	0	0	1	100.0000	
7613	髆	0	0	1	100.0000	
7614	醔	0	0	1	100.0000	
7615	韇	0	0	1	100.0000	
7616	鶏	0	0	1	100.0000	
7617	迒	0	0	1	100.0000	
7618	淞	0	0	3	100.0000	
7619	觇	0	0	1	100.0000	
7620	铫	0	0	1	100.0000	
7621	穣	0	0	1	100.0000	
7622	喐	0	0	1	100.0000	
7623	螽	0	0	2	100.0000	
7624	蜩	0	0	1	100.0000	
7625	憟	0	0	1	100.0000	
7626	殳	0	0	2	100.0000	
7627	醂	0	0	1	100.0000	
7628	抳	0	0	1	100.0000	
7629	魈	0	0	3	100.0000	
7630	跬	0	0	2	100.0000	
7631	螅	0	0	1	100.0000	
7632	刢	0	0	1	100.0000	
7633	塼	0	0	1	100.0000	
7634	僓	0	0	1	100.0000	
7635	娻	0	0	1	100.0000	
7636	嬜	0	0	1	100.0000	
7637	岪	0	0	1	100.0000	
7638	澧	0	0	4	100.0000	
7639	芷	0	0	20	100.0000	
7640	脳	0	0	1	100.0000	
7641	鉲	0	0	1	100.0000	
7642	坭	0	0	1	100.0000	
7643	衎	0	0	1	100.0000	
7644	姝	0	0	4	100.0000	
7645	廥	0	0	1	100.0000	
7646	裢	0	0	3	100.0000	
7647	鹣	0	0	1	100.0000	
7648	唢	0	0	2	100.0000	
7649	甿	0	0	1	100.0000	
7650	妪	0	0	3	100.0000	
7651	搆	0	0	1	100.0000	
7652	嗵	0	0	1	100.0000	
7653	緐	0	0	1	100.0000	
7654	臷	0	0	1	100.0000	
7655	刈	0	0	2	100.0000	
7656	漕	0	0	2	100.0000	
7657	玎	0	0	2	100.0000	
7658	皀	0	0	1	100.0000	
7659	懃	0	0	1	100.0000	
7660	苖	0	0	1	100.0000	
7661	湓	0	0	1	100.0000	
7662	喟	0	0	2	100.0000	
7663	埲	0	0	1	100.0000	
7664	矸	0	0	1	100.0000	
7665	缡	0	0	1	100.0000	
7666	愠	0	0	3	100.0000	
7667	砎	0	0	1	100.0000	
7668	纅	0	0	1	100.0000	
7669	昽	0	0	1	100.0000	
7670	仳	0	0	1	100.0000	
7671	逥	0	0	1	100.0000	
7672	馜	0	0	1	100.0000	
7673	耓	0	0	1	100.0000	
7674	楸	0	0	5	100.0000	
7675	抺	0	0	1	100.0000	
7676	畘	0	0	1	100.0000	
7677	価	0	0	1	100.0000	
7678	嚄	0	0	1	100.0000	
7679	窧	0	0	1	100.0000	
7680	尒	0	0	1	100.0000	
7681	笐	0	0	1	100.0000	
7682	栻	0	0	1	100.0000	
7683	眵	0	0	1	100.0000	
7684	扻	0	0	1	100.0000	
7685	挸	0	0	1	100.0000	
7686	洇	0	0	2	100.0000	
7687	夎	0	0	1	100.0000	
7688	謦	0	0	1	100.0000	
7689	秫	0	0	2	100.0000	
7690	洠	0	0	1	100.0000	
7691	窔	0	0	1	100.0000	
7692	萣	0	0	1	100.0000	
7693	辔	0	0	2	100.0000	
7694	胢	0	0	1	100.0000	
7695	晥	0	0	1	100.0000	
7696	霫	0	0	1	100.0000	
7697	蓂	0	0	1	100.0000	
7698	枎	0	0	1	100.0000	
7699	悻	0	0	4	100.0000	
7700	懋	0	0	2	100.0000	
7701	筀	0	0	1	100.0000	
7702	斪	0	0	1	100.0000	
7703	曷	0	0	1	100.0000	
7704	暎	0	0	1	100.0000	
7705	琨	0	0	4	100.0000	
7706	篭	0	0	1	100.0000	
7707	鄱	0	0	1	100.0000	
7708	蛸	0	0	1	100.0000	
7709	穂	0	0	4	100.0000	
7710	韐	0	0	1	100.0000	
7711	垱	0	0	1	100.0000	
7712	墋	0	0	1	100.0000	
7713	匬	0	0	1	100.0000	
7714	圶	0	0	1	100.0000	
7715	罍	0	0	1	100.0000	
7716	璺	0	0	1	100.0000	
7717	驒	0	0	1	100.0000	
7718	磍	0	0	1	100.0000	
7719	夬	0	0	1	100.0000	
7720	匚	0	0	1	100.0000	
7721	傫	0	0	1	100.0000	
7722	鼋	0	0	1	100.0000	
7723	膫	0	0	1	100.0000	
7724	窨	0	0	2	100.0000	
7725	癎	0	0	1	100.0000	
7726	苪	0	0	1	100.0000	
7727	豸	0	0	4	100.0000	
7728	倂	0	0	1	100.0000	
7729	髈	0	0	1	100.0000	
7730	锟	0	0	1	100.0000	
7731	岢	0	0	1	100.0000	
7732	浔	0	0	4	100.0000	
7733	歳	0	0	1	100.0000	
7734	樘	0	0	1	100.0000	
7735	搷	0	0	1	100.0000	
7736	暠	0	0	1	100.0000	
7737	赟	0	0	2	100.0000	
7738	铋	0	0	1	100.0000	
7739	謢	0	0	1	100.0000	
7740	娌	0	0	1	100.0000	
7741	穚	0	0	1	100.0000	
7742	抍	0	0	1	100.0000	
7743	娒	0	0	1	100.0000	
7744	咾	0	0	2	100.0000	
7745	冁	0	0	1	100.0000	
7746	菀	0	0	2	100.0000	
7747	嵛	0	0	2	100.0000	
7748	柰	0	0	1	100.0000	
7749	牰	0	0	1	100.0000	
7750	鉰	0	0	1	100.0000	
7751	濠	0	0	2	100.0000	
7752	礭	0	0	1	100.0000	
7753	灠	0	0	1	100.0000	
7754	啉	0	0	4	100.0000	
7755	缳	0	0	2	100.0000	
7756	暁	0	0	1	100.0000	
7757	寳	0	0	1	100.0000	
7758	鑢	0	0	1	100.0000	
7759	炅	0	0	3	100.0000	
7760	狪	0	0	1	100.0000	
7761	砇	0	0	1	100.0000	
7762	鹥	0	0	1	100.0000	
7763	輁	0	0	1	100.0000	
7764	鑤	0	0	1	100.0000	
7765	匜	0	0	1	100.0000	
7766	榅	0	0	1	100.0000	
7767	倥	0	0	1	100.0000	
7768	刉	0	0	1	100.0000	
7769	秥	0	0	1	100.0000	
7770	浀	0	0	1	100.0000	
7771	褉	0	0	1	100.0000	
7772	筡	0	0	1	100.0000	
7773	俵	0	0	2	100.0000	
7774	祆	0	0	1	100.0000	
7775	杼	0	0	1	100.0000	
7776	犠	0	0	1	100.0000	
7777	蚡	0	0	1	100.0000	
7778	郙	0	0	1	100.0000	
7779	昳	0	0	1	100.0000	
7780	曶	0	0	1	100.0000	
7781	岒	0	0	1	100.0000	
7782	訇	0	0	3	100.0000	
7783	払	0	0	1	100.0000	
7784	鲐	0	0	1	100.0000	
7785	蚢	0	0	1	100.0000	
7786	淦	0	0	1	100.0000	
7787	撚	0	0	1	100.0000	
7788	燐	0	0	1	100.0000	
7789	皲	0	0	1	100.0000	
7790	萘	0	0	3	100.0000	
7791	虿	0	0	2	100.0000	
7792	歵	0	0	1	100.0000	
7793	凣	0	0	1	100.0000	
7794	働	0	0	1	100.0000	
7795	剢	0	0	1	100.0000	
7796	磟	0	0	1	100.0000	
7797	椠	0	0	1	100.0000	
7798	掲	0	0	1	100.0000	
7799	鲋	0	0	1	100.0000	
7800	熜	0	0	1	100.0000	
7801	螙	0	0	1	100.0000	
7802	嘌	0	0	3	100.0000	
7803	酰	0	0	8	100.0000	
7804	䴗	0	0	1	100.0000	
7805	覩	0	0	1	100.0000	
7806	嶃	0	0	1	100.0000	
7807	蠧	0	0	1	100.0000	
7808	镅	0	0	1	100.0000	
7809	倞	0	0	2	100.0000	
7810	茯	0	0	4	100.0000	
7811	蛉	0	0	3	100.0000	
7812	悌	0	0	5	100.0000	
7813	閕	0	0	1	100.0000	
7814	玢	0	0	2	100.0000	
7815	钕	0	0	1	100.0000	
7816	齝	0	0	1	100.0000	
7817	韈	0	0	1	100.0000	
7818	刾	0	0	1	100.0000	
7819	冮	0	0	1	100.0000	
7820	冋	0	0	1	100.0000	
7821	啴	0	0	1	100.0000	
7822	囦	0	0	1	100.0000	
7823	苲	0	0	1	100.0000	
7824	菡	0	0	7	100.0000	
7825	総	0	0	1	100.0000	
7826	躱	0	0	1	100.0000	
7827	鹄	0	0	4	100.0000	
7828	厳	0	0	1	100.0000	
7829	襷	0	0	1	100.0000	
7830	丷	0	0	1	100.0000	
7831	筭	0	0	1	100.0000	
7832	戬	0	0	6	100.0000	
7833	摾	0	0	1	100.0000	
7834	荲	0	0	1	100.0000	
7835	悰	0	0	1	100.0000	
7836	鈓	0	0	1	100.0000	
7837	篦	0	0	1	100.0000	
7838	筘	0	0	1	100.0000	
7839	蹙	0	0	3	100.0000	
7840	茈	0	0	1	100.0000	
7841	氐	0	0	1	100.0000	
7842	虌	0	0	1	100.0000	
7843	鸻	0	0	1	100.0000	
7844	跜	0	0	1	100.0000	
7845	泘	0	0	1	100.0000	
7846	脕	0	0	1	100.0000	
7847	锬	0	0	1	100.0000	
7848	廰	0	0	1	100.0000	
7849	鼳	0	0	1	100.0000	
7850	罤	0	0	1	100.0000	
7851	藅	0	0	1	100.0000	
7852	掤	0	0	1	100.0000	
7853	簋	0	0	1	100.0000	
7854	毑	0	0	1	100.0000	
7855	燿	0	0	2	100.0000	
7856	蛩	0	0	1	100.0000	
7857	抆	0	0	1	100.0000	
7858	歊	0	0	1	100.0000	
7859	裰	0	0	1	100.0000	
7860	慊	0	0	1	100.0000	
7861	亓	0	0	3	100.0000	
7862	絭	0	0	1	100.0000	
7863	冐	0	0	1	100.0000	
7864	譱	0	0	1	100.0000	
7865	絖	0	0	1	100.0000	
7866	褵	0	0	1	100.0000	
7867	甑	0	0	1	100.0000	
7868	盍	0	0	1	100.0000	
7869	唩	0	0	1	100.0000	
7870	萏	0	0	5	100.0000	
7871	咴	0	0	1	100.0000	
7872	硇	0	0	1	100.0000	
7873	黩	0	0	3	100.0000	
7874	梋	0	0	1	100.0000	
7875	鄄	0	0	2	100.0000	
7876	悗	0	0	1	100.0000	
7877	炻	0	0	1	100.0000	
7878	稞	0	0	7	100.0000	
7879	䴔	0	0	1	100.0000	
7880	鋞	0	0	1	100.0000	
7881	猄	0	0	2	100.0000	
7882	篛	0	0	1	100.0000	
7883	镤	0	0	1	100.0000	
7884	佞	0	0	5	100.0000	
7885	棰	0	0	2	100.0000	
7886	菺	0	0	1	100.0000	
7887	鬾	0	0	1	100.0000	
7888	蔍	0	0	1	100.0000	
7889	泂	0	0	1	100.0000	
7890	袗	0	0	1	100.0000	
7891	倻	0	0	1	100.0000	
7892	鼈	0	0	1	100.0000	
7893	镨	0	0	1	100.0000	
7894	絉	0	0	1	100.0000	
7895	竉	0	0	1	100.0000	
7896	愽	0	0	1	100.0000	
7897	稝	0	0	1	100.0000	
7898	鸷	0	0	3	100.0000	
7899	轼	0	0	3	100.0000	
7900	殑	0	0	1	100.0000	
7901	乆	0	0	1	100.0000	
7902	癿	0	0	1	100.0000	
7903	薽	0	0	1	100.0000	
7904	蚇	0	0	1	100.0000	
7905	蒁	0	0	1	100.0000	
7906	觓	0	0	1	100.0000	
7907	涽	0	0	1	100.0000	
7908	伛	0	0	1	100.0000	
7909	縁	0	0	1	100.0000	
7910	圠	0	0	1	100.0000	
7911	紩	0	0	1	100.0000	
7912	茇	0	0	1	100.0000	
7913	覾	0	0	1	100.0000	
7914	椼	0	0	1	100.0000	
7915	髙	0	0	3	100.0000	
7916	媄	0	0	1	100.0000	
7917	痵	0	0	1	100.0000	
7918	効	0	0	1	100.0000	
7919	阚	0	0	3	100.0000	
7920	涿	0	0	4	100.0000	
7921	碹	0	0	1	100.0000	
7922	冨	0	0	1	100.0000	
7923	凃	0	0	1	100.0000	
7924	惷	0	0	1	100.0000	
7925	坵	0	0	1	100.0000	
7926	喼	0	0	1	100.0000	
7927	胠	0	0	1	100.0000	
7928	氘	0	0	2	100.0000	
7929	庛	0	0	1	100.0000	
7930	笮	0	0	1	100.0000	
7931	麇	0	0	1	100.0000	
7932	舃	0	0	1	100.0000	
7933	絜	0	0	1	100.0000	
7934	黼	0	0	1	100.0000	
7935	䜣	0	0	1	100.0000	
7936	恮	0	0	1	100.0000	
7937	臾	0	0	5	100.0000	
7938	倨	0	0	1	100.0000	
7939	抩	0	0	1	100.0000	
7940	靽	0	0	1	100.0000	
7941	䌹	0	0	1	100.0000	
7942	钶	0	0	1	100.0000	
7943	楖	0	0	1	100.0000	
7944	馔	0	0	3	100.0000	
7945	篵	0	0	1	100.0000	
7946	箪	0	0	1	100.0000	
7947	镦	0	0	1	100.0000	
7948	洃	0	0	1	100.0000	
7949	荅	0	0	1	100.0000	
7950	跐	0	0	1	100.0000	
7951	栃	0	0	1	100.0000	
7952	鰯	0	0	1	100.0000	
7953	嗉	0	0	2	100.0000	
7954	葎	0	0	1	100.0000	
7955	悫	0	0	1	100.0000	
7956	铨	0	0	3	100.0000	
7957	囓	0	0	2	100.0000	
7958	臶	0	0	1	100.0000	
7959	茻	0	0	1	100.0000	
7960	呋	0	0	2	100.0000	
7961	対	0	0	1	100.0000	
7962	镏	0	0	2	100.0000	
7963	詈	0	0	1	100.0000	
7964	妣	0	0	2	100.0000	
7965	刭	0	0	2	100.0000	
7966	璠	0	0	2	100.0000	
7967	钪	0	0	1	100.0000	
7968	蹁	0	0	2	100.0000	
7969	潞	0	0	3	100.0000	
7970	囲	0	0	1	100.0000	
7971	挬	0	0	1	100.0000	
7972	枋	0	0	1	100.0000	
7973	婫	0	0	1	100.0000	
7974	酞	0	0	2	100.0000	
7975	晻	0	0	1	100.0000	
7976	狛	0	0	1	100.0000	
7977	嫑	0	0	1	100.0000	
7978	炨	0	0	1	100.0000	
7979	鑙	0	0	1	100.0000	
7980	嬎	0	0	1	100.0000	
7981	兯	0	0	1	100.0000	
7982	叐	0	0	1	100.0000	
7983	呉	0	0	1	100.0000	
7984	寊	0	0	1	100.0000	
7985	匳	0	0	1	100.0000	
7986	勈	0	0	1	100.0000	
7987	舸	0	0	2	100.0000	
7988	苠	0	0	1	100.0000	
7989	餠	0	0	1	100.0000	
7990	鬪	0	0	1	100.0000	
7991	栭	0	0	1	100.0000	
7992	姉	0	0	1	100.0000	
7993	崃	0	0	1	100.0000	
7994	悒	0	0	2	100.0000	
7995	砢	0	0	1	100.0000	
7996	舾	0	0	1	100.0000	
7997	螉	0	0	1	100.0000	
7998	繤	0	0	1	100.0000	
7999	枨	0	0	1	100.0000	
8000	琬	0	0	5	100.0000	
8001	鈘	0	0	1	100.0000	
8002	蝝	0	0	1	100.0000	
8003	蕤	0	0	3	100.0000	
8004	菝	0	0	3	100.0000	
8005	髷	0	0	1	100.0000	
8006	獍	0	0	1	100.0000	
8007	柞	0	0	3	100.0000	
8008	钅	0	0	1	100.0000	
8009	韫	0	0	1	100.0000	
8010	謜	0	0	1	100.0000	
8011	柶	0	0	1	100.0000	
8012	酔	0	0	1	100.0000	
8013	煺	0	0	1	100.0000	
8014	宍	0	0	1	100.0000	
8015	骧	0	0	3	100.0000	
8016	柃	0	0	1	100.0000	
8017	鳜	0	0	1	100.0000	
8018	鳒	0	0	1	100.0000	
8019	媂	0	0	1	100.0000	
8020	腧	0	0	1	100.0000	
8021	暳	0	0	1	100.0000	
8022	蕯	0	0	1	100.0000	
8023	掾	0	0	1	100.0000	
8024	魆	0	0	1	100.0000	
8025	煘	0	0	1	100.0000	
8026	殛	0	0	1	100.0000	
8027	橦	0	0	1	100.0000	
8028	姛	0	0	1	100.0000	
8029	煫	0	0	1	100.0000	
8030	阠	0	0	1	100.0000	
8031	択	0	0	1	100.0000	
8032	钎	0	0	2	100.0000	
8033	匂	0	0	1	100.0000	
8034	茏	0	0	2	100.0000	
8035	昀	0	0	1	100.0000	
8036	喯	0	0	1	100.0000	
8037	歭	0	0	1	100.0000	
8038	齥	0	0	1	100.0000	
8039	鵶	0	0	1	100.0000	
8040	韗	0	0	1	100.0000	
8041	壨	0	0	1	100.0000	
8042	奡	0	0	1	100.0000	
8043	凓	0	0	1	100.0000	
8044	凟	0	0	1	100.0000	
8045	勓	0	0	1	100.0000	
8046	劒	0	0	1	100.0000	
8047	娎	0	0	1	100.0000	
8048	刌	0	0	1	100.0000	
8049	僋	0	0	1	100.0000	
8050	叴	0	0	1	100.0000	
8051	凁	0	0	1	100.0000	
8052	呩	0	0	1	100.0000	
8053	栂	0	0	1	100.0000	
8054	菂	0	0	1	100.0000	
8055	咥	0	0	1	100.0000	
8056	秢	0	0	1	100.0000	
8057	晙	0	0	3	100.0000	
8058	郄	0	0	3	100.0000	
8059	猷	0	0	2	100.0000	
8060	熹	0	0	11	100.0000	
8061	筌	0	0	1	100.0000	
8062	迤	0	0	3	100.0000	
8063	鳢	0	0	1	100.0000	
8064	鼷	0	0	1	100.0000	
8065	禛	0	0	1	100.0000	
8066	钫	0	0	1	100.0000	
8067	巉	0	0	1	100.0000	
8068	钰	0	0	5	100.0000	
8069	鼢	0	0	1	100.0000	
8070	怃	0	0	2	100.0000	
8071	禼	0	0	1	100.0000	
8072	譡	0	0	1	100.0000	
8073	馣	0	0	1	100.0000	
8074	鞔	0	0	1	100.0000	
8075	憺	0	0	1	100.0000	
8076	飊	0	0	1	100.0000	
8077	酐	0	0	3	100.0000	
8078	鯸	0	0	1	100.0000	
8079	牮	0	0	1	100.0000	
8080	邳	0	0	1	100.0000	
8081	簩	0	0	1	100.0000	
8082	墉	0	0	2	100.0000	
8083	焐	0	0	1	100.0000	
8084	搦	0	0	1	100.0000	
8085	袢	0	0	3	100.0000	
8086	倣	0	0	1	100.0000	
8087	秚	0	0	1	100.0000	
8088	耟	0	0	1	100.0000	
8089	曌	0	0	3	100.0000	
8090	鲆	0	0	1	100.0000	
8091	酄	0	0	1	100.0000	
8092	咈	0	0	1	100.0000	
8093	眓	0	0	1	100.0000	
8094	栝	0	0	3	100.0000	
8095	羢	0	0	1	100.0000	
8096	涑	0	0	1	100.0000	
8097	璭	0	0	1	100.0000	
8098	舲	0	0	1	100.0000	
8099	淢	0	0	1	100.0000	
8100	婺	0	0	2	100.0000	
8101	煅	0	0	1	100.0000	
8102	喑	0	0	1	100.0000	
8103	荸	0	0	3	100.0000	
8104	艄	0	0	2	100.0000	
8105	缋	0	0	1	100.0000	
8106	呺	0	0	1	100.0000	
8107	栔	0	0	1	100.0000	
8108	凼	0	0	1	100.0000	
8109	睯	0	0	1	100.0000	
8110	抟	0	0	1	100.0000	
8111	椟	0	0	1	100.0000	
8112	靭	0	0	1	100.0000	
8113	帏	0	0	2	100.0000	
8114	橕	0	0	1	100.0000	
8115	恊	0	0	1	100.0000	
8116	挒	0	0	1	100.0000	
8117	泓	0	0	3	100.0000	
8118	琰	0	0	4	100.0000	
8119	糘	0	0	1	100.0000	
8120	篆	0	0	3	100.0000	
8121	罧	0	0	1	100.0000	
8122	櫌	0	0	1	100.0000	
8123	畬	0	0	1	100.0000	
8124	蓊	0	0	1	100.0000	
8125	赍	0	0	1	100.0000	
8126	萢	0	0	1	100.0000	
8127	旼	0	0	1	100.0000	
8128	扷	0	0	1	100.0000	
8129	掼	0	0	1	100.0000	
8130	笄	0	0	1	100.0000	
8131	艭	0	0	1	100.0000	
8132	蚑	0	0	1	100.0000	
8133	螥	0	0	1	100.0000	
8134	騩	0	0	1	100.0000	
8135	肻	0	0	1	100.0000	
8136	筰	0	0	1	100.0000	
8137	薖	0	0	1	100.0000	
8138	蠓	0	0	1	100.0000	
8139	嵩	0	0	11	100.0000	
8140	迋	0	0	1	100.0000	
8141	踣	0	0	1	100.0000	
8142	坼	0	0	1	100.0000	
8143	彝	0	0	6	100.0000	
8144	葶	0	0	1	100.0000	
8145	搋	0	0	1	100.0000	
8146	劐	0	0	1	100.0000	
8147	玚	0	0	1	100.0000	
8148	娗	0	0	1	100.0000	
8149	榥	0	0	1	100.0000	
8150	亍	0	0	1	100.0000	
8151	蚅	0	0	1	100.0000	
8152	雊	0	0	1	100.0000	
8153	峷	0	0	1	100.0000	
8154	鼐	0	0	1	100.0000	
8155	祣	0	0	1	100.0000	
8156	訬	0	0	1	100.0000	
8157	穋	0	0	1	100.0000	
8158	歛	0	0	2	100.0000	
8159	酹	0	0	1	100.0000	
8160	臵	0	0	1	100.0000	
8161	瓾	0	0	1	100.0000	
8162	鲕	0	0	1	100.0000	
8163	礣	0	0	1	100.0000	
8164	禞	0	0	1	100.0000	
8165	钿	0	0	6	100.0000	
8166	镎	0	0	1	100.0000	
8167	霊	0	0	1	100.0000	
8168	喩	0	0	1	100.0000	
8169	聁	0	0	1	100.0000	
8170	肒	0	0	1	100.0000	
8171	钷	0	0	1	100.0000	
8172	疧	0	0	1	100.0000	
8173	丬	0	0	1	100.0000	
8174	鉵	0	0	1	100.0000	
8175	縆	0	0	1	100.0000	
8176	奾	0	0	1	100.0000	
8177	铄	0	0	3	100.0000	
8178	芤	0	0	1	100.0000	
8179	颏	0	0	3	100.0000	
8180	遶	0	0	1	100.0000	
8181	楜	0	0	1	100.0000	
8182	甼	0	0	1	100.0000	
8183	翤	0	0	1	100.0000	
8184	眫	0	0	1	100.0000	
8185	訄	0	0	1	100.0000	
8186	苋	0	0	3	100.0000	
8187	瘅	0	0	1	100.0000	
8188	篺	0	0	1	100.0000	
8189	睟	0	0	1	100.0000	
8190	禳	0	0	1	100.0000	
8191	敆	0	0	1	100.0000	
8192	呫	0	0	1	100.0000	
8193	璤	0	0	1	100.0000	
8194	畳	0	0	1	100.0000	
8195	籨	0	0	1	100.0000	
8196	侉	0	0	1	100.0000	
8197	窀	0	0	2	100.0000	
8198	铕	0	0	1	100.0000	
8199	閠	0	0	1	100.0000	
8200	怞	0	0	1	100.0000	
8201	硍	0	0	1	100.0000	
8202	唲	0	0	1	100.0000	
8203	戽	0	0	1	100.0000	
8204	勐	0	0	5	100.0000	
8205	勰	0	0	1	100.0000	
8206	裯	0	0	1	100.0000	
8207	藋	0	0	1	100.0000	
8208	氝	0	0	1	100.0000	
8209	趄	0	0	1	100.0000	
8210	潽	0	0	1	100.0000	
8211	迣	0	0	1	100.0000	
8212	佤	0	0	1	100.0000	
8213	轳	0	0	1	100.0000	
8214	緃	0	0	1	100.0000	
8215	炀	0	0	1	100.0000	
8216	淈	0	0	1	100.0000	
8217	磄	0	0	1	100.0000	
8218	僗	0	0	1	100.0000	
8219	碥	0	0	1	100.0000	
8220	苴	0	0	1	100.0000	
8221	鑟	0	0	1	100.0000	
8222	趖	0	0	1	100.0000	
8223	胍	0	0	1	100.0000	
8224	喌	0	0	1	100.0000	
8225	椐	0	0	1	100.0000	
8226	厹	0	0	1	100.0000	
8227	卌	0	0	1	100.0000	
8228	皉	0	0	1	100.0000	
8229	汛	0	0	4	100.0000	HSK7-9
8230	澙	0	0	1	100.0000	
8231	椝	0	0	1	100.0000	
8232	莘	0	0	6	100.0000	
8233	駜	0	0	1	100.0000	
8234	眲	0	0	1	100.0000	
8235	硢	0	0	1	100.0000	
8236	蕸	0	0	1	100.0000	
8237	锝	0	0	1	100.0000	
8238	糌	0	0	1	100.0000	
8239	袓	0	0	1	100.0000	
8240	羼	0	0	1	100.0000	
8241	朹	0	0	1	100.0000	
8242	颩	0	0	1	100.0000	
8243	羧	0	0	1	100.0000	
8244	曚	0	0	1	100.0000	
8245	欭	0	0	1	100.0000	
8246	朓	0	0	1	100.0000	
8247	欳	0	0	1	100.0000	
8248	抏	0	0	1	100.0000	
8249	筄	0	0	1	100.0000	
8250	肭	0	0	1	100.0000	
8251	捔	0	0	1	100.0000	
8252	璙	0	0	1	100.0000	
8253	䍀	0	0	1	100.0000	
8254	怚	0	0	1	100.0000	
8255	圏	0	0	1	100.0000	
8256	捽	0	0	1	100.0000	
8257	婠	0	0	1	100.0000	
8258	崥	0	0	1	100.0000	
8259	嗍	0	0	1	100.0000	
8260	痆	0	0	1	100.0000	
8261	骈	0	0	2	100.0000	
8262	忔	0	0	1	100.0000	
8263	窠	0	0	4	100.0000	
8264	笯	0	0	1	100.0000	
8265	鹟	0	0	1	100.0000	
8266	胵	0	0	1	100.0000	
8267	怑	0	0	1	100.0000	
8268	踨	0	0	1	100.0000	
8269	焘	0	0	4	100.0000	
8270	遒	0	0	2	100.0000	
8271	籞	0	0	1	100.0000	
8272	酏	0	0	1	100.0000	
8273	瞫	0	0	1	100.0000	
8274	簐	0	0	1	100.0000	
8275	肦	0	0	1	100.0000	
8276	胿	0	0	1	100.0000	
8277	䇲	0	0	1	100.0000	
8278	琣	0	0	1	100.0000	
8279	睆	0	0	1	100.0000	
8280	尢	0	0	1	100.0000	
8281	圧	0	0	1	100.0000	
8282	愍	0	0	1	100.0000	
8283	惝	0	0	1	100.0000	
8284	徶	0	0	1	100.0000	
8285	戡	0	0	3	100.0000	
8286	檍	0	0	1	100.0000	
8287	舯	0	0	1	100.0000	
8288	纼	0	0	1	100.0000	
8289	摷	0	0	1	100.0000	
8290	徴	0	0	1	100.0000	
8291	嗾	0	0	1	100.0000	
8292	鶮	0	0	1	100.0000	
8293	朙	0	0	1	100.0000	
8294	湜	0	0	1	100.0000	
8295	舴	0	0	1	100.0000	
8296	櫕	0	0	1	100.0000	
8297	藼	0	0	1	100.0000	
8298	佄	0	0	1	100.0000	
8299	騨	0	0	1	100.0000	
8300	鐁	0	0	1	100.0000	
8301	糢	0	0	1	100.0000	
8302	潶	0	0	1	100.0000	
8303	橵	0	0	1	100.0000	
8304	蛳	0	0	2	100.0000	
8305	璑	0	0	1	100.0000	
8306	黟	0	0	1	100.0000	
8307	斎	0	0	2	100.0000	
8308	鼇	0	0	1	100.0000	
8309	箬	0	0	1	100.0000	
8310	抅	0	0	1	100.0000	
8311	洏	0	0	1	100.0000	
8312	虢	0	0	1	100.0000	
8313	囯	0	0	1	100.0000	
8314	韮	0	0	1	100.0000	
8315	鉫	0	0	1	100.0000	
8316	縔	0	0	1	100.0000	
8317	髄	0	0	1	100.0000	
8318	醝	0	0	1	100.0000	
8319	縠	0	0	1	100.0000	
8320	髍	0	0	1	100.0000	
8321	枃	0	0	1	100.0000	
8322	鏣	0	0	1	100.0000	
8323	鄋	0	0	1	100.0000	
8324	仞	0	0	3	100.0000	
8325	昶	0	0	1	100.0000	
8326	鵭	0	0	1	100.0000	
8327	豦	0	0	1	100.0000	
8328	靋	0	0	1	100.0000	
8329	殂	0	0	1	100.0000	
8330	塠	0	0	1	100.0000	
8331	堘	0	0	1	100.0000	
8332	奒	0	0	1	100.0000	
8333	尭	0	0	1	100.0000	
8334	喛	0	0	1	100.0000	
8335	嘝	0	0	1	100.0000	
8336	堏	0	0	1	100.0000	
8337	婗	0	0	1	100.0000	
8338	勡	0	0	1	100.0000	
8339	剘	0	0	1	100.0000	
8340	婯	0	0	1	100.0000	
8341	嫶	0	0	1	100.0000	
8342	哴	0	0	1	100.0000	
8343	墄	0	0	1	100.0000	
8344	塙	0	0	1	100.0000	
8345	尐	0	0	1	100.0000	
8346	奿	0	0	1	100.0000	
8347	圼	0	0	1	100.0000	
8348	咵	0	0	1	100.0000	
8349	奨	0	0	1	100.0000	
8350	墌	0	0	1	100.0000	
8351	匉	0	0	1	100.0000	
8352	叀	0	0	1	100.0000	
8353	堛	0	0	1	100.0000	
8354	鲦	0	0	1	100.0000	
8355	湱	0	0	1	100.0000	
8356	酲	0	0	1	100.0000	
8357	梀	0	0	1	100.0000	
8358	稩	0	0	1	100.0000	
8359	棻	0	0	1	100.0000	
8360	苻	0	0	1	100.0000	
8361	晊	0	0	1	100.0000	
8362	萹	0	0	1	100.0000	
8363	岕	0	0	1	100.0000	
8364	捑	0	0	1	100.0000	
8365	怷	0	0	1	100.0000	
8366	醨	0	0	1	100.0000	
8367	煭	0	0	1	100.0000	
8368	擩	0	0	1	100.0000	
8369	喤	0	0	1	100.0000	
8370	蝲	0	0	3	100.0000	
8371	珪	0	0	1	100.0000	
8372	揃	0	0	1	100.0000	
8373	羷	0	0	1	100.0000	
8374	麭	0	0	1	100.0000	
8375	縻	0	0	1	100.0000	
8376	麿	0	0	1	100.0000	
8377	蠡	0	0	3	100.0000	
8378	烔	0	0	1	100.0000	
8379	毘	0	0	1	100.0000	
8380	犍	0	0	1	100.0000	
8381	蔎	0	0	1	100.0000	
8382	崚	0	0	1	100.0000	
8383	妫	0	0	1	100.0000	
8384	藁	0	0	1	100.0000	
8385	螏	0	0	1	100.0000	
8386	碢	0	0	1	100.0000	
8387	焜	0	0	1	100.0000	
8388	竓	0	0	1	100.0000	
8389	慿	0	0	1	100.0000	
8390	鯣	0	0	1	100.0000	
8391	㖿	0	0	1	100.0000	
8392	甾	0	0	3	100.0000	
8393	鵖	0	0	1	100.0000	
8394	羃	0	0	1	100.0000	
8395	鬻	0	0	2	100.0000	
8396	垓	0	0	2	100.0000	
8397	蘗	0	0	3	100.0000	
8398	仏	0	0	1	100.0000	
8399	卩	0	0	1	100.0000	
8400	榾	0	0	1	100.0000	
8401	頼	0	0	1	100.0000	
8402	钑	0	0	1	100.0000	
8403	簅	0	0	1	100.0000	
8404	鞥	0	0	1	100.0000	
8405	萛	0	0	1	100.0000	
8406	酨	0	0	1	100.0000	
8407	僦	0	0	1	100.0000	
8408	傎	0	0	1	100.0000	
8409	垭	0	0	1	100.0000	
8410	謘	0	0	1	100.0000	
8411	仝	0	0	10	100.0000	
8412	荬	0	0	1	100.0000	
8413	戞	0	0	1	100.0000	
8414	雠	0	0	1	100.0000	
8415	寘	0	0	1	100.0000	
8416	堠	0	0	1	100.0000	
8417	惸	0	0	1	100.0000	
8418	圢	0	0	1	100.0000	
8419	葧	0	0	1	100.0000	
8420	粯	0	0	1	100.0000	
8421	獬	0	0	2	100.0000	
8422	螓	0	0	1	100.0000	
8423	矷	0	0	2	100.0000	
8424	愖	0	0	1	100.0000	
8425	圤	0	0	1	100.0000	
8426	狺	0	0	1	100.0000	
8427	暏	0	0	1	100.0000	
8428	曫	0	0	1	100.0000	
8429	弢	0	0	1	100.0000	
8430	饣	0	0	1	100.0000	
8431	罨	0	0	1	100.0000	
8432	癋	0	0	1	100.0000	
8433	眇	0	0	1	100.0000	
8434	郓	0	0	1	100.0000	
8435	僳	0	0	1	100.0000	
8436	楺	0	0	1	100.0000	
8437	酳	0	0	1	100.0000	
8438	餤	0	0	1	100.0000	
8439	惞	0	0	1	100.0000	
8440	腈	0	0	1	100.0000	
8441	嶪	0	0	1	100.0000	
8442	潲	0	0	3	100.0000	
8443	媬	0	0	1	100.0000	
8444	殽	0	0	1	100.0000	
8445	貔	0	0	1	100.0000	
8446	貅	0	0	1	100.0000	
8447	豍	0	0	1	100.0000	
8448	崧	0	0	1	100.0000	
8449	蹀	0	0	1	100.0000	
8450	搌	0	0	1	100.0000	
8451	邗	0	0	2	100.0000	
8452	艴	0	0	1	100.0000	
8453	泺	0	0	2	100.0000	
8454	臁	0	0	1	100.0000	
8455	骢	0	0	1	100.0000	
8456	跽	0	0	1	100.0000	
8457	逶	0	0	2	100.0000	
8458	跹	0	0	3	100.0000	
8459	邛	0	0	1	100.0000	
8460	嵎	0	0	1	100.0000	
8461	毸	0	0	1	100.0000	
8462	癜	0	0	4	100.0000	
8463	杪	0	0	1	100.0000	
8464	泙	0	0	1	100.0000	
8465	嵚	0	0	1	100.0000	
8466	棷	0	0	1	100.0000	
8467	恾	0	0	1	100.0000	
8468	礅	0	0	1	100.0000	
8469	罟	0	0	2	100.0000	
8470	嫫	0	0	1	100.0000	
8471	蛒	0	0	1	100.0000	
8472	衈	0	0	1	100.0000	
8473	仡	0	0	1	100.0000	
8474	潍	0	0	4	100.0000	
8475	諅	0	0	1	100.0000	
8476	歏	0	0	1	100.0000	
8477	蜳	0	0	1	100.0000	
8478	漈	0	0	1	100.0000	
8479	鰡	0	0	1	100.0000	
8480	怙	0	0	1	100.0000	
8481	髳	0	0	1	100.0000	
8482	瞍	0	0	1	100.0000	
8483	胇	0	0	1	100.0000	
8484	伳	0	0	1	100.0000	
8485	窞	0	0	1	100.0000	
8486	巜	0	0	1	100.0000	
8487	踅	0	0	1	100.0000	
8488	黋	0	0	1	100.0000	
8489	鷛	0	0	1	100.0000	
8490	臽	0	0	1	100.0000	
8491	抝	0	0	1	100.0000	
8492	蠵	0	0	1	100.0000	
8493	臧	0	0	5	100.0000	
8494	璩	0	0	1	100.0000	
8495	杩	0	0	1	100.0000	
8496	氆	0	0	1	100.0000	
8497	陿	0	0	1	100.0000	
8498	睌	0	0	1	100.0000	
8499	蠌	0	0	1	100.0000	
8500	姭	0	0	1	100.0000	
8501	莐	0	0	1	100.0000	
8502	囗	0	0	3	100.0000	
8503	簌	0	0	2	100.0000	
8504	瘘	0	0	3	100.0000	
8505	芾	0	0	2	100.0000	
8506	莛	0	0	1	100.0000	
8507	鲒	0	0	1	100.0000	
8508	圪	0	0	2	100.0000	
8509	歆	0	0	4	100.0000	
8510	婧	0	0	3	100.0000	
8511	鰎	0	0	1	100.0000	
8512	暻	0	0	1	100.0000	
8513	珏	0	0	4	100.0000	
8514	郦	0	0	2	100.0000	
8515	鏬	0	0	1	100.0000	
8516	鲲	0	0	3	100.0000	
8517	跗	0	0	1	100.0000	
8518	檠	0	0	1	100.0000	
8519	肟	0	0	1	100.0000	
8520	喁	0	0	1	100.0000	
8521	鲾	0	0	1	100.0000	
8522	堳	0	0	1	100.0000	
8523	婟	0	0	1	100.0000	
8524	悁	0	0	1	100.0000	
8525	拺	0	0	1	100.0000	
8526	倱	0	0	1	100.0000	
8527	苡	0	0	2	100.0000	
8528	縏	0	0	1	100.0000	
8529	嚅	0	0	2	100.0000	
8530	艽	0	0	1	100.0000	
8531	袪	0	0	1	100.0000	
8532	牴	0	0	1	100.0000	
8533	蒬	0	0	1	100.0000	
8534	聮	0	0	1	100.0000	
8535	埤	0	0	3	100.0000	
8536	嶚	0	0	1	100.0000	
8537	樗	0	0	1	100.0000	
8538	颟	0	0	2	100.0000	
8539	楦	0	0	1	100.0000	
8540	篼	0	0	1	100.0000	
8541	遘	0	0	1	100.0000	
8542	巈	0	0	1	100.0000	
8543	歱	0	0	1	100.0000	
8544	騯	0	0	1	100.0000	
8545	鑛	0	0	1	100.0000	
8546	歬	0	0	1	100.0000	
8547	靤	0	0	1	100.0000	
8548	瀗	0	0	1	100.0000	
8549	韏	0	0	1	100.0000	
8550	寋	0	0	1	100.0000	
8551	咓	0	0	1	100.0000	
8552	嬞	0	0	1	100.0000	
8553	僜	0	0	1	100.0000	
8554	凒	0	0	1	100.0000	
8555	劯	0	0	1	100.0000	
8556	僽	0	0	1	100.0000	
8557	坥	0	0	1	100.0000	
8558	傩	0	0	3	100.0000	
8559	勊	0	0	1	100.0000	
8560	奅	0	0	1	100.0000	
8561	嗛	0	0	1	100.0000	
8562	僣	0	0	1	100.0000	
8563	勚	0	0	1	100.0000	
8564	塆	0	0	1	100.0000	
8565	圲	0	0	1	100.0000	
8566	堒	0	0	1	100.0000	
8567	嬳	0	0	1	100.0000	
8568	惖	0	0	1	100.0000	
8569	嗿	0	0	1	100.0000	
8570	腂	0	0	1	100.0000	
8571	裈	0	0	1	100.0000	
8572	讃	0	0	1	100.0000	
8573	栢	0	0	1	100.0000	
8574	敤	0	0	1	100.0000	
8575	楱	0	0	1	100.0000	
8576	歙	0	0	1	100.0000	
8577	鼰	0	0	1	100.0000	
8578	挔	0	0	1	100.0000	
8579	锴	0	0	1	100.0000	
8580	爫	0	0	1	100.0000	
8581	疰	0	0	2	100.0000	
8582	関	0	0	3	100.0000	
8583	砗	0	0	1	100.0000	
8584	枳	0	0	2	100.0000	
8585	蠺	0	0	1	100.0000	
8586	塥	0	0	1	100.0000	
8587	鴏	0	0	1	100.0000	
8588	蝥	0	0	1	100.0000	
8589	柝	0	0	1	100.0000	
8590	蔟	0	0	1	100.0000	
8591	鵘	0	0	1	100.0000	
8592	鵔	0	0	1	100.0000	
8593	伄	0	0	1	100.0000	
8594	冓	0	0	1	100.0000	
8595	侕	0	0	1	100.0000	
8596	忥	0	0	1	100.0000	
8597	藾	0	0	1	100.0000	
8598	坜	0	0	1	100.0000	
8599	秣	0	0	4	100.0000	
8600	奭	0	0	1	100.0000	
8601	瘖	0	0	1	100.0000	
8602	偰	0	0	1	100.0000	
8603	泧	0	0	1	100.0000	
8604	萰	0	0	1	100.0000	
8605	稃	0	0	1	100.0000	
8606	沂	0	0	3	100.0000	
8607	侺	0	0	1	100.0000	
8608	跍	0	0	1	100.0000	
8609	譀	0	0	1	100.0000	
8610	塬	0	0	1	100.0000	
8611	伿	0	0	1	100.0000	
8612	筇	0	0	2	100.0000	
8613	圊	0	0	1	100.0000	
8614	鬊	0	0	1	100.0000	
8615	郚	0	0	1	100.0000	
8616	葟	0	0	1	100.0000	
8617	镢	0	0	1	100.0000	
8618	丿	0	0	1	100.0000	
8619	堙	0	0	1	100.0000	
8620	铌	0	0	1	100.0000	
8621	抔	0	0	1	100.0000	
8622	昃	0	0	1	100.0000	
8623	豨	0	0	1	100.0000	
8624	膅	0	0	1	100.0000	
8625	迉	0	0	1	100.0000	
8626	爌	0	0	1	100.0000	
8627	锳	0	0	1	100.0000	
8628	聱	0	0	2	100.0000	
8629	嚱	0	0	1	100.0000	
8630	隂	0	0	1	100.0000	
8631	挋	0	0	1	100.0000	
8632	醳	0	0	1	100.0000	
8633	銌	0	0	1	100.0000	
8634	鋈	0	0	1	100.0000	
8635	阕	0	0	2	100.0000	
8636	喖	0	0	1	100.0000	
8637	槎	0	0	1	100.0000	
8638	鹘	0	0	1	100.0000	
8639	簟	0	0	1	100.0000	
8640	鼱	0	0	1	100.0000	
8641	焠	0	0	1	100.0000	
8642	珣	0	0	1	100.0000	
8643	苘	0	0	1	100.0000	
8644	牾	0	0	1	100.0000	
8645	嘠	0	0	1	100.0000	
8646	倧	0	0	1	100.0000	
8647	徧	0	0	1	100.0000	
8648	溧	0	0	2	100.0000	
8649	齉	0	0	1	100.0000	
8650	猆	0	0	1	100.0000	
8651	淊	0	0	1	100.0000	
8652	槊	0	0	1	100.0000	
8653	獏	0	0	1	100.0000	
8654	屇	0	0	1	100.0000	
8655	軆	0	0	1	100.0000	
8656	矱	0	0	1	100.0000	
8657	偸	0	0	1	100.0000	
8658	氷	0	0	1	100.0000	
8659	燸	0	0	1	100.0000	
8660	掅	0	0	1	100.0000	
8661	恴	0	0	1	100.0000	
8662	黢	0	0	2	100.0000	
8663	霈	0	0	1	100.0000	
8664	穥	0	0	1	100.0000	
8665	佸	0	0	1	100.0000	
8666	雿	0	0	1	100.0000	
8667	衁	0	0	1	100.0000	
8668	铈	0	0	1	100.0000	
8669	芎	0	0	2	100.0000	
8670	嗮	0	0	1	100.0000	
8671	剰	0	0	1	100.0000	
8672	杲	0	0	2	100.0000	
8673	祌	0	0	1	100.0000	
8674	柷	0	0	1	100.0000	
8675	窼	0	0	1	100.0000	
8676	筟	0	0	1	100.0000	
8677	愒	0	0	1	100.0000	
8678	铩	0	0	1	100.0000	
8679	迶	0	0	1	100.0000	
8680	庥	0	0	1	100.0000	
8681	槇	0	0	1	100.0000	
8682	盱	0	0	1	100.0000	
8683	轸	0	0	1	100.0000	
8684	櫺	0	0	2	100.0000	
8685	軽	0	0	1	100.0000	
8686	鯵	0	0	1	100.0000	
8687	晳	0	0	1	100.0000	
8688	疳	0	0	3	100.0000	
8689	焯	0	0	8	100.0000	
8690	姮	0	0	1	100.0000	
8691	雗	0	0	1	100.0000	
8692	诒	0	0	1	100.0000	
8693	鹀	0	0	1	100.0000	
8694	蕻	0	0	1	100.0000	
8695	荪	0	0	1	100.0000	
8696	薗	0	0	1	100.0000	
8697	旒	0	0	1	100.0000	
8698	辤	0	0	1	100.0000	
8699	骶	0	0	3	100.0000	
8700	酽	0	0	1	100.0000	
8701	璈	0	0	1	100.0000	
8702	訚	0	0	1	100.0000	
8703	邴	0	0	1	100.0000	
8704	僿	0	0	1	100.0000	
8705	雩	0	0	2	100.0000	
8706	鍝	0	0	1	100.0000	
8707	禇	0	0	1	100.0000	
8708	埆	0	0	1	100.0000	
8709	䌷	0	0	1	100.0000	
8710	莒	0	0	4	100.0000	
8711	衏	0	0	1	100.0000	
8712	捤	0	0	1	100.0000	
8713	砭	0	0	3	100.0000	
8714	刞	0	0	1	100.0000	
8715	槄	0	0	1	100.0000	
8716	漥	0	0	1	100.0000	
8717	畂	0	0	1	100.0000	
8718	馸	0	0	1	100.0000	
8719	鉓	0	0	1	100.0000	
8720	栊	0	0	1	100.0000	
8721	酆	0	0	2	100.0000	
8722	汸	0	0	1	100.0000	
8723	梐	0	0	1	100.0000	
8724	暺	0	0	1	100.0000	
8725	墈	0	0	1	100.0000	
8726	慒	0	0	1	100.0000	
8727	浥	0	0	1	100.0000	
8728	畺	0	0	1	100.0000	
8729	瞹	0	0	1	100.0000	
8730	儋	0	0	1	100.0000	
8731	徦	0	0	1	100.0000	
8732	抐	0	0	1	100.0000	
8733	罬	0	0	1	100.0000	
8734	銡	0	0	1	100.0000	
8735	夀	0	0	1	100.0000	
8736	魃	0	0	1	100.0000	
8737	躭	0	0	1	100.0000	
8738	擕	0	0	1	100.0000	
8739	鹢	0	0	1	100.0000	
8740	诂	0	0	4	100.0000	
8741	尅	0	0	1	100.0000	
8742	睩	0	0	1	100.0000	
8743	専	0	0	1	100.0000	
8744	脿	0	0	1	100.0000	
8745	扃	0	0	1	100.0000	
8746	瞐	0	0	1	100.0000	
8747	鏊	0	0	1	100.0000	
8748	峁	0	0	1	100.0000	
8749	楫	0	0	3	100.0000	
8750	痃	0	0	1	100.0000	
8751	儍	0	0	1	100.0000	
8752	塉	0	0	1	100.0000	
8753	雃	0	0	1	100.0000	
8754	禝	0	0	1	100.0000	
8755	螴	0	0	1	100.0000	
8756	灺	0	0	1	100.0000	
8757	揎	0	0	1	100.0000	
8758	箜	0	0	1	100.0000	
8759	篌	0	0	2	100.0000	
8760	齺	0	0	1	100.0000	
8761	坉	0	0	1	100.0000	
8762	矺	0	0	1	100.0000	
8763	撗	0	0	1	100.0000	
8764	颢	0	0	1	100.0000	
8765	瓺	0	0	1	100.0000	
8766	樨	0	0	1	100.0000	
8767	蓕	0	0	1	100.0000	
8768	揳	0	0	1	100.0000	
8769	谽	0	0	1	100.0000	
8770	櫩	0	0	1	100.0000	
8771	樄	0	0	1	100.0000	
8772	纎	0	0	1	100.0000	
8773	怱	0	0	1	100.0000	
8774	晁	0	0	1	100.0000	
8775	慅	0	0	1	100.0000	
8776	堣	0	0	1	100.0000	
8777	悮	0	0	1	100.0000	
8778	寜	0	0	1	100.0000	
8779	咰	0	0	1	100.0000	
8780	刬	0	0	1	100.0000	
8781	惵	0	0	1	100.0000	
8782	唒	0	0	1	100.0000	
8783	圹	0	0	1	100.0000	
8784	粢	0	0	1	100.0000	
8785	繲	0	0	1	100.0000	
8786	鴢	0	0	1	100.0000	
8787	獚	0	0	1	100.0000	
8788	扡	0	0	1	100.0000	
8789	宨	0	0	1	100.0000	
8790	峸	0	0	1	100.0000	
8791	敉	0	0	1	100.0000	
8792	赙	0	0	1	100.0000	
8793	赑	0	0	1	100.0000	
8794	聟	0	0	1	100.0000	
8795	蕚	0	0	1	100.0000	
8796	菘	0	0	1	100.0000	
8797	辧	0	0	1	100.0000	
8798	殗	0	0	1	100.0000	
8799	劭	0	0	2	100.0000	
8800	煸	0	0	1	100.0000	
8801	懆	0	0	1	100.0000	
8802	縙	0	0	1	100.0000	
8803	跾	0	0	1	100.0000	
8804	剚	0	0	1	100.0000	
8805	昑	0	0	1	100.0000	
8806	罊	0	0	1	100.0000	
8807	膄	0	0	1	100.0000	
8808	牍	0	0	3	100.0000	
8809	勲	0	0	1	100.0000	
8810	耺	0	0	1	100.0000	
8811	賌	0	0	1	100.0000	
8812	嬢	0	0	1	100.0000	
8813	骺	0	0	1	100.0000	
8814	疈	0	0	1	100.0000	
8815	籶	0	0	1	100.0000	
8816	腠	0	0	1	100.0000	
8817	吚	0	0	1	100.0000	
8818	钌	0	0	1	100.0000	
8819	媟	0	0	1	100.0000	
8820	汍	0	0	1	100.0000	
8821	滘	0	0	1	100.0000	
8822	掦	0	0	1	100.0000	
8823	笽	0	0	1	100.0000	
8824	皴	0	0	2	100.0000	
8825	袐	0	0	1	100.0000	
8826	郐	0	0	1	100.0000	
8827	渇	0	0	1	100.0000	
8828	亁	0	0	1	100.0000	
8829	夌	0	0	1	100.0000	
8830	漟	0	0	1	100.0000	
8831	餥	0	0	1	100.0000	
8832	跞	0	0	1	100.0000	
8833	剡	0	0	1	100.0000	
8834	萜	0	0	4	100.0000	
8835	疬	0	0	1	100.0000	
8836	蒥	0	0	1	100.0000	
8837	哓	0	0	2	100.0000	
8838	潴	0	0	1	100.0000	
8839	蓥	0	0	2	100.0000	
8840	鲅	0	0	1	100.0000	
8841	陼	0	0	1	100.0000	
8842	袟	0	0	1	100.0000	
8843	芗	0	0	1	100.0000	
8844	潄	0	0	1	100.0000	
8845	鹇	0	0	1	100.0000	
8846	絿	0	0	1	100.0000	
8847	飏	0	0	1	100.0000	
8848	鲴	0	0	1	100.0000	
8849	暽	0	0	1	100.0000	
8850	暥	0	0	1	100.0000	
8851	纴	0	0	1	100.0000	
8852	蟧	0	0	1	100.0000	
8853	洳	0	0	1	100.0000	
8854	钺	0	0	5	100.0000	
8855	顼	0	0	1	100.0000	
8856	橪	0	0	1	100.0000	
8857	擳	0	0	1	100.0000	
8858	颀	0	0	2	100.0000	
8859	麺	0	0	1	100.0000	
8860	裵	0	0	1	100.0000	
8861	蔹	0	0	1	100.0000	
8862	笉	0	0	1	100.0000	
8863	硞	0	0	1	100.0000	
8864	兤	0	0	1	100.0000	
8865	泗	0	0	3	100.0000	
8866	麈	0	0	1	100.0000	
8867	牖	0	0	1	100.0000	
8868	戢	0	0	1	100.0000	
8869	拑	0	0	1	100.0000	
8870	礏	0	0	1	100.0000	
8871	翉	0	0	1	100.0000	
8872	秛	0	0	1	100.0000	
8873	禵	0	0	1	100.0000	
8874	僠	0	0	1	100.0000	
8875	佉	0	0	1	100.0000	
8876	喾	0	0	1	100.0000	
8877	仭	0	0	1	100.0000	
8878	伵	0	0	1	100.0000	
8879	伨	0	0	1	100.0000	
8880	岫	0	0	1	100.0000	
8881	蓠	0	0	2	100.0000	
8882	鑗	0	0	1	100.0000	
8883	黇	0	0	1	100.0000	
8884	蠽	0	0	1	100.0000	
8885	捿	0	0	1	100.0000	
8886	鏫	0	0	1	100.0000	
8887	黓	0	0	1	100.0000	
8888	莄	0	0	1	100.0000	
8889	稪	0	0	1	100.0000	
8890	掔	0	0	1	100.0000	
8891	铚	0	0	1	100.0000	
8892	荩	0	0	1	100.0000	
8893	焄	0	0	1	100.0000	
8894	梣	0	0	1	100.0000	
8895	鬏	0	0	1	100.0000	
8896	芀	0	0	1	100.0000	
8897	豜	0	0	1	100.0000	
8898	痋	0	0	1	100.0000	
8899	觳	0	0	1	100.0000	
8900	嶕	0	0	1	100.0000	
8901	噍	0	0	1	100.0000	
8902	柁	0	0	1	100.0000	
8903	奷	0	0	1	100.0000	
8904	廍	0	0	1	100.0000	
8905	曋	0	0	1	100.0000	
8906	骞	0	0	3	100.0000	
8907	熝	0	0	1	100.0000	
8908	囿	0	0	1	100.0000	
8909	鈶	0	0	1	100.0000	
8910	敪	0	0	1	100.0000	
8911	懠	0	0	1	100.0000	
8912	僖	0	0	1	100.0000	
8913	竃	0	0	1	100.0000	
8914	豽	0	0	1	100.0000	
8915	滮	0	0	1	100.0000	
8916	橐	0	0	1	100.0000	
8917	膎	0	0	1	100.0000	
8918	鰙	0	0	1	100.0000	
8919	萚	0	0	1	100.0000	
8920	禖	0	0	1	100.0000	
8921	欋	0	0	1	100.0000	
8922	屚	0	0	1	100.0000	
8923	肰	0	0	1	100.0000	
8924	璮	0	0	1	100.0000	
8925	柽	0	0	1	100.0000	
8926	纻	0	0	1	100.0000	
8927	菎	0	0	1	100.0000	
8928	郩	0	0	1	100.0000	
8929	匎	0	0	1	100.0000	
8930	貣	0	0	1	100.0000	
8931	怗	0	0	1	100.0000	
8932	橠	0	0	1	100.0000	
8933	蓾	0	0	1	100.0000	
8934	躐	0	0	1	100.0000	
8935	睄	0	0	1	100.0000	
8936	睘	0	0	1	100.0000	
8937	縂	0	0	1	100.0000	
8938	潋	0	0	1	100.0000	
8939	畨	0	0	1	100.0000	
8940	匦	0	0	1	100.0000	
8941	筜	0	0	1	100.0000	
8942	铑	0	0	1	100.0000	
8943	貃	0	0	1	100.0000	
8944	篞	0	0	1	100.0000	
8945	婇	0	0	1	100.0000	
8946	犳	0	0	1	100.0000	
8947	労	0	0	1	100.0000	
8948	矻	0	0	1	100.0000	
8949	腬	0	0	1	100.0000	
8950	峱	0	0	1	100.0000	
8951	舙	0	0	1	100.0000	
8952	樆	0	0	1	100.0000	
8953	褞	0	0	1	100.0000	
8954	瓴	0	0	1	100.0000	
8955	逓	0	0	1	100.0000	
8956	墁	0	0	1	100.0000	
8957	胋	0	0	1	100.0000	
8958	脞	0	0	1	100.0000	
8959	褙	0	0	1	100.0000	
8960	伓	0	0	1	100.0000	
8961	蓃	0	0	1	100.0000	
8962	綩	0	0	1	100.0000	
8963	桫	0	0	1	100.0000	
8964	祻	0	0	1	100.0000	
8965	迼	0	0	1	100.0000	
8966	盩	0	0	1	100.0000	
8967	嘡	0	0	1	100.0000	
8968	袑	0	0	1	100.0000	
8969	怋	0	0	1	100.0000	
8970	箃	0	0	1	100.0000	
8971	蟏	0	0	1	100.0000	
8972	柛	0	0	1	100.0000	
8973	蜮	0	0	1	100.0000	
8974	鬐	0	0	1	100.0000	
8975	旲	0	0	1	100.0000	
8976	茪	0	0	1	100.0000	
8977	眴	0	0	1	100.0000	
8978	濏	0	0	1	100.0000	
8979	昺	0	0	1	100.0000	
8980	牬	0	0	1	100.0000	
8981	婰	0	0	1	100.0000	
8982	涬	0	0	1	100.0000	
8983	莏	0	0	1	100.0000	
8984	墼	0	0	1	100.0000	
8985	逯	0	0	2	100.0000	
8986	鼙	0	0	1	100.0000	
8987	翾	0	0	3	100.0000	
8988	皾	0	0	1	100.0000	
8989	瘥	0	0	1	100.0000	
8990	緛	0	0	1	100.0000	
8991	瘵	0	0	1	100.0000	
8992	㴋	0	0	1	100.0000	
8993	吜	0	0	1	100.0000	
8994	梊	0	0	1	100.0000	
8995	偱	0	0	1	100.0000	
8996	恟	0	0	1	100.0000	
8997	锓	0	0	1	100.0000	
8998	縃	0	0	1	100.0000	
8999	鷏	0	0	1	100.0000	
9000	縄	0	0	1	100.0000	
9001	揟	0	0	1	100.0000	
9002	鬽	0	0	1	100.0000	
9003	閖	0	0	1	100.0000	
9004	摥	0	0	1	100.0000	
9005	粫	0	0	1	100.0000	
9006	兞	0	0	1	100.0000	
9007	笎	0	0	1	100.0000	
9008	螹	0	0	1	100.0000	
9009	絻	0	0	1	100.0000	
9010	鑚	0	0	1	100.0000	
9011	肜	0	0	1	100.0000	
9012	跘	0	0	1	100.0000	
9013	磢	0	0	1	100.0000	
9014	龤	0	0	1	100.0000	
9015	袷	0	0	1	100.0000	
9016	螀	0	0	1	100.0000	
9017	孈	0	0	1	100.0000	
9018	瓼	0	0	1	100.0000	
9019	眜	0	0	1	100.0000	
9020	殱	0	0	1	100.0000	
9021	絽	0	0	1	100.0000	
9022	帎	0	0	1	100.0000	
9023	狷	0	0	1	100.0000	
9024	吿	0	0	1	100.0000	
9025	嶵	0	0	1	100.0000	
9026	湳	0	0	1	100.0000	
9027	攐	0	0	1	100.0000	
9028	戋	0	0	1	100.0000	
9029	蔕	0	0	1	100.0000	
9030	咹	0	0	1	100.0000	
9031	鹁	0	0	1	100.0000	
9032	竏	0	0	1	100.0000	
9033	岏	0	0	1	100.0000	
9034	紥	0	0	1	100.0000	
9035	亻	0	0	1	100.0000	
9036	楯	0	0	1	100.0000	
9037	暾	0	0	1	100.0000	
9038	膦	0	0	1	100.0000	
9039	検	0	0	1	100.0000	
9040	樾	0	0	1	100.0000	
9041	蒈	0	0	1	100.0000	
9042	哬	0	0	1	100.0000	
9043	埛	0	0	1	100.0000	
9044	艵	0	0	1	100.0000	
9045	漹	0	0	1	100.0000	
9046	漷	0	0	1	100.0000	
9047	韟	0	0	1	100.0000	
9048	靌	0	0	1	100.0000	
9049	鷇	0	0	1	100.0000	
9050	趐	0	0	1	100.0000	
9051	靘	0	0	1	100.0000	
9052	蒏	0	0	1	100.0000	
9053	歶	0	0	1	100.0000	
9054	鞚	0	0	1	100.0000	
9055	韕	0	0	1	100.0000	
9056	鞖	0	0	1	100.0000	
9057	鸀	0	0	1	100.0000	
9058	鑜	0	0	1	100.0000	
9059	瀞	0	0	1	100.0000	
9060	舋	0	0	1	100.0000	
9061	諀	0	0	1	100.0000	
9062	醸	0	0	1	100.0000	
9063	莬	0	0	1	100.0000	
9064	嵵	0	0	1	100.0000	
9065	堟	0	0	1	100.0000	
9066	凮	0	0	1	100.0000	
9067	婒	0	0	1	100.0000	
9068	匑	0	0	1	100.0000	
9069	圅	0	0	1	100.0000	
9070	叇	0	0	1	100.0000	
9071	囨	0	0	1	100.0000	
9072	儹	0	0	1	100.0000	
9073	僫	0	0	1	100.0000	
9074	刴	0	0	1	100.0000	
9075	圙	0	0	1	100.0000	
9076	嗋	0	0	1	100.0000	
9077	嚰	0	0	1	100.0000	
9078	屭	0	0	1	100.0000	
9079	勔	0	0	1	100.0000	
9080	勼	0	0	1	100.0000	
9081	剓	0	0	1	100.0000	
9082	塦	0	0	1	100.0000	
9083	冡	0	0	1	100.0000	
9084	俻	0	0	1	100.0000	
9085	冹	0	0	1	100.0000	
9086	揅	0	0	1	100.0000	
9087	儰	0	0	1	100.0000	
9088	嬁	0	0	1	100.0000	
9089	昍	0	0	1	100.0000	
9090	喸	0	0	1	100.0000	
9091	壧	0	0	1	100.0000	
9092	姱	0	0	1	100.0000	
9093	坬	0	0	1	100.0000	
9094	嘊	0	0	1	100.0000	
9095	嘙	0	0	1	100.0000	
9096	勄	0	0	1	100.0000	
9097	兎	0	0	1	100.0000	
9098	僆	0	0	1	100.0000	
9099	匔	0	0	1	100.0000	
9100	圗	0	0	1	100.0000	
9101	妌	0	0	1	100.0000	
9102	嫷	0	0	1	100.0000	
9103	圎	0	0	1	100.0000	
9104	媥	0	0	1	100.0000	
9105	勪	0	0	1	100.0000	
9106	勬	0	0	1	100.0000	
9107	匰	0	0	1	100.0000	
9108	圸	0	0	1	100.0000	
9109	劜	0	0	1	100.0000	
9110	奟	0	0	1	100.0000	
9111	僸	0	0	1	100.0000	
9112	坹	0	0	1	100.0000	
9113	勨	0	0	1	100.0000	
9114	勏	0	0	1	100.0000	
9115	寃	0	0	1	100.0000	
9116	唥	0	0	1	100.0000	
9117	匛	0	0	1	100.0000	
9118	宻	0	0	1	100.0000	
9119	噋	0	0	1	100.0000	
9120	塷	0	0	1	100.0000	
9121	嚩	0	0	1	100.0000	
9122	叝	0	0	1	100.0000	
9123	坕	0	0	1	100.0000	
9124	鑓	0	0	1	100.0000	
9125	璻	0	0	1	100.0000	
9126	鳺	0	0	1	100.0000	
9127	矂	0	0	1	100.0000	
9128	哵	0	0	1	100.0000	
9129	梾	0	0	1	100.0000	
9130	蹾	0	0	1	100.0000	
9131	欬	0	0	1	100.0000	
9132	砙	0	0	1	100.0000	
9133	膲	0	0	1	100.0000	
9134	昦	0	0	1	100.0000	
9135	垞	0	0	1	100.0000	
9136	鄝	0	0	1	100.0000	
9137	輐	0	0	1	100.0000	
9138	鄚	0	0	1	100.0000	
9139	鋚	0	0	1	100.0000	
9140	膇	0	0	1	100.0000	
9141	鋘	0	0	1	100.0000	
9142	铘	0	0	1	100.0000	
9143	鋕	0	0	1	100.0000	
9144	蚍	0	0	1	100.0000	
9145	甇	0	0	1	100.0000	
9146	楡	0	0	1	100.0000	
9147	喿	0	0	1	100.0000	
9148	屘	0	0	1	100.0000	
9149	螵	0	0	1	100.0000	
9150	捊	0	0	1	100.0000	
9151	郠	0	0	1	100.0000	
9152	抌	0	0	1	100.0000	
9153	媊	0	0	1	100.0000	
9154	荈	0	0	1	100.0000	
9155	郕	0	0	1	100.0000	
9156	窴	0	0	1	100.0000	
9157	腒	0	0	1	100.0000	
9158	緽	0	0	1	100.0000	
9159	鑈	0	0	1	100.0000	
9160	邡	0	0	1	100.0000	
9161	譻	0	0	1	100.0000	
9162	粖	0	0	1	100.0000	
9163	県	0	0	1	100.0000	
9164	歴	0	0	1	100.0000	
9165	猱	0	0	1	100.0000	
9166	褚	0	0	1	100.0000	
9167	唗	0	0	1	100.0000	
9168	擿	0	0	1	100.0000	
9169	抮	0	0	1	100.0000	
9170	挻	0	0	1	100.0000	
9171	滱	0	0	1	100.0000	
9172	緆	0	0	1	100.0000	
9173	裻	0	0	1	100.0000	
9174	彍	0	0	1	100.0000	
9175	庳	0	0	1	100.0000	
9176	撖	0	0	1	100.0000	
9177	幯	0	0	1	100.0000	
9178	腘	0	0	1	100.0000	
9179	箁	0	0	1	100.0000	
9180	欵	0	0	1	100.0000	
9181	顑	0	0	1	100.0000	
9182	㱮	0	0	1	100.0000	
9183	馑	0	0	2	100.0000	
9184	酃	0	0	1	100.0000	
9185	髲	0	0	1	100.0000	
9186	魒	0	0	1	100.0000	
9187	蹅	0	0	1	100.0000	
9188	哤	0	0	1	100.0000	
9189	鴙	0	0	1	100.0000	
9190	崨	0	0	1	100.0000	
9191	塈	0	0	1	100.0000	
9192	祪	0	0	1	100.0000	
9193	硰	0	0	1	100.0000	
9194	虮	0	0	1	100.0000	
9195	刐	0	0	1	100.0000	
9196	桮	0	0	1	100.0000	
9197	渑	0	0	2	100.0000	
9198	尙	0	0	1	100.0000	
9199	玕	0	0	2	100.0000	
9200	鸰	0	0	1	100.0000	
9201	宄	0	0	1	100.0000	
9202	蕦	0	0	1	100.0000	
9203	勖	0	0	1	100.0000	
9204	霁	0	0	2	100.0000	
9205	葽	0	0	1	100.0000	
9206	潵	0	0	1	100.0000	
9207	鲥	0	0	1	100.0000	
9208	曣	0	0	1	100.0000	
9209	醾	0	0	1	100.0000	
9210	峒	0	0	1	100.0000	
9211	揑	0	0	1	100.0000	
9212	羿	0	0	1	100.0000	
9213	韡	0	0	1	100.0000	
9214	鳙	0	0	1	100.0000	
9215	蘽	0	0	1	100.0000	
9216	嚁	0	0	1	100.0000	
9217	嫈	0	0	1	100.0000	
9218	詨	0	0	1	100.0000	
9219	昲	0	0	1	100.0000	
9220	曀	0	0	1	100.0000	
9221	萭	0	0	1	100.0000	
9222	崌	0	0	1	100.0000	
9223	絇	0	0	1	100.0000	
9224	婩	0	0	1	100.0000	
9225	岓	0	0	1	100.0000	
9226	榱	0	0	1	100.0000	
9227	賥	0	0	1	100.0000	
9228	岋	0	0	1	100.0000	
9229	苧	0	0	1	100.0000	
9230	堄	0	0	1	100.0000	
9231	蘒	0	0	1	100.0000	
9232	歘	0	0	1	100.0000	
9233	莸	0	0	1	100.0000	
9234	耧	0	0	1	100.0000	
9235	侜	0	0	1	100.0000	
9236	埱	0	0	1	100.0000	
9237	晡	0	0	1	100.0000	
9238	褕	0	0	1	100.0000	
9239	砡	0	0	1	100.0000	
9240	狊	0	0	1	100.0000	
9241	馎	0	0	1	100.0000	
9242	鞳	0	0	1	100.0000	
9243	锸	0	0	1	100.0000	
9244	碀	0	0	1	100.0000	
9245	挓	0	0	1	100.0000	
9246	襢	0	0	1	100.0000	
9247	挀	0	0	1	100.0000	
9248	枌	0	0	1	100.0000	
9249	蝛	0	0	1	100.0000	
9250	偬	0	0	1	100.0000	
9251	媌	0	0	1	100.0000	
9252	翏	0	0	1	100.0000	
9253	瘐	0	0	1	100.0000	
9254	掑	0	0	1	100.0000	
9255	邽	0	0	1	100.0000	
9256	錔	0	0	1	100.0000	
9257	寱	0	0	1	100.0000	
9258	胙	0	0	1	100.0000	
9259	隈	0	0	1	100.0000	
9260	嚢	0	0	1	100.0000	
9261	簓	0	0	1	100.0000	
9262	藦	0	0	1	100.0000	
9263	挏	0	0	1	100.0000	
9264	蚨	0	0	1	100.0000	
9265	漇	0	0	1	100.0000	
9266	湝	0	0	1	100.0000	
9267	扚	0	0	1	100.0000	
9268	窉	0	0	1	100.0000	
9269	荓	0	0	1	100.0000	
9270	梫	0	0	1	100.0000	
9271	歓	0	0	1	100.0000	
9272	楪	0	0	1	100.0000	
9273	曛	0	0	1	100.0000	
9274	耠	0	0	1	100.0000	
9275	穧	0	0	1	100.0000	
9276	鴱	0	0	1	100.0000	
9277	榍	0	0	1	100.0000	
9278	蟐	0	0	1	100.0000	
9279	脘	0	0	1	100.0000	
9280	嶯	0	0	1	100.0000	
9281	淟	0	0	1	100.0000	
9282	菋	0	0	1	100.0000	
9283	眧	0	0	1	100.0000	
9284	鹆	0	0	1	100.0000	
9285	淄	0	0	1	100.0000	
9286	氶	0	0	1	100.0000	
9287	臞	0	0	1	100.0000	
9288	煓	0	0	1	100.0000	
9289	稡	0	0	1	100.0000	
9290	籝	0	0	1	100.0000	
9291	蘅	0	0	1	100.0000	
9292	捼	0	0	1	100.0000	
9293	蜭	0	0	1	100.0000	
9294	腄	0	0	1	100.0000	
9295	捃	0	0	1	100.0000	
9296	唹	0	0	1	100.0000	
9297	萻	0	0	1	100.0000	
9298	彴	0	0	1	100.0000	
9299	鼘	0	0	1	100.0000	
9300	煃	0	0	1	100.0000	
9301	倬	0	0	1	100.0000	
9302	趶	0	0	1	100.0000	
9303	枘	0	0	1	100.0000	
9304	堺	0	0	1	100.0000	
9305	帩	0	0	1	100.0000	
9306	亊	0	0	1	100.0000	
9307	鲪	0	0	1	100.0000	
9308	抈	0	0	1	100.0000	
9309	簖	0	0	1	100.0000	
9310	偒	0	0	1	100.0000	
9311	黵	0	0	1	100.0000	
9312	潻	0	0	1	100.0000	
9313	冿	0	0	1	100.0000	
9314	畈	0	0	1	100.0000	
9315	陊	0	0	1	100.0000	
9316	邥	0	0	1	100.0000	
9317	豳	0	0	1	100.0000	
9318	巟	0	0	1	100.0000	
9319	秺	0	0	1	100.0000	
9320	姵	0	0	1	100.0000	
9321	隄	0	0	1	100.0000	
9322	侲	0	0	1	100.0000	
9323	娵	0	0	1	100.0000	
9324	摲	0	0	1	100.0000	
9325	鯯	0	0	1	100.0000	
9326	嚾	0	0	1	100.0000	
9327	哛	0	0	1	100.0000	
9328	喢	0	0	1	100.0000	
9329	畎	0	0	1	100.0000	
9330	畣	0	0	1	100.0000	
9331	啿	0	0	1	100.0000	
9332	亸	0	0	1	100.0000	
9333	唝	0	0	1	100.0000	
9334	喴	0	0	1	100.0000	
9335	嫄	0	0	1	100.0000	
9336	睎	0	0	1	100.0000	
9337	绡	0	0	1	100.0000	
9338	峤	0	0	1	100.0000	
9339	醅	0	0	1	100.0000	
9340	鞓	0	0	1	100.0000	
9341	璁	0	0	1	100.0000	
9342	酡	0	0	1	100.0000	
9343	剸	0	0	1	100.0000	
9344	橝	0	0	1	100.0000	
9345	牳	0	0	1	100.0000	
9346	聡	0	0	1	100.0000	
9347	鳘	0	0	1	100.0000	
9348	楤	0	0	1	100.0000	
9349	䴙	0	0	1	100.0000	
9350	䴘	0	0	1	100.0000	
9351	塍	0	0	1	100.0000	
9352	䴕	0	0	1	100.0000	
9353	汱	0	0	1	100.0000	
9354	劬	0	0	1	100.0000	
9355	潀	0	0	1	100.0000	
9356	朢	0	0	1	100.0000	
9357	檩	0	0	1	100.0000	
9358	闿	0	0	1	100.0000	
9359	澂	0	0	1	100.0000	
9360	琮	0	0	1	100.0000	
9361	滉	0	0	1	100.0000	
9362	愀	0	0	1	100.0000	
9363	畲	0	0	3	100.0000	
9364	伡	0	0	1	100.0000	
9365	薋	0	0	1	100.0000	
9366	錣	0	0	1	100.0000	
9367	眍	0	0	1	100.0000	
9368	躶	0	0	1	100.0000	
9369	嫛	0	0	1	100.0000	
9370	渉	0	0	1	100.0000	
9371	燘	0	0	1	100.0000	
9372	庌	0	0	1	100.0000	
9373	蚴	0	0	1	100.0000	
9374	蚙	0	0	1	100.0000	
9375	㩦	0	0	1	100.0000	
9376	漳	0	0	1	100.0000	
9377	隗	0	0	2	100.0000	
9378	灬	0	0	1	100.0000	
9379	莙	0	0	1	100.0000	
9380	揆	0	0	1	100.0000	
9381	驣	0	0	1	100.0000	
9382	膂	0	0	1	100.0000	
9383	螑	0	0	1	100.0000	
9384	螐	0	0	1	100.0000	
9385	苸	0	0	1	100.0000	
9386	筦	0	0	1	100.0000	
9387	脬	0	0	1	100.0000	
9388	翯	0	0	1	100.0000	
9389	豲	0	0	1	100.0000	
9390	铪	0	0	1	100.0000	
9391	蹜	0	0	1	100.0000	
9392	焾	0	0	1	100.0000	
9393	琫	0	0	1	100.0000	
9394	芐	0	0	1	100.0000	
9395	皍	0	0	1	100.0000	
9396	椘	0	0	1	100.0000	
9397	馿	0	0	1	100.0000	
9398	錧	0	0	1	100.0000	
9399	鎏	0	0	1	100.0000	
9400	睻	0	0	1	100.0000	
9401	蜛	0	0	1	100.0000	
9402	岙	0	0	1	100.0000	
9403	癛	0	0	1	100.0000	
9404	邶	0	0	1	100.0000	
9405	庬	0	0	1	100.0000	
9406	嫐	0	0	1	100.0000	
9407	膤	0	0	1	100.0000	
9408	搿	0	0	1	100.0000	
9409	赕	0	0	1	100.0000	
9410	罭	0	0	1	100.0000	
9411	疕	0	0	1	100.0000	
9412	眂	0	0	1	100.0000	
9413	篐	0	0	1	100.0000	
9414	曽	0	0	1	100.0000	
9415	怲	0	0	1	100.0000	
9416	艿	0	0	1	100.0000	
9417	雐	0	0	1	100.0000	
9418	梡	0	0	1	100.0000	
9419	慝	0	0	1	100.0000	
9420	羓	0	0	1	100.0000	
9421	揻	0	0	1	100.0000	
9422	揜	0	0	1	100.0000	
9423	猣	0	0	1	100.0000	
9424	糿	0	0	1	100.0000	
9425	辳	0	0	1	100.0000	
9426	羠	0	0	1	100.0000	
9427	凗	0	0	1	100.0000	
9428	嘒	0	0	1	100.0000	
9429	㗼	0	0	1	100.0000	
9430	顸	0	0	1	100.0000	
9431	桝	0	0	1	100.0000	
9432	墡	0	0	1	100.0000	
9433	礑	0	0	1	100.0000	
9434	爮	0	0	1	100.0000	
9435	鮧	0	0	1	100.0000	
9436	胹	0	0	1	100.0000	
9437	眆	0	0	1	100.0000	
9438	耝	0	0	1	100.0000	
9439	笏	0	0	1	100.0000	
9440	緎	0	0	1	100.0000	
9441	秓	0	0	1	100.0000	
9442	肧	0	0	1	100.0000	
9443	癅	0	0	1	100.0000	
9444	鬰	0	0	1	100.0000	
9445	裋	0	0	1	100.0000	
9446	礧	0	0	1	100.0000	
9447	舎	0	0	1	100.0000	
9448	縪	0	0	1	100.0000	
9449	斲	0	0	1	100.0000	
9450	鈭	0	0	1	100.0000	
9451	濇	0	0	1	100.0000	
9452	霙	0	0	4	100.0000	
9453	龋	0	0	1	100.0000	
9454	沶	0	0	1	100.0000	
9455	羍	0	0	1	100.0000	
9456	涔	0	0	1	100.0000	
9457	颉	0	0	1	100.0000	
9458	帠	0	0	1	100.0000	
9459	倮	0	0	1	100.0000	
9460	肫	0	0	1	100.0000	
9461	秮	0	0	1	100.0000	
9462	咢	0	0	1	100.0000	
9463	伻	0	0	1	100.0000	
9464	酠	0	0	1	100.0000	
9465	礰	0	0	1	100.0000	
9466	聑	0	0	1	100.0000	
9467	嶴	0	0	1	100.0000	
9468	藑	0	0	1	100.0000	
9469	絷	0	0	1	100.0000	
9470	糣	0	0	1	100.0000	
9471	芑	0	0	1	100.0000	
9472	稫	0	0	1	100.0000	
9473	踺	0	0	1	100.0000	
9474	莜	0	0	1	100.0000	
9475	腜	0	0	1	100.0000	
9476	婜	0	0	1	100.0000	
9477	籰	0	0	1	100.0000	
9478	篚	0	0	1	100.0000	
9479	翪	0	0	1	100.0000	
9480	鮨	0	0	1	100.0000	
9481	襦	0	0	1	100.0000	
9482	蒘	0	0	1	100.0000	
9483	筅	0	0	1	100.0000	
9484	犾	0	0	1	100.0000	
9485	勹	0	0	1	100.0000	
9486	佾	0	0	1	100.0000	
9487	栲	0	0	1	100.0000	
9488	仂	0	0	1	100.0000	
9489	癀	0	0	1	100.0000	
9490	奵	0	0	1	100.0000	
9491	戸	0	0	1	100.0000	
9492	匸	0	0	1	100.0000	
9493	肼	0	0	1	100.0000	
9494	枠	0	0	1	100.0000	
9495	赒	0	0	1	100.0000	
9496	糍	0	0	1	100.0000	
9497	蝷	0	0	1	100.0000	
9498	俽	0	0	1	100.0000	
9499	鴫	0	0	1	100.0000	
9500	鑝	0	0	1	100.0000	
9501	脇	0	0	1	100.0000	
9502	蹝	0	0	1	100.0000	
9503	摙	0	0	1	100.0000	
9504	吲	0	0	1	100.0000	
9505	躙	0	0	1	100.0000	
9506	氅	0	0	1	100.0000	
9507	碄	0	0	1	100.0000	
9508	皕	0	0	1	100.0000	
9509	丳	0	0	1	100.0000	
9510	蛘	0	0	1	100.0000	
9511	畯	0	0	1	100.0000	
9512	踃	0	0	1	100.0000	
9513	臝	0	0	1	100.0000	
9514	韽	0	0	1	100.0000	
9515	簄	0	0	1	100.0000	
9516	鉨	0	0	1	100.0000	
9517	鈙	0	0	1	100.0000	
9518	蝜	0	0	1	100.0000	
9519	鉪	0	0	1	100.0000	
9520	蝘	0	0	1	100.0000	
9521	恂	0	0	1	100.0000	
9522	秕	0	0	1	100.0000	
9523	铗	0	0	1	100.0000	
9524	巇	0	0	1	100.0000	
9525	憷	0	0	1	100.0000	
9526	沚	0	0	1	100.0000	
9527	鳿	0	0	1	100.0000	
9528	孥	0	0	1	100.0000	
9529	蕖	0	0	1	100.0000	
9530	墦	0	0	1	100.0000	
9531	湼	0	0	1	100.0000	
9532	忟	0	0	1	100.0000	
9533	醯	0	0	1	100.0000	
9534	蘕	0	0	1	100.0000	
9535	狆	0	0	1	100.0000	
